step	model	loss
0	m256	0.0117640420794487
1	m256	0.009992626495659351
2	m256	0.01273795310407877
3	m256	0.009805307723581791
4	m256	0.011787560768425465
5	m256	0.010207257233560085
6	m256	0.010412284173071384
7	m256	0.01030189823359251
8	m256	0.010286832228302956
9	m256	0.010813325643539429
10	m256	0.010216276161372662
11	m256	0.011102461256086826
12	m256	0.010906759649515152
13	m256	0.009600094519555569
14	m256	0.010656557977199554
15	m256	0.009354231879115105
16	m256	0.010104580782353878
17	m256	0.009592229500412941
18	m256	0.01025689858943224
19	m256	0.010509411804378033
20	m256	0.010262638330459595
21	m256	0.010274260304868221
22	m256	0.008516466245055199
23	m256	0.009120369330048561
24	m256	0.00976983830332756
25	m256	0.010653786361217499
26	m256	0.008057381957769394
27	m256	0.009200393222272396
28	m256	0.009297196753323078
29	m256	0.0090631153434515
30	m256	0.008205140940845013
31	m256	0.009664498269557953
32	m256	0.009162966161966324
33	m256	0.007803897839039564
34	m256	0.009264516644179821
35	m256	0.00869601871818304
36	m256	0.009136260487139225
37	m256	0.0074851722456514835
38	m256	0.007345570717006922
39	m256	0.009200376458466053
40	m256	0.007900471799075603
41	m256	0.007369102444499731
42	m256	0.0078085423447191715
43	m256	0.008639461360871792
44	m256	0.007700525689870119
45	m256	0.007505716290324926
46	m256	0.006667895708233118
47	m256	0.0074590942822396755
48	m256	0.006194178480654955
49	m256	0.007590280845761299
50	m256	0.00710488623008132
51	m256	0.006807621102780104
52	m256	0.006249165628105402
53	m256	0.007140766363590956
54	m256	0.006014195736497641
55	m256	0.00752015458419919
56	m256	0.005338210612535477
57	m256	0.006049254909157753
58	m256	0.005920086055994034
59	m256	0.005854809191077948
60	m256	0.0057871583849191666
61	m256	0.005721736699342728
62	m256	0.004729034379124641
63	m256	0.005931188818067312
64	m256	0.005232993513345718
65	m256	0.004670151975005865
66	m256	0.005725166294723749
67	m256	0.004628436639904976
68	m256	0.005055468995124102
69	m256	0.0046679433435201645
70	m256	0.0043305326253175735
71	m256	0.004651746246963739
72	m256	0.004785493481904268
73	m256	0.004121722653508186
74	m256	0.004452127497643232
75	m256	0.004461446311324835
76	m256	0.003728989278897643
77	m256	0.004043749067932367
78	m256	0.0038706946652382612
79	m256	0.0038774472195655107
80	m256	0.00404978496953845
81	m256	0.003705323673784733
82	m256	0.0031960206106305122
83	m256	0.0036739890929311514
84	m256	0.0034379169810563326
85	m256	0.004000545013695955
86	m256	0.0036904674489051104
87	m256	0.0032002858351916075
88	m256	0.0030481561552733183
89	m256	0.0031922112684696913
90	m256	0.0031421445310115814
91	m256	0.0030546176712960005
92	m256	0.0030067330226302147
93	m256	0.003083161311224103
94	m256	0.002742679789662361
95	m256	0.0030187852680683136
96	m256	0.002920857397839427
97	m256	0.0029392826836556196
98	m256	0.0025051238480955362
99	m256	0.0027417216915637255
100	m256	0.0028413778636604548
101	m256	0.0028413126710802317
102	m256	0.002492378233000636
103	m256	0.002648024819791317
104	m256	0.002774457447230816
105	m256	0.0024579286109656096
106	m256	0.002515139989554882
107	m256	0.0024031130596995354
108	m256	0.002643711632117629
109	m256	0.0028293710201978683
110	m256	0.0023056992795318365
111	m256	0.002431853674352169
112	m256	0.002216845517978072
113	m256	0.0025438836310058832
114	m256	0.0022570777218788862
115	m256	0.0023059267550706863
116	m256	0.0022760427091270685
117	m256	0.0022757418919354677
118	m256	0.0023799727205187082
119	m256	0.0022330356296151876
120	m256	0.002073901705443859
121	m256	0.0021292062010616064
122	m256	0.002412211149930954
123	m256	0.002008872339501977
124	m256	0.002240582602098584
125	m256	0.0022728266194462776
126	m256	0.0020223883911967278
127	m256	0.002075128722935915
128	m256	0.0021508310455828905
129	m256	0.0022291268687695265
130	m256	0.002113206544891
131	m256	0.0021017277613282204
132	m256	0.0019655318465083838
133	m256	0.0019260527333244681
134	m256	0.0021103895269334316
135	m256	0.002045475644990802
136	m256	0.001899370807223022
137	m256	0.0019378006691113114
138	m256	0.002122499281540513
139	m256	0.0019792988896369934
140	m256	0.0020098183304071426
141	m256	0.0021281566005200148
142	m256	0.0018298664363101125
143	m256	0.0019405633211135864
144	m256	0.0018700440414249897
145	m256	0.0019971381407231092
146	m256	0.0018415892263874412
147	m256	0.0020877690985798836
148	m256	0.001953441882506013
149	m256	0.0018949519144371152
150	m256	0.0018903951859101653
151	m256	0.0018714461475610733
152	m256	0.0020493650808930397
153	m256	0.0017235642299056053
154	m256	0.0017533907666802406
155	m256	0.0020000876393169165
156	m256	0.001804504543542862
157	m256	0.001719313790090382
158	m256	0.0019322257721796632
159	m256	0.0019157904898747802
160	m256	0.002057442907243967
161	m256	0.0017641568556427956
162	m256	0.0016579306684434414
163	m256	0.001865995698608458
164	m256	0.001886197249405086
165	m256	0.0017413944005966187
166	m256	0.0017714943969622254
167	m256	0.0017596744000911713
168	m256	0.0016744908643886447
169	m256	0.0016931347781792283
170	m256	0.0017168684862554073
171	m256	0.0019204681739211082
172	m256	0.0017215843545272946
173	m256	0.0017641097074374557
174	m256	0.0016897483728826046
175	m256	0.0017235521227121353
176	m256	0.0016473089344799519
177	m256	0.001833996269851923
178	m256	0.0018069468205794692
179	m256	0.0015663178637623787
180	m256	0.0016179565573111176
181	m256	0.0016759950667619705
182	m256	0.001738472026772797
183	m256	0.001701184082776308
184	m256	0.0017699903110042214
185	m256	0.0016069328412413597
186	m256	0.0015520710730925202
187	m256	0.001781741506420076
188	m256	0.0018192095449194312
189	m256	0.0016238195821642876
190	m256	0.0014584813034161925
191	m256	0.0016159539809450507
192	m256	0.0016435011057183146
193	m256	0.0016351673984900117
194	m256	0.0016076382016763091
195	m256	0.001689001452177763
196	m256	0.001649244804866612
197	m256	0.0017182053998112679
198	m256	0.0014174674870446324
199	m256	0.0016576861962676048
200	m256	0.0016039205947890878
201	m256	0.0014400390209630132
202	m256	0.0017282328335568309
203	m256	0.0013787721982225776
204	m256	0.001531927497126162
205	m256	0.0016632219776511192
206	m256	0.0017284672940149903
207	m256	0.001590370200574398
208	m256	0.0014987974427640438
209	m256	0.0015715803019702435
210	m256	0.0015740686794742942
211	m256	0.0015031941002234817
212	m256	0.0016516983741894364
213	m256	0.0015016529941931367
214	m256	0.0015238085761666298
215	m256	0.0015559950843453407
216	m256	0.0015292925527319312
217	m256	0.00145022664219141
218	m256	0.0015293005853891373
219	m256	0.0013991808518767357
220	m256	0.001365689910016954
221	m256	0.0016541151562705636
222	m256	0.0016357455169782043
223	m256	0.0014305985532701015
224	m256	0.001571180298924446
225	m256	0.0015010632341727614
226	m256	0.0014196126721799374
227	m256	0.001424910151399672
228	m256	0.001522224978543818
229	m256	0.0014981388812884688
230	m256	0.0013663452118635178
231	m256	0.0014957549283280969
232	m256	0.0015157577581703663
233	m256	0.0013751392252743244
234	m256	0.0015187207609415054
235	m256	0.0013479540357366204
236	m256	0.001426803763024509
237	m256	0.001470255316235125
238	m256	0.0015642335638403893
239	m256	0.001550505985505879
240	m256	0.001371566322632134
241	m256	0.0014294140273705125
242	m256	0.0015086947241798043
243	m256	0.0014157610712572932
244	m256	0.0013599497033283114
245	m256	0.0014660140732303262
246	m256	0.0014227302744984627
247	m256	0.0014362558722496033
248	m256	0.0013228192692622542
249	m256	0.0014223171165212989
250	m256	0.001391210942529142
251	m256	0.001432123128324747
252	m256	0.0014535975642502308
253	m256	0.001374957268126309
254	m256	0.0014493732014670968
255	m256	0.0013968279818072915
256	m256	0.001370357465930283
257	m256	0.001297161215916276
258	m256	0.0014378611231222749
259	m256	0.0012656630715355277
260	m256	0.0013907412067055702
261	m256	0.0014165453612804413
262	m256	0.0014028322184458375
263	m256	0.0012895086547359824
264	m256	0.001345984055660665
265	m256	0.0013513262383639812
266	m256	0.0013164427364245057
267	m256	0.0014578414848074317
268	m256	0.0013368269428610802
269	m256	0.0012871433282271028
270	m256	0.0013711523497477174
271	m256	0.0013975336914882064
272	m256	0.0014080513501539826
273	m256	0.0012744655832648277
274	m256	0.001309431972913444
275	m256	0.0013789329677820206
276	m256	0.0013407050864771008
277	m256	0.0012649963609874249
278	m256	0.001407336094416678
279	m256	0.001288662082515657
280	m256	0.001362785347737372
281	m256	0.0012129690730944276
282	m256	0.001380070112645626
283	m256	0.0014495685463771224
284	m256	0.0012328099692240357
285	m256	0.0014313770225271583
286	m256	0.0012572851264849305
287	m256	0.001281107310205698
288	m256	0.0013108160346746445
289	m256	0.0012611629208549857
290	m256	0.0013703576987609267
291	m256	0.001245689345523715
292	m256	0.0012952833203598857
293	m256	0.0012705265544354916
294	m256	0.0013855760917067528
295	m256	0.0013023270294070244
296	m256	0.0012377537786960602
297	m256	0.001250332803465426
298	m256	0.001272196532227099
299	m256	0.001197316567413509
300	m256	0.0013230688637122512
301	m256	0.0013440903276205063
302	m256	0.001322412514127791
303	m256	0.0011777599574998021
304	m256	0.0012284487020224333
305	m256	0.001227475586347282
306	m256	0.0013493015430867672
307	m256	0.0013152873143553734
308	m256	0.001178570557385683
309	m256	0.001042386400513351
310	m256	0.0014283312484622002
311	m256	0.0013154890621080995
312	m256	0.0012946214992552996
313	m256	0.0012299990048632026
314	m256	0.0011739186011254787
315	m256	0.001265232334844768
316	m256	0.0012436403194442391
317	m256	0.0011391296284273267
318	m256	0.0012743155239149928
319	m256	0.001257438794709742
320	m256	0.0011912421323359013
321	m256	0.0013142506359145045
322	m256	0.0012212712317705154
323	m256	0.001175592071376741
324	m256	0.0013036592863500118
325	m256	0.0011986647732555866
326	m256	0.0011630073422566056
327	m256	0.0012584085343405604
328	m256	0.001146278460510075
329	m256	0.001197467907331884
330	m256	0.0012726704590022564
331	m256	0.0012143626809120178
332	m256	0.0011965110898017883
333	m256	0.0012107390211895108
334	m256	0.0012517311843112111
335	m256	0.0012182550271973014
336	m256	0.001145159942097962
337	m256	0.00121216825209558
338	m256	0.001197401317767799
339	m256	0.0012357664527371526
340	m256	0.0013071201974526048
341	m256	0.0012022517621517181
342	m256	0.0011113028740510345
343	m256	0.0011201014276593924
344	m256	0.0010748730273917317
345	m256	0.00125423155259341
346	m256	0.0012390174670144916
347	m256	0.0011340294731780887
348	m256	0.001119745778851211
349	m256	0.0012110244715586305
350	m256	0.0012172734132036567
351	m256	0.0012836476089432836
352	m256	0.0011378529015928507
353	m256	0.0010683946311473846
354	m256	0.0012261271476745605
355	m256	0.001244608429260552
356	m256	0.0011518450919538736
357	m256	0.0013391310349106789
358	m256	0.001070511993020773
359	m256	0.0010929858544841409
360	m256	0.001176463789306581
361	m256	0.001150734955444932
362	m256	0.0011646334314718843
363	m256	0.0010334450053051114
364	m256	0.0012260446092113853
365	m256	0.0012477445416152477
366	m256	0.0010347221978008747
367	m256	0.001136132050305605
368	m256	0.0011677396250888705
369	m256	0.0011078171664848924
370	m256	0.001208141096867621
371	m256	0.0012222114019095898
372	m256	0.0011378744384273887
373	m256	0.001106004579924047
374	m256	0.0010926349787041545
375	m256	0.0012094111880287528
376	m256	0.001163950189948082
377	m256	0.0010925834067165852
378	m256	0.0010489736450836062
379	m256	0.001124053611420095
380	m256	0.00106891302857548
381	m256	0.0011147971963509917
382	m256	0.0011857094941660762
383	m256	0.0011807308765128255
384	m256	0.001115445513278246
385	m256	0.0010450939880684018
386	m256	0.0011677482398226857
387	m256	0.0011284869397059083
388	m256	0.0011117958929389715
389	m256	0.001008581486530602
390	m256	0.0012439129641279578
391	m256	0.001055680331774056
392	m256	0.0011698706075549126
393	m256	0.001070979400537908
394	m256	0.001026665442623198
395	m256	0.0011281658662483096
396	m256	0.0010424553183838725
397	m256	0.001206391490995884
398	m256	0.0010194069473072886
399	m256	0.0011003304971382022
400	m256	0.001161369844339788
401	m256	0.0010812641121447086
402	m256	0.0011476778890937567
403	m256	0.001038447953760624
404	m256	0.0011121975257992744
405	m256	0.0010679633123800159
406	m256	0.0010038861073553562
407	m256	0.0012105718487873673
408	m256	0.0009098800364881754
409	m256	0.0011615409748628736
410	m256	0.001083238166756928
411	m256	0.0010848866077139974
412	m256	0.001067505800165236
413	m256	0.00117704167496413
414	m256	0.0010564244585111737
415	m256	0.0011623110622167587
416	m256	0.0010996261844411492
417	m256	0.0010156392818316817
418	m256	0.001092401216737926
419	m256	0.0010143592953681946
420	m256	0.0010558608919382095
421	m256	0.0011600191937759519
422	m256	0.001109317527152598
423	m256	0.0009107264340855181
424	m256	0.0011128417681902647
425	m256	0.0010844003409147263
426	m256	0.0009635727037675679
427	m256	0.0010873012943193316
428	m256	0.0011084964498877525
429	m256	0.0010817233705893159
430	m256	0.0010458907345309854
431	m256	0.0010426458902657032
432	m256	0.0010377438738942146
433	m256	0.0010634544305503368
434	m256	0.0011155023239552975
435	m256	0.0010372708784416318
436	m256	0.0010346994968131185
437	m256	0.0009362188284285367
438	m256	0.0010556314373388886
439	m256	0.0009484392940066755
440	m256	0.00114246120210737
441	m256	0.0010165077401325107
442	m256	0.0009960053721442819
443	m256	0.0010736511321738362
444	m256	0.001007302664220333
445	m256	0.0010860194452106953
446	m256	0.0009371591731905937
447	m256	0.0009607468382455409
448	m256	0.0010895951418206096
449	m256	0.0009619295014999807
450	m256	0.0010298334527760744
451	m256	0.00118306465446949
452	m256	0.0009178683976642787
453	m256	0.0010564116528257728
454	m256	0.0009950387757271528
455	m256	0.0010175601346418262
456	m256	0.0009563632193021476
457	m256	0.0010254286462441087
458	m256	0.0010325054172426462
459	m256	0.0010186143917962909
460	m256	0.001007253653369844
461	m256	0.0010097454069182277
462	m256	0.0010732673108577728
463	m256	0.0009615368326194584
464	m256	0.000970147957559675
465	m256	0.0009614353184588253
466	m256	0.0010238586692139506
467	m256	0.0009877769043669105
468	m256	0.0010754234390333295
469	m256	0.0009730382007546723
470	m256	0.0009063840261660516
471	m256	0.0009229508577845991
472	m256	0.0011463104747235775
473	m256	0.0010273788357153535
474	m256	0.0009688124409876764
475	m256	0.0009966138750314713
476	m256	0.000997810740955174
477	m256	0.0010060385102406144
478	m256	0.0010807615472003818
479	m256	0.0009267586283385754
480	m256	0.0008751200512051582
481	m256	0.0009353240020573139
482	m256	0.0010533578461036086
483	m256	0.0010365957859903574
484	m256	0.0009748333250172436
485	m256	0.001066241879016161
486	m256	0.001014124252833426
487	m256	0.0009072995162568986
488	m256	0.0009591344860382378
489	m256	0.0009435637039132416
490	m256	0.0010024147341027856
491	m256	0.0010188459418714046
492	m256	0.0009556629229336977
493	m256	0.0009833854855969548
494	m256	0.0010204672580584884
495	m256	0.0008872274192981422
496	m256	0.0009928923100233078
497	m256	0.0009739340166561306
498	m256	0.0010278770932927728
499	m256	0.0009067906066775322
500	m256	0.0009101495961658657
501	m256	0.0009981184266507626
502	m256	0.0009919534204527736
503	m256	0.0009508859366178513
504	m256	0.0009711365564726293
505	m256	0.0008770942804403603
506	m256	0.0010380683233961463
507	m256	0.000844188965857029
508	m256	0.0009274286567233503
509	m256	0.0009659396600909531
510	m256	0.0009941289899870753
511	m256	0.0009473489481024444
512	m256	0.0009006303153000772
513	m256	0.0009231295553036034
514	m256	0.0009931587846949697
515	m256	0.0010195886716246605
516	m256	0.0009806281886994839
517	m256	0.0009500687010586262
518	m256	0.0010070865973830223
519	m256	0.0009683442185632885
520	m256	0.0009848525514826179
521	m256	0.0009480894077569246
522	m256	0.0009943683398887515
523	m256	0.0008778913761489093
524	m256	0.0009634923189878464
525	m256	0.0010732278460636735
526	m256	0.0008819966460578144
527	m256	0.0010254256194457412
528	m256	0.0009336387738585472
529	m256	0.0009878239361569285
530	m256	0.0008566440083086491
531	m256	0.0007566518615931273
532	m256	0.0010027718963101506
533	m256	0.0008620056905783713
534	m256	0.0010784374317154288
535	m256	0.0008944635628722608
536	m256	0.0009843582520261407
537	m256	0.0008424108964391053
538	m256	0.0009228947455994785
539	m256	0.000949927547480911
540	m256	0.0009804925648495555
541	m256	0.0008484367863275111
542	m256	0.0009185493108816445
543	m256	0.0009126206859946251
544	m256	0.000860215921420604
545	m256	0.000895906297955662
546	m256	0.0009868416236713529
547	m256	0.0009110712562687695
548	m256	0.0009191285353153944
549	m256	0.0008621816523373127
550	m256	0.0009159024921245873
551	m256	0.0008806464611552656
552	m256	0.0008435950730927289
553	m256	0.00091124715982005
554	m256	0.0010400108294561505
555	m256	0.0008075200603343546
556	m256	0.0010049211559817195
557	m256	0.0008367531117983162
558	m256	0.000978505820967257
559	m256	0.0008998354896903038
560	m256	0.0009348872117698193
561	m256	0.0008844748954288661
562	m256	0.0008910324540920556
563	m256	0.0009045566548593342
564	m256	0.0008845145930536091
565	m256	0.0008461407269351184
566	m256	0.0009321377729065716
567	m256	0.0008874249760992825
568	m256	0.000997943920083344
569	m256	0.0008952149073593318
570	m256	0.0008891815668903291
571	m256	0.0009613324073143303
572	m256	0.0008581811562180519
573	m256	0.0009204834350384772
574	m256	0.0008872293401509523
575	m256	0.0008882054244168103
576	m256	0.0008777535404078662
577	m256	0.0009840986458584666
578	m256	0.0008721064659766853
579	m256	0.0009494596160948277
580	m256	0.0008749582921154797
581	m256	0.0008464932325296104
582	m256	0.0008858796209096909
583	m256	0.0008230911917053163
584	m256	0.0010250468039885163
585	m256	0.0008182278834283352
586	m256	0.0008379503269679844
587	m256	0.0009270392474718392
588	m256	0.0009227677364833653
589	m256	0.0008099114638753235
590	m256	0.000820938206743449
591	m256	0.0009097042493522167
592	m256	0.0009246697300113738
593	m256	0.0009167382377199829
594	m256	0.0009063968318514526
595	m256	0.0008595722611062229
596	m256	0.0008481037802994251
597	m256	0.0008379768114537001
598	m256	0.0009090960957109928
599	m256	0.0008711465634405613
600	m256	0.0008987803012132645
601	m256	0.0007828992675058544
602	m256	0.0008632217650301754
603	m256	0.0008531866478733718
604	m256	0.0008879691013135016
605	m256	0.0008575923857279122
606	m256	0.0008242023177444935
607	m256	0.0009350315667688847
608	m256	0.0008926116861402988
609	m256	0.0007356330752372742
610	m256	0.0008839978254400194
611	m256	0.0008336232858709991
612	m256	0.0009314243798144162
613	m256	0.0008857770008035004
614	m256	0.0008557791006751359
615	m256	0.000787107739597559
616	m256	0.0008597716805525124
617	m256	0.0008864466217346489
618	m256	0.0008833024767227471
619	m256	0.0008684070780873299
620	m256	0.0008068874012678862
621	m256	0.0009023157763294876
622	m256	0.0008397584315389395
623	m256	0.0008715970325283706
624	m256	0.0008060986292548478
625	m256	0.0009457056876271963
626	m256	0.0008763846126385033
627	m256	0.0008693930576555431
628	m256	0.0007084503304213285
629	m256	0.0008381713996641338
630	m256	0.0008637438877485693
631	m256	0.0008245855569839478
632	m256	0.0008335576858371496
633	m256	0.0008778643677942455
634	m256	0.0009016913245432079
635	m256	0.0008011080208234489
636	m256	0.0008349809795618057
637	m256	0.0008571953512728214
638	m256	0.0008061605622060597
639	m256	0.0008114266092889011
640	m256	0.0009052244131453335
641	m256	0.0008176537230610847
642	m256	0.0008775446913205087
643	m256	0.0008259322494268417
644	m256	0.0007778825238347054
645	m256	0.000752714229747653
646	m256	0.0008435018244199455
647	m256	0.0009049582295119762
648	m256	0.0008572652004659176
649	m256	0.0008652557735331357
650	m256	0.0007903585210442543
651	m256	0.0008249881211668253
652	m256	0.0009030732326209545
653	m256	0.0008858863729983568
654	m256	0.0006930640083737671
655	m256	0.0008696953882463276
656	m256	0.000801193353254348
657	m256	0.0007186943548731506
658	m256	0.0008344014640897512
659	m256	0.0009592813439667225
660	m256	0.0008514684741385281
661	m256	0.0007384939235635102
662	m256	0.0008539908449165523
663	m256	0.0008333172299899161
664	m256	0.0008882684633135796
665	m256	0.0008344085072167218
666	m256	0.00087725993944332
667	m256	0.0007274369709193707
668	m256	0.0008355380850844085
669	m256	0.0008147076587192714
670	m256	0.000893261341843754
671	m256	0.0007373861153610051
672	m256	0.00088967737974599
673	m256	0.0008126329630613327
674	m256	0.0008766446262598038
675	m256	0.000749789469409734
676	m256	0.0008296419400721788
677	m256	0.0008932164055295289
678	m256	0.0006865877076052129
679	m256	0.0009079420124180615
680	m256	0.0007153431070037186
681	m256	0.000860752013977617
682	m256	0.0008295054431073368
683	m256	0.0008496660739183426
684	m256	0.0008682578918524086
685	m256	0.0007784350891597569
686	m256	0.0008242541807703674
687	m256	0.0007369898376055062
688	m256	0.0008449541055597365
689	m256	0.0008825411205179989
690	m256	0.0007609242456965148
691	m256	0.0008591730147600174
692	m256	0.0007706458563916385
693	m256	0.00079658831236884
694	m256	0.0007873466238379478
695	m256	0.0007955858600325882
696	m256	0.0007872226997278631
697	m256	0.0008661407046020031
698	m256	0.0007726174662820995
699	m256	0.000688173167873174
700	m256	0.0007684386800974607
701	m256	0.0009056064882315695
702	m256	0.000754460459575057
703	m256	0.0007965604891069233
704	m256	0.0007897622999735177
705	m256	0.0008346526301465929
706	m256	0.0007878064061515033
707	m256	0.0007351447711698711
708	m256	0.0008278630557470024
709	m256	0.000841961707919836
710	m256	0.0007968085701577365
711	m256	0.0008691954426467419
712	m256	0.0006960147875361145
713	m256	0.0008122475701384246
714	m256	0.000778503657784313
715	m256	0.0007713804952800274
716	m256	0.0008312209974974394
717	m256	0.000720637384802103
718	m256	0.0008406898123212159
719	m256	0.0007447949610650539
720	m256	0.0008676778525114059
721	m256	0.0008214593981392682
722	m256	0.0007544856634922326
723	m256	0.0007984551484696567
724	m256	0.000759389775339514
725	m256	0.0007782967295497656
726	m256	0.0008353856392204762
727	m256	0.0007115062908269465
728	m256	0.0008274556021206081
729	m256	0.0007366445497609675
730	m256	0.0007916630711406469
731	m256	0.0007636570371687412
732	m256	0.0008282965864054859
733	m256	0.0007830506074242294
734	m256	0.0007466722745448351
735	m256	0.0008416817872785032
736	m256	0.0008040106040425599
737	m256	0.0007292116060853004
738	m256	0.0007291713845916092
739	m256	0.0007897132891230285
740	m256	0.0007919084164313972
741	m256	0.0007376905414275825
742	m256	0.0008182708988897502
743	m256	0.0007836272125132382
744	m256	0.0007991315796971321
745	m256	0.0007641436532139778
746	m256	0.0007485623937100172
747	m256	0.000801604415755719
748	m256	0.0007500768988393247
749	m256	0.000760090013500303
750	m256	0.0007995620253495872
751	m256	0.0007584959384985268
752	m256	0.000763100862968713
753	m256	0.0007883107755333185
754	m256	0.0007630772888660431
755	m256	0.0008034101338125765
756	m256	0.0007594599737785757
757	m256	0.0007360593299381435
758	m256	0.0007607266888953745
759	m256	0.0006988681852817535
760	m256	0.0007952594314701855
761	m256	0.0007915819878689945
762	m256	0.0008382328669540584
763	m256	0.0007242815918289125
764	m256	0.000697033479809761
765	m256	0.0007962657255120575
766	m256	0.0006849762867204845
767	m256	0.0008419874939136207
768	m256	0.0007777325809001923
769	m256	0.0006533912383019924
770	m256	0.0007956137997098267
771	m256	0.0007534108008258045
772	m256	0.0007968593272380531
773	m256	0.0007167835719883442
774	m256	0.0007616350776515901
775	m256	0.0008172369562089443
776	m256	0.0007768833893351257
777	m256	0.0007550723385065794
778	m256	0.0007310427608899772
779	m256	0.0007644271827302873
780	m256	0.0007505875546485186
781	m256	0.0007995902560651302
782	m256	0.0007066574762575328
783	m256	0.0006859516142867506
784	m256	0.0007683337316848338
785	m256	0.0007877259631641209
786	m256	0.0007278595003299415
787	m256	0.0007359822629950941
788	m256	0.0008082411368377507
789	m256	0.0006882916204631329
790	m256	0.0007698574918322265
791	m256	0.0007788639632053673
792	m256	0.0007990553858689964
793	m256	0.0007763649336993694
794	m256	0.000775670341681689
795	m256	0.0007440405897796154
796	m256	0.000738280126824975
797	m256	0.0006369182956404984
798	m256	0.0009024564060382545
799	m256	0.0007484650705009699
800	m256	0.0007131739403121173
801	m256	0.0007050119456835091
802	m256	0.0008387933485209942
803	m256	0.0008221895550377667
804	m256	0.0007143900147639215
805	m256	0.0007766014896333218
806	m256	0.0007664767908863723
807	m256	0.0007905603270046413
808	m256	0.0007625549915246665
809	m256	0.0006742870900779963
810	m256	0.0007530459552071989
811	m256	0.0008117372053675354
812	m256	0.0008726448868401349
813	m256	0.0007478579063899815
814	m256	0.0007305850740522146
815	m256	0.0007336710696108639
816	m256	0.000728217710275203
817	m256	0.0007672358187846839
818	m256	0.0007719004643149674
819	m256	0.0007698799599893391
820	m256	0.0007411085534840822
821	m256	0.0008692991104908288
822	m256	0.0007502619992010295
823	m256	0.0006862796726636589
824	m256	0.0007060306961648166
825	m256	0.0007748953066766262
826	m256	0.0006941655301488936
827	m256	0.0008030416793189943
828	m256	0.0007525146938860416
829	m256	0.0007356451242230833
830	m256	0.0007204984431155026
831	m256	0.0007906918763183057
832	m256	0.0007666950114071369
833	m256	0.000714512774720788
834	m256	0.0007327150669880211
835	m256	0.0007466471288353205
836	m256	0.0007887179381214082
837	m256	0.0006736113573424518
838	m256	0.0007347557693719864
839	m256	0.0007811517571099102
840	m256	0.0007432950660586357
841	m256	0.0007590306340716779
842	m256	0.0007202654960565269
843	m256	0.0008033339399844408
844	m256	0.0008193704416044056
845	m256	0.0007296278490684927
846	m256	0.0007725727627985179
847	m256	0.0007149975863285363
848	m256	0.0007408466190099716
849	m256	0.000764796044677496
850	m256	0.0007094668108038604
851	m256	0.0007164966664277017
852	m256	0.0007416331791318953
853	m256	0.0006999270990490913
854	m256	0.0007672424544580281
855	m256	0.0007194829522632062
856	m256	0.0006552066770382226
857	m256	0.0007983394898474216
858	m256	0.0006789516774006188
859	m256	0.0007488292176276445
860	m256	0.0006607212126255035
861	m256	0.0006963728810660541
862	m256	0.0007676992099732161
863	m256	0.0007936910260468721
864	m256	0.0006583473295904696
865	m256	0.0006510328385047615
866	m256	0.0008273369167000055
867	m256	0.000709121348336339
868	m256	0.0007235459052026272
869	m256	0.0006598662585020065
870	m256	0.0007396818255074322
871	m256	0.0008235474233515561
872	m256	0.0006836914108134806
873	m256	0.0007231684285216033
874	m256	0.0006299062515608966
875	m256	0.0007755046826787293
876	m256	0.0006602364592254162
877	m256	0.0006515828426927328
878	m256	0.000736913934815675
879	m256	0.0007380808237940073
880	m256	0.0006522863986901939
881	m256	0.0006483124452643096
882	m256	0.0008171166409738362
883	m256	0.0007242926512844861
884	m256	0.0006972582195885479
885	m256	0.0006999086472205818
886	m256	0.000707042112480849
887	m256	0.0006770987529307604
888	m256	0.0007296325638890266
889	m256	0.0007196688093245029
890	m256	0.0006877731066197157
891	m256	0.0007258292171172798
892	m256	0.0007729278295300901
893	m256	0.0006233096937648952
894	m256	0.0007502979715354741
895	m256	0.0006845630705356598
896	m256	0.0007930540014058352
897	m256	0.0006568257813341916
898	m256	0.0007305117323994637
899	m256	0.0007888239924795926
900	m256	0.0006174384034238756
901	m256	0.0007166941650211811
902	m256	0.0007362340693362057
903	m256	0.0007825116626918316
904	m256	0.0006870760698802769
905	m256	0.0006809911574237049
906	m256	0.0006818667170591652
907	m256	0.000723348930478096
908	m256	0.0007576647331006825
909	m256	0.0006847192416898906
910	m256	0.0006755556096322834
911	m256	0.0006526735960505903
912	m256	0.0007573339971713722
913	m256	0.0007143773254938424
914	m256	0.0006564336363226175
915	m256	0.0006707022548653185
916	m256	0.0007588405278511345
917	m256	0.0006964051281102002
918	m256	0.00068785430630669
919	m256	0.0007385651697404683
920	m256	0.0007107064011506736
921	m256	0.0006683971150778234
922	m256	0.0006869674543850124
923	m256	0.0007250189664773643
924	m256	0.0006827691686339676
925	m256	0.0006906362832523882
926	m256	0.0006774142966605723
927	m256	0.0006965575739741325
928	m256	0.000714951369445771
929	m256	0.0006803048891015351
930	m256	0.0007323159370571375
931	m256	0.0007492658332921565
932	m256	0.0006634704768657684
933	m256	0.000638302939478308
934	m256	0.0007605616119690239
935	m256	0.000681671779602766
936	m256	0.0006378015386871994
937	m256	0.0007238746620714664
938	m256	0.0006400320562534034
939	m256	0.0007508093840442598
940	m256	0.0007419251487590373
941	m256	0.000660720921587199
942	m256	0.0006790953339077532
943	m256	0.0006801988929510117
944	m256	0.0007189128664322197
945	m256	0.0007079376373440027
946	m256	0.0006373710348270833
947	m256	0.0006912474054843187
948	m256	0.000791952246800065
949	m256	0.0006190211279317737
950	m256	0.0007400386966764927
951	m256	0.0007127136923372746
952	m256	0.0006753020570613444
953	m256	0.0006967695080675185
954	m256	0.0007428750395774841
955	m256	0.0006786531885154545
956	m256	0.0006146253435872495
957	m256	0.0007570221205241978
958	m256	0.0007305539329536259
959	m256	0.0005926663870923221
960	m256	0.0006461464217863977
961	m256	0.000687902036588639
962	m256	0.0006772226770408452
963	m256	0.0007247526664286852
964	m256	0.0006788723985664546
965	m256	0.0006749355816282332
966	m256	0.0007243358995765448
967	m256	0.0006583586800843477
968	m256	0.000651543028652668
969	m256	0.0006806995370425284
970	m256	0.0007286567124538124
971	m256	0.000604108499828726
972	m256	0.0007356600253842771
973	m256	0.0006407394539564848
974	m256	0.0006564123905263841
975	m256	0.0007465314120054245
976	m256	0.000629864982329309
977	m256	0.0007332288660109043
978	m256	0.0006782435812056065
979	m256	0.0006314397323876619
980	m256	0.0006308151641860604
981	m256	0.0007083085947670043
982	m256	0.000674734590575099
983	m256	0.0006678097415715456
984	m256	0.0006929070805199444
985	m256	0.0007071412983350456
986	m256	0.0006844567251391709
987	m256	0.0006481665768660605
988	m256	0.0007195575744844973
989	m256	0.0006768071907572448
990	m256	0.0006775883957743645
991	m256	0.0006551763508468866
992	m256	0.0006119975005276501
993	m256	0.0007040109485387802
994	m256	0.0006322970148175955
995	m256	0.0007062698714435101
996	m256	0.000699417432770133
997	m256	0.0005664119962602854
998	m256	0.0007719746208749712
999	m256	0.0006143637583591044
0	m512	0.015233095735311508
1	m512	0.011761966161429882
2	m512	0.014287170954048634
3	m512	0.010606872849166393
4	m512	0.012438965030014515
5	m512	0.010583948343992233
6	m512	0.010965579189360142
7	m512	0.010806608013808727
8	m512	0.01087209302932024
9	m512	0.011243924498558044
10	m512	0.0107809379696846
11	m512	0.01165284588932991
12	m512	0.011695618741214275
13	m512	0.010200333781540394
14	m512	0.011557833291590214
15	m512	0.010098292492330074
16	m512	0.010820887051522732
17	m512	0.010393966920673847
18	m512	0.011048941873013973
19	m512	0.01166690606623888
20	m512	0.01135625783354044
21	m512	0.011299674399197102
22	m512	0.009416044689714909
23	m512	0.010184665210545063
24	m512	0.010809097439050674
25	m512	0.012239252217113972
26	m512	0.009135226719081402
27	m512	0.01044051069766283
28	m512	0.010603192262351513
29	m512	0.010511594824492931
30	m512	0.00948843639343977
31	m512	0.011041258461773396
32	m512	0.010655402205884457
33	m512	0.00932970643043518
34	m512	0.011103566735982895
35	m512	0.010156012140214443
36	m512	0.010811525397002697
37	m512	0.00958753377199173
38	m512	0.008917434141039848
39	m512	0.011393477208912373
40	m512	0.01007524598389864
41	m512	0.009333697147667408
42	m512	0.009709651581943035
43	m512	0.010377578437328339
44	m512	0.010368241928517818
45	m512	0.009550240822136402
46	m512	0.008985109627246857
47	m512	0.009839337319135666
48	m512	0.008044213056564331
49	m512	0.0102827874943614
50	m512	0.010036404244601727
51	m512	0.00959771778434515
52	m512	0.0084189148619771
53	m512	0.010151623748242855
54	m512	0.0088804317638278
55	m512	0.011124306358397007
56	m512	0.0072420500218868256
57	m512	0.008785783313214779
58	m512	0.008606231771409512
59	m512	0.00852438434958458
60	m512	0.00902412086725235
61	m512	0.00862092524766922
62	m512	0.007405223790556192
63	m512	0.009940344840288162
64	m512	0.007890594191849232
65	m512	0.007032555993646383
66	m512	0.009532836265861988
67	m512	0.007997386157512665
68	m512	0.008845792151987553
69	m512	0.007750775199383497
70	m512	0.0072721317410469055
71	m512	0.008278911001980305
72	m512	0.008456071838736534
73	m512	0.007236923556774855
74	m512	0.007612140383571386
75	m512	0.007439851760864258
76	m512	0.00801081396639347
77	m512	0.007100226823240519
78	m512	0.008116116747260094
79	m512	0.008314935490489006
80	m512	0.006700475234538317
81	m512	0.0067795999348163605
82	m512	0.006278737913817167
83	m512	0.0075013418681919575
84	m512	0.006909047719091177
85	m512	0.008523105643689632
86	m512	0.006551248952746391
87	m512	0.007625394966453314
88	m512	0.005938693415373564
89	m512	0.007139430847018957
90	m512	0.006707868073135614
91	m512	0.007420264184474945
92	m512	0.00612906739115715
93	m512	0.006173956673592329
94	m512	0.005882722791284323
95	m512	0.006338924169540405
96	m512	0.006995017174631357
97	m512	0.005806843284517527
98	m512	0.0062231761403381824
99	m512	0.006017476320266724
100	m512	0.0063071828335523605
101	m512	0.0054681673645973206
102	m512	0.00542043149471283
103	m512	0.006168374791741371
104	m512	0.005920733790844679
105	m512	0.005662000272423029
106	m512	0.005812660325318575
107	m512	0.005659852176904678
108	m512	0.005372314248234034
109	m512	0.006089010741561651
110	m512	0.005224576685577631
111	m512	0.005558360833674669
112	m512	0.005334536079317331
113	m512	0.0053824628703296185
114	m512	0.005228826310485601
115	m512	0.004511119332164526
116	m512	0.005135809537023306
117	m512	0.005573413800448179
118	m512	0.005359371658414602
119	m512	0.004853938706219196
120	m512	0.0046799867413938046
121	m512	0.004648727364838123
122	m512	0.0053331912495195866
123	m512	0.004289478994905949
124	m512	0.004462211858481169
125	m512	0.00502299889922142
126	m512	0.00447973795235157
127	m512	0.0046447343192994595
128	m512	0.004550748039036989
129	m512	0.004527081269770861
130	m512	0.00420999014750123
131	m512	0.004890334326773882
132	m512	0.004607297480106354
133	m512	0.004305857699364424
134	m512	0.004292740952223539
135	m512	0.004481850191950798
136	m512	0.0042929621413350105
137	m512	0.004946279339492321
138	m512	0.004336125683039427
139	m512	0.003982506226748228
140	m512	0.004140205215662718
141	m512	0.005089303944259882
142	m512	0.003943670075386763
143	m512	0.00394844776019454
144	m512	0.004377503413707018
145	m512	0.004092596471309662
146	m512	0.004259211011230946
147	m512	0.004171473905444145
148	m512	0.003909862134605646
149	m512	0.0037742455024272203
150	m512	0.004281539469957352
151	m512	0.003382098861038685
152	m512	0.004223903641104698
153	m512	0.003480888670310378
154	m512	0.003920843359082937
155	m512	0.0039231362752616405
156	m512	0.0037882288452237844
157	m512	0.0036594413686543703
158	m512	0.0038174446672201157
159	m512	0.0038613828364759684
160	m512	0.004031455609947443
161	m512	0.00376049242913723
162	m512	0.0035204964224249125
163	m512	0.003853127360343933
164	m512	0.0034823641180992126
165	m512	0.0034752243664115667
166	m512	0.003543766215443611
167	m512	0.0033991022501140833
168	m512	0.003270733868703246
169	m512	0.0035929603036493063
170	m512	0.003433144884184003
171	m512	0.003793995128944516
172	m512	0.0034064932260662317
173	m512	0.003370376070961356
174	m512	0.003564585233107209
175	m512	0.003309881081804633
176	m512	0.00332073331810534
177	m512	0.0037683777045458555
178	m512	0.003489469178020954
179	m512	0.0033268816769123077
180	m512	0.0035843681544065475
181	m512	0.0030720641370862722
182	m512	0.0032192307990044355
183	m512	0.0035488081630319357
184	m512	0.0033466294407844543
185	m512	0.003241969970986247
186	m512	0.002979215467348695
187	m512	0.0035898408386856318
188	m512	0.003454807447269559
189	m512	0.003185511799529195
190	m512	0.0029251587111502886
191	m512	0.003316916525363922
192	m512	0.0031107652466744184
193	m512	0.003333450062200427
194	m512	0.0031296908855438232
195	m512	0.003382005961611867
196	m512	0.002969541819766164
197	m512	0.003241484286263585
198	m512	0.0028273870702832937
199	m512	0.0031916555017232895
200	m512	0.0029633112717419863
201	m512	0.0030813005287200212
202	m512	0.0035295940469950438
203	m512	0.002870938740670681
204	m512	0.002947823842987418
205	m512	0.0031544500961899757
206	m512	0.0033092275261878967
207	m512	0.00313246320001781
208	m512	0.0027911413926631212
209	m512	0.0031103070359677076
210	m512	0.0027081880252808332
211	m512	0.002943403087556362
212	m512	0.003496524877846241
213	m512	0.0026857517659664154
214	m512	0.002983657643198967
215	m512	0.002888987772166729
216	m512	0.0028952518478035927
217	m512	0.002817220287397504
218	m512	0.0030021853744983673
219	m512	0.0028219602536410093
220	m512	0.002812986960634589
221	m512	0.0030592624098062515
222	m512	0.0030207931995391846
223	m512	0.0028005412314087152
224	m512	0.0029048577416688204
225	m512	0.0025709590408951044
226	m512	0.0028243567794561386
227	m512	0.0025907293893396854
228	m512	0.0030237140599638224
229	m512	0.002944474807009101
230	m512	0.002746669575572014
231	m512	0.002785247517749667
232	m512	0.0029108759481459856
233	m512	0.0027676913887262344
234	m512	0.002959654899314046
235	m512	0.0028482608031481504
236	m512	0.0029056742787361145
237	m512	0.0027495557442307472
238	m512	0.0031639542430639267
239	m512	0.00270541082136333
240	m512	0.0025990339927375317
241	m512	0.0028126256074756384
242	m512	0.002693290589377284
243	m512	0.002735845046117902
244	m512	0.0026941997930407524
245	m512	0.002955903997644782
246	m512	0.0027791105676442385
247	m512	0.0027478511910885572
248	m512	0.0025832897517830133
249	m512	0.0026112894993275404
250	m512	0.0025223949924111366
251	m512	0.002535800449550152
252	m512	0.002818662440404296
253	m512	0.002707243664190173
254	m512	0.0030545105691999197
255	m512	0.0024299321230500937
256	m512	0.002674827119335532
257	m512	0.002536304760724306
258	m512	0.0025868911761790514
259	m512	0.002534061437472701
260	m512	0.0027404550928622484
261	m512	0.0028597526252269745
262	m512	0.002927506575360894
263	m512	0.002501751994714141
264	m512	0.0027649805415421724
265	m512	0.0025471241679042578
266	m512	0.0026142329443246126
267	m512	0.002802615286782384
268	m512	0.0024582159239798784
269	m512	0.002561356406658888
270	m512	0.0029217449482530355
271	m512	0.002433815971016884
272	m512	0.002688168315216899
273	m512	0.0026353124994784594
274	m512	0.002528984798118472
275	m512	0.002686381107196212
276	m512	0.0024552138056606054
277	m512	0.002542634727433324
278	m512	0.0026557231321930885
279	m512	0.002330126939341426
280	m512	0.0025320095010101795
281	m512	0.0023260617163032293
282	m512	0.0027969861403107643
283	m512	0.002721848664805293
284	m512	0.00243586883880198
285	m512	0.002814053324982524
286	m512	0.002610856667160988
287	m512	0.002426508581265807
288	m512	0.0023345251102000475
289	m512	0.0024308220017701387
290	m512	0.0026433486491441727
291	m512	0.002597818151116371
292	m512	0.002564295195043087
293	m512	0.002568182535469532
294	m512	0.0025451509281992912
295	m512	0.0022507363464683294
296	m512	0.002601096173748374
297	m512	0.0025508401449769735
298	m512	0.0026582498103380203
299	m512	0.0023266298230737448
300	m512	0.0025648323353379965
301	m512	0.0025941822677850723
302	m512	0.0024294042959809303
303	m512	0.0023386452812701464
304	m512	0.002741788746789098
305	m512	0.0023311483673751354
306	m512	0.0026037776842713356
307	m512	0.0026310638058930635
308	m512	0.0024293342139571905
309	m512	0.0021985669154673815
310	m512	0.0027254840824753046
311	m512	0.002682517049834132
312	m512	0.002763404743745923
313	m512	0.0026538476813584566
314	m512	0.0024420167319476604
315	m512	0.0022074768785387278
316	m512	0.0026125088334083557
317	m512	0.0021659762132912874
318	m512	0.0023507263977080584
319	m512	0.0024440675042569637
320	m512	0.0026822490617632866
321	m512	0.0027315653860569
322	m512	0.002574468031525612
323	m512	0.002227592281997204
324	m512	0.0027596012223511934
325	m512	0.002355038421228528
326	m512	0.0023535899817943573
327	m512	0.0026113681960850954
328	m512	0.0021131739486008883
329	m512	0.0023646021727472544
330	m512	0.002649706555530429
331	m512	0.002484344644472003
332	m512	0.0025267258752137423
333	m512	0.0023244412150233984
334	m512	0.0024401710834354162
335	m512	0.0024329451844096184
336	m512	0.0023582393769174814
337	m512	0.0025915636215358973
338	m512	0.002357153920456767
339	m512	0.0023547662422060966
340	m512	0.0024294808972626925
341	m512	0.002529576886445284
342	m512	0.0023245206102728844
343	m512	0.0021649152040481567
344	m512	0.002158374758437276
345	m512	0.0025370183866471052
346	m512	0.002314819721505046
347	m512	0.002331760013476014
348	m512	0.002394940471276641
349	m512	0.0023775987792760134
350	m512	0.0024682062212377787
351	m512	0.0026260174345225096
352	m512	0.0023004021495580673
353	m512	0.0020831108558923006
354	m512	0.002366185886785388
355	m512	0.0023726269137114286
356	m512	0.0023641514126211405
357	m512	0.0025240585673600435
358	m512	0.0021588995587080717
359	m512	0.0023325327783823013
360	m512	0.0021446796599775553
361	m512	0.002328292466700077
362	m512	0.0023325190413743258
363	m512	0.0021544257178902626
364	m512	0.002459997544065118
365	m512	0.002330885035917163
366	m512	0.0022157439962029457
367	m512	0.0022226818837225437
368	m512	0.002452775137498975
369	m512	0.0021588527597486973
370	m512	0.002276140497997403
371	m512	0.0024498284328728914
372	m512	0.002323797205463052
373	m512	0.0022488583344966173
374	m512	0.0021963196340948343
375	m512	0.0025958134792745113
376	m512	0.002165810437873006
377	m512	0.0023039246443659067
378	m512	0.002375446492806077
379	m512	0.0021494131069630384
380	m512	0.0021348430309444666
381	m512	0.002068243222311139
382	m512	0.002773987827822566
383	m512	0.0024040488060563803
384	m512	0.0022948679979890585
385	m512	0.0022531775757670403
386	m512	0.0022512851282954216
387	m512	0.0026281720492988825
388	m512	0.0021419841796159744
389	m512	0.0022835105191916227
390	m512	0.0023787629324942827
391	m512	0.0022879845928400755
392	m512	0.002662134123966098
393	m512	0.002320169471204281
394	m512	0.0021468307822942734
395	m512	0.002176654525101185
396	m512	0.0023573997896164656
397	m512	0.0022720557171851397
398	m512	0.002243763068690896
399	m512	0.0022314703091979027
400	m512	0.002269935794174671
401	m512	0.0021050695795565844
402	m512	0.002453119959682226
403	m512	0.002276526065543294
404	m512	0.002159015042707324
405	m512	0.0022760555148124695
406	m512	0.0021515325643122196
407	m512	0.0023863117676228285
408	m512	0.0019606631249189377
409	m512	0.0023867704439908266
410	m512	0.002346227178350091
411	m512	0.0021545286290347576
412	m512	0.0023077025543898344
413	m512	0.0025679655373096466
414	m512	0.002096999203786254
415	m512	0.0022178078070282936
416	m512	0.0023693505208939314
417	m512	0.002194437198340893
418	m512	0.0024103643372654915
419	m512	0.0018323836848139763
420	m512	0.002239564433693886
421	m512	0.0024079724680632353
422	m512	0.00228632939979434
423	m512	0.0019328026100993156
424	m512	0.0023579327389597893
425	m512	0.002392618916928768
426	m512	0.0021858499385416508
427	m512	0.002293480560183525
428	m512	0.00198977068066597
429	m512	0.0023892417084425688
430	m512	0.0021869298070669174
431	m512	0.0020709510426968336
432	m512	0.0021302076056599617
433	m512	0.002399533987045288
434	m512	0.0022210825700312853
435	m512	0.002217090455815196
436	m512	0.0023016694467514753
437	m512	0.002099262783303857
438	m512	0.00236395257525146
439	m512	0.0020659177098423243
440	m512	0.0024399065878242254
441	m512	0.0021323442924767733
442	m512	0.0021016523241996765
443	m512	0.0023234207183122635
444	m512	0.0022617499344050884
445	m512	0.002474033972248435
446	m512	0.0021545416675508022
447	m512	0.002054702490568161
448	m512	0.0021432640496641397
449	m512	0.00198241020552814
450	m512	0.002450799336656928
451	m512	0.0022454867139458656
452	m512	0.001991232857108116
453	m512	0.002280402695760131
454	m512	0.002180438255891204
455	m512	0.002296935534104705
456	m512	0.002145923674106598
457	m512	0.0021260827779769897
458	m512	0.00231695338152349
459	m512	0.002159288851544261
460	m512	0.002108643762767315
461	m512	0.002242175629362464
462	m512	0.0023590221535414457
463	m512	0.0021746093407273293
464	m512	0.0020580615382641554
465	m512	0.0019450545078143477
466	m512	0.002257620682939887
467	m512	0.0023720478639006615
468	m512	0.002462261589244008
469	m512	0.0022211605682969093
470	m512	0.0019554072059690952
471	m512	0.002065167296677828
472	m512	0.002534969011321664
473	m512	0.0022331911604851484
474	m512	0.0020942017436027527
475	m512	0.0021883342415094376
476	m512	0.0020516416989266872
477	m512	0.002233068458735943
478	m512	0.0023183252196758986
479	m512	0.0021883759181946516
480	m512	0.0019579518120735884
481	m512	0.002274405211210251
482	m512	0.002374479314312339
483	m512	0.0021755918860435486
484	m512	0.0021742654498666525
485	m512	0.002264693146571517
486	m512	0.0023930526804178953
487	m512	0.0021559398155659437
488	m512	0.0021286041010171175
489	m512	0.002223495626822114
490	m512	0.0024337321519851685
491	m512	0.002065834356471896
492	m512	0.002013733144849539
493	m512	0.0021131879184395075
494	m512	0.002171745290979743
495	m512	0.0020019086077809334
496	m512	0.00230044755153358
497	m512	0.002207130193710327
498	m512	0.002053108299151063
499	m512	0.002113069174811244
500	m512	0.002166351303458214
501	m512	0.0022920379415154457
502	m512	0.002194387838244438
503	m512	0.0023740804754197598
504	m512	0.002151010325178504
505	m512	0.00214172899723053
506	m512	0.0023881755769252777
507	m512	0.0019908614922314882
508	m512	0.0021710393484681845
509	m512	0.0020469760056585073
510	m512	0.0022592858877032995
511	m512	0.0022513745352625847
512	m512	0.0021243032533675432
513	m512	0.002043928252533078
514	m512	0.0020849069114774466
515	m512	0.002144238678738475
516	m512	0.0022574809845536947
517	m512	0.0022035865113139153
518	m512	0.0021623140200972557
519	m512	0.0022043937351554632
520	m512	0.002248903503641486
521	m512	0.0020516992080956697
522	m512	0.0021399084944278
523	m512	0.002010101219639182
524	m512	0.002008298644796014
525	m512	0.002315907971933484
526	m512	0.002053169533610344
527	m512	0.0021103639155626297
528	m512	0.002185113960877061
529	m512	0.00198054569773376
530	m512	0.0019750287756323814
531	m512	0.0018302272073924541
532	m512	0.002168110804632306
533	m512	0.0020716730505228043
534	m512	0.002344524720683694
535	m512	0.002016546903178096
536	m512	0.0021138323936611414
537	m512	0.0019930049311369658
538	m512	0.002121644327417016
539	m512	0.002136641414836049
540	m512	0.002403827151283622
541	m512	0.002088218228891492
542	m512	0.0020791892893612385
543	m512	0.0022284258157014847
544	m512	0.001972197089344263
545	m512	0.0019578696228563786
546	m512	0.00222708098590374
547	m512	0.00233219051733613
548	m512	0.0021666453685611486
549	m512	0.0018314234912395477
550	m512	0.0020540861878544092
551	m512	0.0019200285896658897
552	m512	0.0020068793091923
553	m512	0.0019776851404458284
554	m512	0.0020793459843844175
555	m512	0.001902524963952601
556	m512	0.0023816784378141165
557	m512	0.0017667129868641496
558	m512	0.002134796464815736
559	m512	0.002131853951141238
560	m512	0.002167502650991082
561	m512	0.002044402528554201
562	m512	0.0019934664014726877
563	m512	0.002118186792358756
564	m512	0.0020133175421506166
565	m512	0.001895598485134542
566	m512	0.0020634355023503304
567	m512	0.0019550619181245565
568	m512	0.002000936074182391
569	m512	0.002208807272836566
570	m512	0.002291930839419365
571	m512	0.0020668411161750555
572	m512	0.001963844755664468
573	m512	0.0021811046171933413
574	m512	0.0018322760006412864
575	m512	0.002023630077019334
576	m512	0.0019929721020162106
577	m512	0.0022115118335932493
578	m512	0.0020784547086805105
579	m512	0.0022144520189613104
580	m512	0.002059758407995105
581	m512	0.0018748552538454533
582	m512	0.002068375702947378
583	m512	0.0018071746453642845
584	m512	0.002182171680033207
585	m512	0.001909740618430078
586	m512	0.0019810541998595
587	m512	0.0021878667175769806
588	m512	0.002143977442756295
589	m512	0.0019119991920888424
590	m512	0.0023508789017796516
591	m512	0.00200951867736876
592	m512	0.002248212927952409
593	m512	0.0020770577248185873
594	m512	0.0020114604849368334
595	m512	0.002106386236846447
596	m512	0.0018480377038940787
597	m512	0.001686666626483202
598	m512	0.0020539057441055775
599	m512	0.0019822651520371437
600	m512	0.0021620693150907755
601	m512	0.0021437183022499084
602	m512	0.0021241893991827965
603	m512	0.0019076181342825294
604	m512	0.0019224025309085846
605	m512	0.001876294962130487
606	m512	0.001982703572139144
607	m512	0.0020320273470133543
608	m512	0.002024429850280285
609	m512	0.0017790250713005662
610	m512	0.0022473379503935575
611	m512	0.0020425196271389723
612	m512	0.002177388407289982
613	m512	0.002067301422357559
614	m512	0.0020202198065817356
615	m512	0.0017881732201203704
616	m512	0.001986623974516988
617	m512	0.0020846582483500242
618	m512	0.0020077552180737257
619	m512	0.0019236620282754302
620	m512	0.0018396131927147508
621	m512	0.0020890349987894297
622	m512	0.0019977884367108345
623	m512	0.0022283033467829227
624	m512	0.0019325712928548455
625	m512	0.002328096656128764
626	m512	0.0018552193650975823
627	m512	0.002041703090071678
628	m512	0.0017109838081523776
629	m512	0.0020670839585363865
630	m512	0.0020723252091556787
631	m512	0.00205795606598258
632	m512	0.001902447547763586
633	m512	0.002074285177513957
634	m512	0.0022674323990941048
635	m512	0.001873292843811214
636	m512	0.001979052321985364
637	m512	0.0020803778897970915
638	m512	0.001960878260433674
639	m512	0.00206881039775908
640	m512	0.001929724239744246
641	m512	0.0020106337033212185
642	m512	0.0020042085088789463
643	m512	0.001965803327038884
644	m512	0.0020028473809361458
645	m512	0.001631530816666782
646	m512	0.001905999262817204
647	m512	0.002160219708457589
648	m512	0.0019524251110851765
649	m512	0.002033022465184331
650	m512	0.0019672198686748743
651	m512	0.001667897799052298
652	m512	0.0022062077187001705
653	m512	0.0021128039807081223
654	m512	0.0017079286044463515
655	m512	0.001990693621337414
656	m512	0.0020307053346186876
657	m512	0.0017487070290371776
658	m512	0.0020362839568406343
659	m512	0.002106713131070137
660	m512	0.001967296004295349
661	m512	0.001778267789632082
662	m512	0.002095891861245036
663	m512	0.0019508670084178448
664	m512	0.0020536242518574
665	m512	0.0018811769550666213
666	m512	0.001970365410670638
667	m512	0.001884428202174604
668	m512	0.0019476591842249036
669	m512	0.0020633479580283165
670	m512	0.0021877631079405546
671	m512	0.0019161389209330082
672	m512	0.00240692519582808
673	m512	0.0019084279192611575
674	m512	0.002080528298392892
675	m512	0.001664735027588904
676	m512	0.0019670319743454456
677	m512	0.002158776856958866
678	m512	0.001811993308365345
679	m512	0.0021042118314653635
680	m512	0.0016928050899878144
681	m512	0.0017576018581166863
682	m512	0.002081336220726371
683	m512	0.0021624863147735596
684	m512	0.0021497507113963366
685	m512	0.0018507825443521142
686	m512	0.0017609851201996207
687	m512	0.0018454516539350152
688	m512	0.001999228959903121
689	m512	0.0019426796352490783
690	m512	0.0019300105050206184
691	m512	0.00187784805893898
692	m512	0.0017514880746603012
693	m512	0.002035392913967371
694	m512	0.0020247672218829393
695	m512	0.0018235525349155068
696	m512	0.0019795922562479973
697	m512	0.0021360553801059723
698	m512	0.001962947892025113
699	m512	0.001803254708647728
700	m512	0.0018492015078663826
701	m512	0.0019293938530609012
702	m512	0.0019358635181561112
703	m512	0.001903168042190373
704	m512	0.001874556764960289
705	m512	0.0020661866292357445
706	m512	0.0019429540261626244
707	m512	0.0018047814955934882
708	m512	0.0019135130569338799
709	m512	0.0019734150264412165
710	m512	0.0018662909278646111
711	m512	0.0020157305989414454
712	m512	0.0018982946639880538
713	m512	0.0018814861541613936
714	m512	0.001930538914166391
715	m512	0.0017672610701993108
716	m512	0.0020506700966507196
717	m512	0.0018218457698822021
718	m512	0.0021477590780705214
719	m512	0.0019283141009509563
720	m512	0.002008521230891347
721	m512	0.002057738369330764
722	m512	0.001832659007050097
723	m512	0.0020730874966830015
724	m512	0.0018227160908281803
725	m512	0.0018597929738461971
726	m512	0.0019366092747077346
727	m512	0.0019746727775782347
728	m512	0.002064596861600876
729	m512	0.001869270228780806
730	m512	0.0019888116512447596
731	m512	0.0018156511941924691
732	m512	0.0018605043878778815
733	m512	0.0018427670001983643
734	m512	0.001833918853662908
735	m512	0.002027855021879077
736	m512	0.0019304550951346755
737	m512	0.001885189674794674
738	m512	0.0018616266315802932
739	m512	0.0018824312137439847
740	m512	0.0018507748609408736
741	m512	0.0018940881127491593
742	m512	0.0019852621480822563
743	m512	0.0017257756553590298
744	m512	0.0020140211563557386
745	m512	0.0021641540806740522
746	m512	0.001912086852826178
747	m512	0.0019976869225502014
748	m512	0.001747570582665503
749	m512	0.0019569385331124067
750	m512	0.0018987770890817046
751	m512	0.0018701261142268777
752	m512	0.0016963266534730792
753	m512	0.0020435720216482878
754	m512	0.0018349038437008858
755	m512	0.0019095033640041947
756	m512	0.0018967845244333148
757	m512	0.0017093075439333916
758	m512	0.001993655925616622
759	m512	0.0017498525558039546
760	m512	0.001945136464200914
761	m512	0.002191927284002304
762	m512	0.002004398498684168
763	m512	0.001845457241870463
764	m512	0.0016912281280383468
765	m512	0.0018029181519523263
766	m512	0.0017348774708807468
767	m512	0.0020624136086553335
768	m512	0.0017973302165046334
769	m512	0.0016666079172864556
770	m512	0.0019323271699249744
771	m512	0.0018932642415165901
772	m512	0.001805645413696766
773	m512	0.0018538342555984855
774	m512	0.0019517894834280014
775	m512	0.0019764509052038193
776	m512	0.001808337983675301
777	m512	0.0020053915213793516
778	m512	0.0016354877734556794
779	m512	0.001945013995282352
780	m512	0.0019369380315765738
781	m512	0.0019211083417758346
782	m512	0.0017425041878595948
783	m512	0.001818763674236834
784	m512	0.0020808763802051544
785	m512	0.0019031580304726958
786	m512	0.001768724643625319
787	m512	0.0018980457680299878
788	m512	0.001904906122945249
789	m512	0.001753881573677063
790	m512	0.001778511912561953
791	m512	0.001747260452248156
792	m512	0.001957308268174529
793	m512	0.0019039451144635677
794	m512	0.002112508984282613
795	m512	0.0019296813989058137
796	m512	0.0018004273297265172
797	m512	0.0017061332473531365
798	m512	0.0022070438135415316
799	m512	0.0017984743462875485
800	m512	0.0018280372023582458
801	m512	0.0017573641380295157
802	m512	0.0019861420150846243
803	m512	0.0018205576343461871
804	m512	0.0017275187419727445
805	m512	0.0018208427354693413
806	m512	0.0018533047987148166
807	m512	0.0017740303883329034
808	m512	0.0018492542440071702
809	m512	0.0016826773062348366
810	m512	0.001882500946521759
811	m512	0.002052847994491458
812	m512	0.0019878267776221037
813	m512	0.0018171194242313504
814	m512	0.0017136618262156844
815	m512	0.0017887611174955964
816	m512	0.0017941510304808617
817	m512	0.0018544405465945601
818	m512	0.0018333961488679051
819	m512	0.0019493363797664642
820	m512	0.0018083779141306877
821	m512	0.0020799634512513876
822	m512	0.0019043682841584086
823	m512	0.0017461259849369526
824	m512	0.0017648242646828294
825	m512	0.0020272855181246996
826	m512	0.0017202220624312758
827	m512	0.001980280037969351
828	m512	0.00180329370778054
829	m512	0.0018646529642865062
830	m512	0.00172424188349396
831	m512	0.0019220206886529922
832	m512	0.0018193559953942895
833	m512	0.0017257017316296697
834	m512	0.0017057708464562893
835	m512	0.0020924049895256758
836	m512	0.001838746014982462
837	m512	0.0018541546305641532
838	m512	0.001897515612654388
839	m512	0.001996055943891406
840	m512	0.0017776110908016562
841	m512	0.0017761545022949576
842	m512	0.0017689525848254561
843	m512	0.001948712975718081
844	m512	0.0018073106184601784
845	m512	0.002055858727544546
846	m512	0.0016894027357921004
847	m512	0.001920974813401699
848	m512	0.001826043357141316
849	m512	0.0017351101851090789
850	m512	0.0019161539385095239
851	m512	0.0018574384739622474
852	m512	0.001678879838436842
853	m512	0.0019132797606289387
854	m512	0.0018710624426603317
855	m512	0.0018187575042247772
856	m512	0.0016149552538990974
857	m512	0.001986719900742173
858	m512	0.0018152744742110372
859	m512	0.0017775772139430046
860	m512	0.0016922269714996219
861	m512	0.0017330609261989594
862	m512	0.001694240141659975
863	m512	0.001806715503334999
864	m512	0.0016435723518952727
865	m512	0.001950100646354258
866	m512	0.0018568714149296284
867	m512	0.0016353029059246182
868	m512	0.0018495824187994003
869	m512	0.001765808672644198
870	m512	0.0020156207028776407
871	m512	0.002009848365560174
872	m512	0.0017401333898305893
873	m512	0.001772083924151957
874	m512	0.0016244841972365975
875	m512	0.002198053989559412
876	m512	0.0019453680142760277
877	m512	0.0016652424819767475
878	m512	0.001866264850832522
879	m512	0.0017917272634804249
880	m512	0.001607811194844544
881	m512	0.0015800701221451163
882	m512	0.002153623616322875
883	m512	0.0018464032327756286
884	m512	0.0017746140947565436
885	m512	0.0017135193338617682
886	m512	0.0018627758836373687
887	m512	0.0016956459730863571
888	m512	0.0017207799246534705
889	m512	0.001917041721753776
890	m512	0.0017031073803082108
891	m512	0.0017574302619323134
892	m512	0.0019371667876839638
893	m512	0.0016499474877491593
894	m512	0.0018202845240011811
895	m512	0.0017770748818293214
896	m512	0.0018375576473772526
897	m512	0.001583864795975387
898	m512	0.0018894440727308393
899	m512	0.0018769479356706142
900	m512	0.0015101240715011954
901	m512	0.001758657512255013
902	m512	0.0017107134917750955
903	m512	0.0019236929947510362
904	m512	0.0017099980032071471
905	m512	0.001663430710323155
906	m512	0.0016834934940561652
907	m512	0.0018629018450155854
908	m512	0.0019011545227840543
909	m512	0.0015861764550209045
910	m512	0.001660443958826363
911	m512	0.0018118821317330003
912	m512	0.002093814080581069
913	m512	0.0017662829486653209
914	m512	0.00174225855153054
915	m512	0.001835784874856472
916	m512	0.001920513459481299
917	m512	0.0017301520565524697
918	m512	0.0016674516955390573
919	m512	0.0018559618620201945
920	m512	0.0017373155569657683
921	m512	0.0018535228446125984
922	m512	0.0018170966068282723
923	m512	0.0018349665915593505
924	m512	0.0018680196953937411
925	m512	0.001773241558112204
926	m512	0.00186314492020756
927	m512	0.0020194335374981165
928	m512	0.0017627510242164135
929	m512	0.0017412789165973663
930	m512	0.0016996791819110513
931	m512	0.00187001284211874
932	m512	0.0018059519352391362
933	m512	0.0016738291596993804
934	m512	0.001756245270371437
935	m512	0.0017706250073388219
936	m512	0.0018791604088619351
937	m512	0.0017521701520308852
938	m512	0.0017023939872160554
939	m512	0.0019097976619377732
940	m512	0.0019122889498248696
941	m512	0.0016612225444987416
942	m512	0.0018146373331546783
943	m512	0.0017921611433848739
944	m512	0.001870298758149147
945	m512	0.001735022640787065
946	m512	0.0017509091412648559
947	m512	0.0016864199424162507
948	m512	0.001923111267387867
949	m512	0.0017049601301550865
950	m512	0.0018042315496131778
951	m512	0.001786769018508494
952	m512	0.001547295949421823
953	m512	0.0018323272233828902
954	m512	0.001886556507088244
955	m512	0.0018311644671484828
956	m512	0.001660530804656446
957	m512	0.001839968841522932
958	m512	0.0017306121299043298
959	m512	0.0016296288231387734
960	m512	0.0015819479012861848
961	m512	0.0016509079141542315
962	m512	0.0016695003723725677
963	m512	0.0019690527115017176
964	m512	0.001801028847694397
965	m512	0.0017512604827061296
966	m512	0.0018545106286183
967	m512	0.001701963134109974
968	m512	0.0016833223635330796
969	m512	0.0018099126173183322
970	m512	0.0017795782769098878
971	m512	0.001691879122518003
972	m512	0.0019590361043810844
973	m512	0.001734508783556521
974	m512	0.001689403667114675
975	m512	0.0020281763281673193
976	m512	0.0018123687477782369
977	m512	0.0019177579088136554
978	m512	0.0015912139788269997
979	m512	0.0016130628064274788
980	m512	0.0017276810249313712
981	m512	0.0017615677788853645
982	m512	0.0017147567123174667
983	m512	0.001775097567588091
984	m512	0.0015676366165280342
985	m512	0.0017793806036934257
986	m512	0.00176802568603307
987	m512	0.0017282305052503943
988	m512	0.0018090478843078017
989	m512	0.0016751759685575962
990	m512	0.0019502225331962109
991	m512	0.0016038380563259125
992	m512	0.0015446952311322093
993	m512	0.0018205639207735658
994	m512	0.0017169654602184892
995	m512	0.001766212284564972
996	m512	0.001832706038840115
997	m512	0.0016516195610165596
998	m512	0.0018808692693710327
999	m512	0.0015628393739461899
0	m1024	0.014133953489363194
1	m1024	0.011835376732051373
2	m1024	0.014334335923194885
3	m1024	0.010981912724673748
4	m1024	0.012466062791645527
5	m1024	0.010821077041327953
6	m1024	0.011196628212928772
7	m1024	0.010874914936721325
8	m1024	0.01104890275746584
9	m1024	0.011525633744895458
10	m1024	0.011046193540096283
11	m1024	0.011594224721193314
12	m1024	0.011476096697151661
13	m1024	0.010238784365355968
14	m1024	0.011463608592748642
15	m1024	0.010179941542446613
16	m1024	0.01076833251863718
17	m1024	0.010290596634149551
18	m1024	0.010995559394359589
19	m1024	0.01164788007736206
20	m1024	0.011189199984073639
21	m1024	0.011064976453781128
22	m1024	0.009417025372385979
23	m1024	0.010176918469369411
24	m1024	0.010796505026519299
25	m1024	0.012026862241327763
26	m1024	0.008966359309852123
27	m1024	0.010344481095671654
28	m1024	0.010449173860251904
29	m1024	0.010455988347530365
30	m1024	0.009259134531021118
31	m1024	0.010742011480033398
32	m1024	0.010507621802389622
33	m1024	0.009338618256151676
34	m1024	0.010921921581029892
35	m1024	0.010062812827527523
36	m1024	0.010419965721666813
37	m1024	0.00935670267790556
38	m1024	0.008809453807771206
39	m1024	0.010884936898946762
40	m1024	0.00960040558129549
41	m1024	0.009329399093985558
42	m1024	0.009067540057003498
43	m1024	0.010655805468559265
44	m1024	0.009763408452272415
45	m1024	0.008971210569143295
46	m1024	0.00836889911442995
47	m1024	0.00954468548297882
48	m1024	0.00770679721608758
49	m1024	0.009457648731768131
50	m1024	0.008834918029606342
51	m1024	0.009305286221206188
52	m1024	0.008175492286682129
53	m1024	0.009066582657396793
54	m1024	0.00816536508500576
55	m1024	0.009562202729284763
56	m1024	0.006952097173780203
57	m1024	0.008038333617150784
58	m1024	0.0076207504607737064
59	m1024	0.007693866267800331
60	m1024	0.008532739244401455
61	m1024	0.00736954202875495
62	m1024	0.006690720096230507
63	m1024	0.00913915503770113
64	m1024	0.007037945091724396
65	m1024	0.006295632105320692
66	m1024	0.007443273905664682
67	m1024	0.0062517039477825165
68	m1024	0.007478551473468542
69	m1024	0.006573767866939306
70	m1024	0.005851196590811014
71	m1024	0.006825486663728952
72	m1024	0.006616062019020319
73	m1024	0.006352564319968224
74	m1024	0.006948394235223532
75	m1024	0.006909133400768042
76	m1024	0.005866732448339462
77	m1024	0.00580131309106946
78	m1024	0.006231823470443487
79	m1024	0.006016972009092569
80	m1024	0.005733554717153311
81	m1024	0.005796514451503754
82	m1024	0.005036510061472654
83	m1024	0.005607383791357279
84	m1024	0.005547679495066404
85	m1024	0.006442956160753965
86	m1024	0.0055872672237455845
87	m1024	0.0053722006268799305
88	m1024	0.004551410209387541
89	m1024	0.005501757841557264
90	m1024	0.005428662057965994
91	m1024	0.0050455196760594845
92	m1024	0.004748163279145956
93	m1024	0.005152979400008917
94	m1024	0.00449130404740572
95	m1024	0.00501129450276494
96	m1024	0.004859801381826401
97	m1024	0.004688302520662546
98	m1024	0.005105108022689819
99	m1024	0.0042627411894500256
100	m1024	0.004707359243184328
101	m1024	0.0047399322502315044
102	m1024	0.004010446835309267
103	m1024	0.004993090871721506
104	m1024	0.004663266707211733
105	m1024	0.004871263634413481
106	m1024	0.004671598318964243
107	m1024	0.004320176318287849
108	m1024	0.0044121271930634975
109	m1024	0.004476124420762062
110	m1024	0.0042381915263831615
111	m1024	0.0041323765181005
112	m1024	0.0039757187478244305
113	m1024	0.0038121778052300215
114	m1024	0.004091510083526373
115	m1024	0.0036340642254799604
116	m1024	0.004007677081972361
117	m1024	0.004327770322561264
118	m1024	0.003982604015618563
119	m1024	0.0036217989400029182
120	m1024	0.003929413855075836
121	m1024	0.003572620451450348
122	m1024	0.004327391739934683
123	m1024	0.003375994972884655
124	m1024	0.004114692565053701
125	m1024	0.0035455524921417236
126	m1024	0.0036690980195999146
127	m1024	0.00371966022066772
128	m1024	0.003471087897196412
129	m1024	0.0037880530580878258
130	m1024	0.0035966418217867613
131	m1024	0.0034548279363662004
132	m1024	0.0034238912630826235
133	m1024	0.00346830184571445
134	m1024	0.0035410623531788588
135	m1024	0.003723523812368512
136	m1024	0.003306465456262231
137	m1024	0.0036161181051284075
138	m1024	0.0036605428904294968
139	m1024	0.0031780593562871218
140	m1024	0.0032713215332478285
141	m1024	0.0036510396748781204
142	m1024	0.003056976944208145
143	m1024	0.003001486649736762
144	m1024	0.0031854535918682814
145	m1024	0.003365851938724518
146	m1024	0.003179008373990655
147	m1024	0.003180410712957382
148	m1024	0.0032824415247887373
149	m1024	0.0033136997371912003
150	m1024	0.003402343252673745
151	m1024	0.0028802298475056887
152	m1024	0.003373707877472043
153	m1024	0.002904209541156888
154	m1024	0.0033553503453731537
155	m1024	0.003259943099692464
156	m1024	0.002947599859908223
157	m1024	0.002876829355955124
158	m1024	0.0031567933037877083
159	m1024	0.0030246463138610125
160	m1024	0.003496226156130433
161	m1024	0.003414808539673686
162	m1024	0.0028799213469028473
163	m1024	0.003141608089208603
164	m1024	0.0029332812409847975
165	m1024	0.002827966585755348
166	m1024	0.002872033044695854
167	m1024	0.0031459785532206297
168	m1024	0.0028534354642033577
169	m1024	0.0029427397530525923
170	m1024	0.0028482170309871435
171	m1024	0.0032081948593258858
172	m1024	0.002743290038779378
173	m1024	0.002801627619192004
174	m1024	0.0028799872379750013
175	m1024	0.0030627252999693155
176	m1024	0.002474919892847538
177	m1024	0.003294457448646426
178	m1024	0.0029484357219189405
179	m1024	0.002744930563494563
180	m1024	0.0029088023584336042
181	m1024	0.0027783296536654234
182	m1024	0.0026812751311808825
183	m1024	0.002785350428894162
184	m1024	0.003014919115230441
185	m1024	0.002720565302297473
186	m1024	0.0029153639916330576
187	m1024	0.0031222135294228792
188	m1024	0.0029672104865312576
189	m1024	0.0028068257961422205
190	m1024	0.002425730461254716
191	m1024	0.0029162245336920023
192	m1024	0.0028462086338549852
193	m1024	0.0029787439852952957
194	m1024	0.0028989382553845644
195	m1024	0.0028000797610729933
196	m1024	0.0027144502382725477
197	m1024	0.002859279280528426
198	m1024	0.0024296464398503304
199	m1024	0.0024908785708248615
200	m1024	0.002803473500534892
201	m1024	0.002476547611877322
202	m1024	0.003198211081326008
203	m1024	0.0025451064575463533
204	m1024	0.0026460594963282347
205	m1024	0.0028502207715064287
206	m1024	0.0028363626915961504
207	m1024	0.002663627965375781
208	m1024	0.0024321747478097677
209	m1024	0.0028657864313572645
210	m1024	0.0026040077209472656
211	m1024	0.0027080669533461332
212	m1024	0.002789136953651905
213	m1024	0.0023966392036527395
214	m1024	0.0026931094471365213
215	m1024	0.0027809867169708014
216	m1024	0.002683458151295781
217	m1024	0.0025573328603059053
218	m1024	0.002843789989128709
219	m1024	0.0025958947371691465
220	m1024	0.002544731367379427
221	m1024	0.0026058319490402937
222	m1024	0.0028455478604882956
223	m1024	0.0028261810075491667
224	m1024	0.0027019826229661703
225	m1024	0.0023916680365800858
226	m1024	0.002686056075617671
227	m1024	0.0024915484245866537
228	m1024	0.0026184075977653265
229	m1024	0.0025261887349188328
230	m1024	0.0024040648713707924
231	m1024	0.002401154488325119
232	m1024	0.0028105145320296288
233	m1024	0.002486357232555747
234	m1024	0.0027316135820001364
235	m1024	0.0023096578661352396
236	m1024	0.002386963227763772
237	m1024	0.0025448210071772337
238	m1024	0.002729974454268813
239	m1024	0.0027485648170113564
240	m1024	0.0025523460935801268
241	m1024	0.0025549873244017363
242	m1024	0.0026454066392034292
243	m1024	0.002519363770261407
244	m1024	0.0023455708287656307
245	m1024	0.0026032980531454086
246	m1024	0.0025964435189962387
247	m1024	0.002501782728359103
248	m1024	0.0024224494118243456
249	m1024	0.002282124012708664
250	m1024	0.0023198493290692568
251	m1024	0.002623526379466057
252	m1024	0.002675255760550499
253	m1024	0.002259526401758194
254	m1024	0.002649047179147601
255	m1024	0.0025008039083331823
256	m1024	0.0025560830254107714
257	m1024	0.002475103596225381
258	m1024	0.0025096836034208536
259	m1024	0.0020983396098017693
260	m1024	0.0026429935824126005
261	m1024	0.002665899693965912
262	m1024	0.00244778860360384
263	m1024	0.0023889634758234024
264	m1024	0.0025646549183875322
265	m1024	0.002554454142227769
266	m1024	0.002519825007766485
267	m1024	0.0027905863244086504
268	m1024	0.0023242284078150988
269	m1024	0.0023502397816628218
270	m1024	0.002673313720151782
271	m1024	0.0023941181134432554
272	m1024	0.0023033020552247763
273	m1024	0.0025581077206879854
274	m1024	0.002347907517105341
275	m1024	0.002772855805233121
276	m1024	0.0022872912231832743
277	m1024	0.002504190430045128
278	m1024	0.0025132037699222565
279	m1024	0.0023450672160834074
280	m1024	0.002481031697243452
281	m1024	0.0022958547342568636
282	m1024	0.0026208211202174425
283	m1024	0.002728675724938512
284	m1024	0.0024706211406737566
285	m1024	0.00265059364028275
286	m1024	0.002765948185697198
287	m1024	0.0021348223090171814
288	m1024	0.002325808396562934
289	m1024	0.0023373321164399385
290	m1024	0.002675071358680725
291	m1024	0.0023412774316966534
292	m1024	0.0024436302483081818
293	m1024	0.0024616846349090338
294	m1024	0.0025326309259980917
295	m1024	0.0023213429376482964
296	m1024	0.002393772592768073
297	m1024	0.0022517505567520857
298	m1024	0.0026276845019310713
299	m1024	0.0021955238189548254
300	m1024	0.002485134406015277
301	m1024	0.002493514446541667
302	m1024	0.0024700728245079517
303	m1024	0.0021776219364255667
304	m1024	0.0020297938026487827
305	m1024	0.0022179216612130404
306	m1024	0.002383548766374588
307	m1024	0.0024055999238044024
308	m1024	0.0023107726592570543
309	m1024	0.0019396416610106826
310	m1024	0.0030410627368837595
311	m1024	0.0024403834249824286
312	m1024	0.0024773571640253067
313	m1024	0.0025844008196145296
314	m1024	0.0023619746789336205
315	m1024	0.0022592213936150074
316	m1024	0.002334285993129015
317	m1024	0.0022349031642079353
318	m1024	0.0021385441068559885
319	m1024	0.002619772916659713
320	m1024	0.002440745709463954
321	m1024	0.002664330182597041
322	m1024	0.00230353488586843
323	m1024	0.0022882171906530857
324	m1024	0.0024440400302410126
325	m1024	0.0022311201319098473
326	m1024	0.002296311082318425
327	m1024	0.002602985594421625
328	m1024	0.0023786677047610283
329	m1024	0.0022967385593801737
330	m1024	0.0023688108194619417
331	m1024	0.0025403599720448256
332	m1024	0.0025761162396520376
333	m1024	0.0023631961084902287
334	m1024	0.0024840394034981728
335	m1024	0.0022947052493691444
336	m1024	0.0022394710686057806
337	m1024	0.0023991314228624105
338	m1024	0.0024746786803007126
339	m1024	0.0022836087737232447
340	m1024	0.0024392581544816494
341	m1024	0.00235141278244555
342	m1024	0.0022172436583787203
343	m1024	0.0023764418438076973
344	m1024	0.0022747956681996584
345	m1024	0.0023772811982780695
346	m1024	0.0024796698708087206
347	m1024	0.002178155817091465
348	m1024	0.00238917488604784
349	m1024	0.002207336947321892
350	m1024	0.0024775266647338867
351	m1024	0.00273246131837368
352	m1024	0.0021331405732780695
353	m1024	0.002287553856149316
354	m1024	0.0023212500382214785
355	m1024	0.002698334865272045
356	m1024	0.002241482026875019
357	m1024	0.0025003361515700817
358	m1024	0.002083302242681384
359	m1024	0.0025194177869707346
360	m1024	0.0023597523104399443
361	m1024	0.002091362839564681
362	m1024	0.00224465224891901
363	m1024	0.002153115114197135
364	m1024	0.0024415648076683283
365	m1024	0.0026310544926673174
366	m1024	0.0022092389408499002
367	m1024	0.0022772580850869417
368	m1024	0.0023290731478482485
369	m1024	0.0022853577975183725
370	m1024	0.0023125149309635162
371	m1024	0.0024583216290920973
372	m1024	0.0024302287492901087
373	m1024	0.0024855267256498337
374	m1024	0.0021044055465608835
375	m1024	0.002445398597046733
376	m1024	0.0023299474269151688
377	m1024	0.002114678267389536
378	m1024	0.002287746174260974
379	m1024	0.002106410451233387
380	m1024	0.0025508522521704435
381	m1024	0.0021397292148321867
382	m1024	0.0024445727467536926
383	m1024	0.0023828831035643816
384	m1024	0.002296499675139785
385	m1024	0.0020679987501353025
386	m1024	0.002271670615300536
387	m1024	0.0022944891825318336
388	m1024	0.002023557899519801
389	m1024	0.0020431936718523502
390	m1024	0.0023050883319228888
391	m1024	0.0022077930625528097
392	m1024	0.0024208256509155035
393	m1024	0.0021732260938733816
394	m1024	0.002213056432083249
395	m1024	0.002347474917769432
396	m1024	0.0022224874701350927
397	m1024	0.0024302916135638952
398	m1024	0.0022453833371400833
399	m1024	0.0021179497707635164
400	m1024	0.0022314374800771475
401	m1024	0.002437017159536481
402	m1024	0.002152977744117379
403	m1024	0.0021019328851252794
404	m1024	0.0022276416420936584
405	m1024	0.0023394355084747076
406	m1024	0.001972472295165062
407	m1024	0.0024472626391798258
408	m1024	0.0019448930397629738
409	m1024	0.002435365691781044
410	m1024	0.002526753582060337
411	m1024	0.002017970895394683
412	m1024	0.00222871545702219
413	m1024	0.002590061631053686
414	m1024	0.0021405534353107214
415	m1024	0.0022869622334837914
416	m1024	0.0023296773433685303
417	m1024	0.002107897074893117
418	m1024	0.0023125067818909883
419	m1024	0.0019064201042056084
420	m1024	0.002311642048880458
421	m1024	0.0023944226559251547
422	m1024	0.0021945235785096884
423	m1024	0.0019203267293050885
424	m1024	0.002338942140340805
425	m1024	0.0023787759710103273
426	m1024	0.002284138696268201
427	m1024	0.002135518239811063
428	m1024	0.002286170143634081
429	m1024	0.002209943253546953
430	m1024	0.002175679197534919
431	m1024	0.002134121721610427
432	m1024	0.002078914549201727
433	m1024	0.002167227678000927
434	m1024	0.0023886479903012514
435	m1024	0.002146938582882285
436	m1024	0.0022020924370735884
437	m1024	0.0020189236383885145
438	m1024	0.002309684408828616
439	m1024	0.0020893793553113937
440	m1024	0.002257303800433874
441	m1024	0.002075980883091688
442	m1024	0.002226565033197403
443	m1024	0.0023469440639019012
444	m1024	0.001996339298784733
445	m1024	0.0022509617265313864
446	m1024	0.002193353371694684
447	m1024	0.002024565590545535
448	m1024	0.002211717888712883
449	m1024	0.0022059606853872538
450	m1024	0.0024681647773832083
451	m1024	0.002349268412217498
452	m1024	0.0020100672263652086
453	m1024	0.002179051050916314
454	m1024	0.002163114957511425
455	m1024	0.002148411935195327
456	m1024	0.0021232187282294035
457	m1024	0.0021418724209070206
458	m1024	0.00239318679086864
459	m1024	0.0023526158183813095
460	m1024	0.002055821940302849
461	m1024	0.0019082697108387947
462	m1024	0.0022604360710829496
463	m1024	0.002410011598840356
464	m1024	0.002132766181603074
465	m1024	0.001962527632713318
466	m1024	0.0022895419970154762
467	m1024	0.002168349688872695
468	m1024	0.0024130234960466623
469	m1024	0.0022830693051218987
470	m1024	0.0019888642709702253
471	m1024	0.0021041298750787973
472	m1024	0.0022491419222205877
473	m1024	0.0021450400818139315
474	m1024	0.002031167270615697
475	m1024	0.0019353721290826797
476	m1024	0.002069845562800765
477	m1024	0.0021813390776515007
478	m1024	0.0023356338497251272
479	m1024	0.0022224115673452616
480	m1024	0.0019810940138995647
481	m1024	0.002139959717169404
482	m1024	0.0023113819770514965
483	m1024	0.0019926642999053
484	m1024	0.0023356887977570295
485	m1024	0.002238425426185131
486	m1024	0.0023542626295238733
487	m1024	0.0021480515133589506
488	m1024	0.0020790090784430504
489	m1024	0.0024274347815662622
490	m1024	0.0022636977955698967
491	m1024	0.0021192419808357954
492	m1024	0.0021429883781820536
493	m1024	0.0022726866882294416
494	m1024	0.0022402589675039053
495	m1024	0.0020195019897073507
496	m1024	0.0023370161652565002
497	m1024	0.0024617621675133705
498	m1024	0.002041943371295929
499	m1024	0.0021658430341631174
500	m1024	0.0020773198921233416
501	m1024	0.002146522281691432
502	m1024	0.002129204338416457
503	m1024	0.0023256540298461914
504	m1024	0.002107127569615841
505	m1024	0.002179870381951332
506	m1024	0.0024468619376420975
507	m1024	0.001977786421775818
508	m1024	0.001972249010577798
509	m1024	0.002166267018765211
510	m1024	0.0021894255187362432
511	m1024	0.0022869862150400877
512	m1024	0.002072382951155305
513	m1024	0.0019942980725318193
514	m1024	0.0019694091752171516
515	m1024	0.002118313917890191
516	m1024	0.002038193866610527
517	m1024	0.002178268041461706
518	m1024	0.00209751701913774
519	m1024	0.0019396221032366157
520	m1024	0.0022422298789024353
521	m1024	0.0022678605746477842
522	m1024	0.0021746575366705656
523	m1024	0.0021154971327632666
524	m1024	0.002023520180955529
525	m1024	0.0025166671257466078
526	m1024	0.0020740600302815437
527	m1024	0.0021436389070004225
528	m1024	0.0021191269624978304
529	m1024	0.0021817958913743496
530	m1024	0.0021014180965721607
531	m1024	0.0018820544937625527
532	m1024	0.0023437347263097763
533	m1024	0.001927979290485382
534	m1024	0.0023003392852842808
535	m1024	0.0018386595183983445
536	m1024	0.0020583050791174173
537	m1024	0.0018602274358272552
538	m1024	0.0021857733372598886
539	m1024	0.0020873432513326406
540	m1024	0.0019965441897511482
541	m1024	0.002191289560869336
542	m1024	0.002231043763458729
543	m1024	0.002117726719006896
544	m1024	0.0019874011632055044
545	m1024	0.0020426453556865454
546	m1024	0.0021741490345448256
547	m1024	0.002120999386534095
548	m1024	0.001983843045309186
549	m1024	0.0020224759355187416
550	m1024	0.0021601973567157984
551	m1024	0.002027680166065693
552	m1024	0.0020358844194561243
553	m1024	0.0019263395806774497
554	m1024	0.002164530800655484
555	m1024	0.002013322664424777
556	m1024	0.002304371213540435
557	m1024	0.0018721484811976552
558	m1024	0.0020895081106573343
559	m1024	0.002112492686137557
560	m1024	0.0022986677940934896
561	m1024	0.0017364099621772766
562	m1024	0.002119548385962844
563	m1024	0.002053109696134925
564	m1024	0.002068399451673031
565	m1024	0.0018813955830410123
566	m1024	0.0019521802896633744
567	m1024	0.0018811490153893828
568	m1024	0.002192435087636113
569	m1024	0.002112199319526553
570	m1024	0.0019371695816516876
571	m1024	0.0017838965868577361
572	m1024	0.0019181972602382302
573	m1024	0.002221029484644532
574	m1024	0.0019709570333361626
575	m1024	0.0018509799847379327
576	m1024	0.0019387515494599938
577	m1024	0.002097675809636712
578	m1024	0.0020179322455078363
579	m1024	0.002276061102747917
580	m1024	0.001891742809675634
581	m1024	0.001902950112707913
582	m1024	0.0019334309035912156
583	m1024	0.001849113847129047
584	m1024	0.0024046103935688734
585	m1024	0.0020396881736814976
586	m1024	0.00186310859862715
587	m1024	0.002167226979508996
588	m1024	0.00220623635686934
589	m1024	0.0020210989750921726
590	m1024	0.0020136581733822823
591	m1024	0.002006754046306014
592	m1024	0.0021029908675700426
593	m1024	0.002170356921851635
594	m1024	0.00204474781639874
595	m1024	0.0021086453925818205
596	m1024	0.0019343007588759065
597	m1024	0.0018704822286963463
598	m1024	0.0019313733791932464
599	m1024	0.0019780390430241823
600	m1024	0.002030865056440234
601	m1024	0.00198221392929554
602	m1024	0.001895943540148437
603	m1024	0.0020363694056868553
604	m1024	0.001966947689652443
605	m1024	0.0020734139252454042
606	m1024	0.0018602730706334114
607	m1024	0.002130175707861781
608	m1024	0.0022106682881712914
609	m1024	0.001810432760976255
610	m1024	0.002147374441847205
611	m1024	0.0018230810528621078
612	m1024	0.0023362666834145784
613	m1024	0.0017958030803129077
614	m1024	0.0019378979923203588
615	m1024	0.0019055622396990657
616	m1024	0.0019529005512595177
617	m1024	0.0019318830454722047
618	m1024	0.002221042523160577
619	m1024	0.0018572123954072595
620	m1024	0.0020754931028932333
621	m1024	0.002258240943774581
622	m1024	0.0019650307949632406
623	m1024	0.0021012406796216965
624	m1024	0.0019592016469687223
625	m1024	0.002097075805068016
626	m1024	0.00203478685580194
627	m1024	0.0019844514317810535
628	m1024	0.001578468014486134
629	m1024	0.0018205774249508977
630	m1024	0.002110888948664069
631	m1024	0.0019734175875782967
632	m1024	0.0019618382211774588
633	m1024	0.0019357468700036407
634	m1024	0.0018471386283636093
635	m1024	0.0019453283166512847
636	m1024	0.0021146347280591726
637	m1024	0.0022165572736412287
638	m1024	0.0017038009827956557
639	m1024	0.0019553364254534245
640	m1024	0.0020726039074361324
641	m1024	0.0020907274447381496
642	m1024	0.0020508465822786093
643	m1024	0.001956021413207054
644	m1024	0.0018703489331528544
645	m1024	0.0017536502564325929
646	m1024	0.0018636997556313872
647	m1024	0.0018585986690595746
648	m1024	0.0019465266959741712
649	m1024	0.002132294699549675
650	m1024	0.0018587196245789528
651	m1024	0.0019850016105920076
652	m1024	0.002134073292836547
653	m1024	0.0019752068910747766
654	m1024	0.0016965634422376752
655	m1024	0.00194588303565979
656	m1024	0.0021380495745688677
657	m1024	0.0017016999190673232
658	m1024	0.002109627006575465
659	m1024	0.0021853216458112
660	m1024	0.001925401738844812
661	m1024	0.0017585760215297341
662	m1024	0.0018775961361825466
663	m1024	0.0020403459202498198
664	m1024	0.0019467538222670555
665	m1024	0.0019977653864771128
666	m1024	0.0019306791946291924
667	m1024	0.0018551383400335908
668	m1024	0.0019348413916304708
669	m1024	0.0018753582844510674
670	m1024	0.002126459963619709
671	m1024	0.0017925677821040154
672	m1024	0.0020275472197681665
673	m1024	0.0018628854304552078
674	m1024	0.0020426746923476458
675	m1024	0.0017441738164052367
676	m1024	0.0018623463110998273
677	m1024	0.0022435360588133335
678	m1024	0.001718063373118639
679	m1024	0.002179335104301572
680	m1024	0.0016901999479159713
681	m1024	0.0017806715331971645
682	m1024	0.0019207857549190521
683	m1024	0.0022460129112005234
684	m1024	0.002044365042820573
685	m1024	0.001897717360407114
686	m1024	0.0019781189039349556
687	m1024	0.0017404071986675262
688	m1024	0.002097531920298934
689	m1024	0.0020291688852012157
690	m1024	0.001917535439133644
691	m1024	0.0020327118691056967
692	m1024	0.0018460216233506799
693	m1024	0.0020398276392370462
694	m1024	0.001794225536286831
695	m1024	0.0019999437499791384
696	m1024	0.002039341488853097
697	m1024	0.0019922086503356695
698	m1024	0.0018033647211268544
699	m1024	0.001743792905472219
700	m1024	0.0018808222375810146
701	m1024	0.0019947548862546682
702	m1024	0.001945560914464295
703	m1024	0.002058835932984948
704	m1024	0.0017954184440895915
705	m1024	0.002006982220336795
706	m1024	0.0019080298952758312
707	m1024	0.0018350175814703107
708	m1024	0.0018863013247027993
709	m1024	0.0019805796910077333
710	m1024	0.0017949676839634776
711	m1024	0.0020838615018874407
712	m1024	0.0019403478363528848
713	m1024	0.0019968145061284304
714	m1024	0.0018209340050816536
715	m1024	0.0017345510423183441
716	m1024	0.001876294263638556
717	m1024	0.0017441040836274624
718	m1024	0.00209283665753901
719	m1024	0.0019916691817343235
720	m1024	0.002108217217028141
721	m1024	0.0018965707859024405
722	m1024	0.0017049363814294338
723	m1024	0.0020616757683455944
724	m1024	0.0018896224210038781
725	m1024	0.001971089281141758
726	m1024	0.001929704681970179
727	m1024	0.0018571941182017326
728	m1024	0.0019263840513303876
729	m1024	0.0020351463463157415
730	m1024	0.0019685274455696344
731	m1024	0.0018956296844407916
732	m1024	0.0019623220432549715
733	m1024	0.0019039312610402703
734	m1024	0.0018346374854445457
735	m1024	0.0019342784071341157
736	m1024	0.0018898640992119908
737	m1024	0.0018835257505998015
738	m1024	0.0016860117902979255
739	m1024	0.0018105702474713326
740	m1024	0.001959889894351363
741	m1024	0.0016943285008892417
742	m1024	0.001930799218825996
743	m1024	0.001912092324346304
744	m1024	0.0019466682570055127
745	m1024	0.0019169064471498132
746	m1024	0.0018881261348724365
747	m1024	0.0020757056772708893
748	m1024	0.0018118583830073476
749	m1024	0.0019015911966562271
750	m1024	0.0018232772126793861
751	m1024	0.0018257441697642207
752	m1024	0.0016772540984675288
753	m1024	0.001974990824237466
754	m1024	0.0018654363229870796
755	m1024	0.0020057170186191797
756	m1024	0.0016951607540249825
757	m1024	0.0020168074406683445
758	m1024	0.0017342480132356286
759	m1024	0.0017964066937565804
760	m1024	0.00198406376875937
761	m1024	0.001970698358491063
762	m1024	0.0019636491779237986
763	m1024	0.0019150798907503486
764	m1024	0.0017061835387721658
765	m1024	0.0017331214621663094
766	m1024	0.001799820107407868
767	m1024	0.0021823153365403414
768	m1024	0.0017374794697389007
769	m1024	0.0015785694122314453
770	m1024	0.0019339920254424214
771	m1024	0.0020175452809780836
772	m1024	0.0018347175791859627
773	m1024	0.0017623058520257473
774	m1024	0.0018210095586255193
775	m1024	0.002011233475059271
776	m1024	0.001947966986335814
777	m1024	0.0019403789192438126
778	m1024	0.0017766514793038368
779	m1024	0.0018697181949391961
780	m1024	0.0017881467938423157
781	m1024	0.0019869068637490273
782	m1024	0.0019097618060186505
783	m1024	0.0017951555782929063
784	m1024	0.0017955772345885634
785	m1024	0.0018881926080211997
786	m1024	0.002011733129620552
787	m1024	0.0017757589230313897
788	m1024	0.0019386736676096916
789	m1024	0.001727339462377131
790	m1024	0.0020054399501532316
791	m1024	0.0017821307992562652
792	m1024	0.001808293629437685
793	m1024	0.001826599589549005
794	m1024	0.0018828738247975707
795	m1024	0.0017676354618743062
796	m1024	0.0016924870433285832
797	m1024	0.0016027499223127961
798	m1024	0.0019966282416135073
799	m1024	0.0018119659507647157
800	m1024	0.0019506807439029217
801	m1024	0.0016577161150053144
802	m1024	0.0019350646762177348
803	m1024	0.0018570000538602471
804	m1024	0.001704371185041964
805	m1024	0.0019388003274798393
806	m1024	0.0018339576199650764
807	m1024	0.0018651499412953854
808	m1024	0.0019196715438738465
809	m1024	0.0015262927627190948
810	m1024	0.0018474133685231209
811	m1024	0.0020027856808155775
812	m1024	0.0019919753540307283
813	m1024	0.0018412055214866996
814	m1024	0.0016216421499848366
815	m1024	0.0017535364022478461
816	m1024	0.0017971339402720332
817	m1024	0.0018351739272475243
818	m1024	0.0019681223202496767
819	m1024	0.0018211016431450844
820	m1024	0.0018443915760144591
821	m1024	0.0017748400568962097
822	m1024	0.0020080108661204576
823	m1024	0.0016065050149336457
824	m1024	0.0017577133839949965
825	m1024	0.0019292077049613
826	m1024	0.0016838273731991649
827	m1024	0.0019501697970554233
828	m1024	0.0016708980547264218
829	m1024	0.0018230135319754481
830	m1024	0.0016787787899374962
831	m1024	0.0018315488705411553
832	m1024	0.0019916438031941652
833	m1024	0.0016172034665942192
834	m1024	0.0017530936747789383
835	m1024	0.0017671292880550027
836	m1024	0.0018666801042854786
837	m1024	0.0016903498908504844
838	m1024	0.0017103441059589386
839	m1024	0.001914671971462667
840	m1024	0.0018075327388942242
841	m1024	0.0017113283975049853
842	m1024	0.0017884009284898639
843	m1024	0.0018393738428130746
844	m1024	0.0018258948111906648
845	m1024	0.001755623146891594
846	m1024	0.001874081208370626
847	m1024	0.0016919496702030301
848	m1024	0.0018438412807881832
849	m1024	0.001601765281520784
850	m1024	0.0017718574963510036
851	m1024	0.0018553290283307433
852	m1024	0.0017987339524552226
853	m1024	0.0015547660877928138
854	m1024	0.0018151829717680812
855	m1024	0.0014933213824406266
856	m1024	0.001762639731168747
857	m1024	0.0018580505857244134
858	m1024	0.0016996810445562005
859	m1024	0.0018605347722768784
860	m1024	0.0016335495747625828
861	m1024	0.0017326722154393792
862	m1024	0.0017338538309559226
863	m1024	0.002015050733461976
864	m1024	0.0015580345643684268
865	m1024	0.0017925662687048316
866	m1024	0.002066584536805749
867	m1024	0.0017046933062374592
868	m1024	0.0019907893147319555
869	m1024	0.0016801642486825585
870	m1024	0.001905366312712431
871	m1024	0.0018569659441709518
872	m1024	0.0018996283179149032
873	m1024	0.0017379425698891282
874	m1024	0.0016727751353755593
875	m1024	0.001894141430966556
876	m1024	0.0016865431098267436
877	m1024	0.0018396995728835464
878	m1024	0.0017207348719239235
879	m1024	0.0017335467273369431
880	m1024	0.0017216511769220233
881	m1024	0.0016003958880901337
882	m1024	0.0019435553112998605
883	m1024	0.0018200668273493648
884	m1024	0.00169226189609617
885	m1024	0.00160245003644377
886	m1024	0.0016888007521629333
887	m1024	0.001618702313862741
888	m1024	0.0016790549270808697
889	m1024	0.0019145471742376685
890	m1024	0.001854897360317409
891	m1024	0.0017403243109583855
892	m1024	0.0018061703303828835
893	m1024	0.0015530554810538888
894	m1024	0.0017486009746789932
895	m1024	0.0016055222367867827
896	m1024	0.0018410604679957032
897	m1024	0.0017615664983168244
898	m1024	0.0019156945636495948
899	m1024	0.001858589588664472
900	m1024	0.001553725334815681
901	m1024	0.0016541570657864213
902	m1024	0.0016539912903681397
903	m1024	0.001942060305736959
904	m1024	0.0017745429649949074
905	m1024	0.0017143661389127374
906	m1024	0.0018322467803955078
907	m1024	0.001756988582201302
908	m1024	0.001831446192227304
909	m1024	0.0016958456253632903
910	m1024	0.0016196323558688164
911	m1024	0.0016439659520983696
912	m1024	0.0017503462731838226
913	m1024	0.0017642328748479486
914	m1024	0.001693147118203342
915	m1024	0.0018232910661026835
916	m1024	0.0017008130671456456
917	m1024	0.001847594976425171
918	m1024	0.0016529979184269905
919	m1024	0.0018126578070223331
920	m1024	0.0018141471082344651
921	m1024	0.0016538206255063415
922	m1024	0.001736836857162416
923	m1024	0.0017430833540856838
924	m1024	0.0017224261537194252
925	m1024	0.0016827055951580405
926	m1024	0.0017205104231834412
927	m1024	0.0017955666407942772
928	m1024	0.001708294847048819
929	m1024	0.001758124097250402
930	m1024	0.0016750075155869126
931	m1024	0.0017411060398444533
932	m1024	0.001685161143541336
933	m1024	0.0014666053466498852
934	m1024	0.0017844411777332425
935	m1024	0.0017305631190538406
936	m1024	0.0015275055775418878
937	m1024	0.0017786031821742654
938	m1024	0.0015395674854516983
939	m1024	0.0015807744348421693
940	m1024	0.0018074177205562592
941	m1024	0.0016153076430782676
942	m1024	0.001760499202646315
943	m1024	0.0015768026933073997
944	m1024	0.001813166425563395
945	m1024	0.0018426034366711974
946	m1024	0.001817926298826933
947	m1024	0.001966721611097455
948	m1024	0.0018091853708028793
949	m1024	0.0018255546456202865
950	m1024	0.0017082992708310485
951	m1024	0.001813299022614956
952	m1024	0.0016745701432228088
953	m1024	0.0017316689481958747
954	m1024	0.0017403359524905682
955	m1024	0.0017355013405904174
956	m1024	0.0016134505858644843
957	m1024	0.001874172012321651
958	m1024	0.0017601576400920749
959	m1024	0.0016714738449081779
960	m1024	0.0017101262928918004
961	m1024	0.0015346715226769447
962	m1024	0.0017554895021021366
963	m1024	0.001804335624910891
964	m1024	0.0016838187584653497
965	m1024	0.0016091909492388368
966	m1024	0.0018599758623167872
967	m1024	0.0014957264065742493
968	m1024	0.0016982214292511344
969	m1024	0.0017174355452880263
970	m1024	0.0016844148049131036
971	m1024	0.0016440274193882942
972	m1024	0.0017574746161699295
973	m1024	0.0015352685004472733
974	m1024	0.0015903186285868287
975	m1024	0.0016951720463111997
976	m1024	0.001925799180753529
977	m1024	0.0017590703209862113
978	m1024	0.001492994837462902
979	m1024	0.0015400266274809837
980	m1024	0.0016668732278048992
981	m1024	0.0017384608509019017
982	m1024	0.001664668321609497
983	m1024	0.0016350863734260201
984	m1024	0.0015497403219342232
985	m1024	0.0017749480903148651
986	m1024	0.0018241958459839225
987	m1024	0.0015371480258181691
988	m1024	0.0018104453338310122
989	m1024	0.0015916191041469574
990	m1024	0.0016570758307352662
991	m1024	0.0015423977747559547
992	m1024	0.0015059380093589425
993	m1024	0.0018708583666011691
994	m1024	0.001647614291869104
995	m1024	0.0015717515489086509
996	m1024	0.001702072680927813
997	m1024	0.0014402292435988784
998	m1024	0.0017606172477826476
999	m1024	0.001617609872482717
