	Bas	Bmem	Bn	CD4mem	CD4nv	Tem	Tn	EOS	Mono	Neu	NK	Treg
cg23788058	0.796	0.919	0.94	0.869	0.285	0.897	0.693	0.437	0.949	0.919	0.94	0.9
cg21091766	0.672	0.688	0.858	0.874	0.936	0.458	0.322	0.583	0.811	0.697	0.739	0.872
cg16596052	0.886	0.876	0.888	0.833	0.591	0.826	0.116	0.901	0.936	0.914	0.922	0.858
cg21782213	0.931	0.942	0.945	0.828	0.314	0.935	0.934	0.943	0.953	0.953	0.949	0.919
cg15213052	0.952	0.947	0.949	0.939	0.891	0.935	0.346	0.96	0.968	0.965	0.841	0.949
cg17458390	0.073	0.101	0.077	0.068	0.184	0.114	0.692	0.06	0.055	0.051	0.072	0.077
cg19850895	0.946	0.914	0.94	0.925	0.934	0.869	0.426	0.929	0.96	0.924	0.908	0.946
cg27225309	0.079	0.922	0.585	0.748	0.266	0.518	0.347	0.071	0.351	0.29	0.186	0.179
cg17518643	0.941	0.947	0.954	0.581	0.245	0.887	0.791	0.583	0.929	0.909	0.91	0.719
cg12043508	0.79	0.771	0.881	0.909	0.916	0.881	0.453	0.833	0.823	0.802	0.724	0.923
cg20813776	0.94	0.925	0.931	0.89	0.937	0.386	0.91	0.929	0.937	0.923	0.848	0.924
cg00267793	0.149	0.927	0.921	0.916	0.92	0.921	0.92	0.921	0.939	0.937	0.933	0.9
cg17491554	0.918	0.061	0.849	0.793	0.943	0.772	0.941	0.946	0.941	0.948	0.903	0.812
cg02053685	0.893	0.865	0.875	0.848	0.816	0.907	0.477	0.936	0.933	0.924	0.726	0.936
cg08662013	0.954	0.896	0.959	0.775	0.507	0.896	0.945	0.952	0.968	0.959	0.944	0.859
cg05202121	0.879	0.856	0.872	0.844	0.832	0.807	0.805	0.115	0.784	0.658	0.861	0.734
cg11266582	0.748	0.8	0.753	0.679	0.697	0.714	0.691	0.064	0.821	0.731	0.808	0.635
cg07133479	0.789	0.862	0.948	0.533	0.248	0.75	0.738	0.531	0.92	0.891	0.866	0.581
cg07495335	0.959	0.953	0.955	0.503	0.309	0.816	0.673	0.959	0.972	0.967	0.968	0.861
cg10077978	0.358	0.051	0.606	0.05	0.18	0.037	0.615	0.514	0.42	0.727	0.201	0.043
cg22449583	0.859	0.864	0.886	0.739	0.757	0.341	0.237	0.89	0.868	0.881	0.624	0.883
cg26796793	0.964	0.965	0.963	0.956	0.951	0.859	0.473	0.97	0.969	0.965	0.967	0.954
cg17851021	0.916	0.851	0.945	0.895	0.944	0.599	0.44	0.917	0.95	0.927	0.929	0.883
cg01419713	0.948	0.756	0.94	0.219	0.888	0.653	0.877	0.954	0.96	0.955	0.952	0.366
cg05496363	0.881	0.811	0.917	0.78	0.819	0.472	0.177	0.892	0.91	0.876	0.881	0.773
cg26661738	0.946	0.942	0.941	0.596	0.116	0.939	0.241	0.958	0.962	0.959	0.961	0.652
cg25978218	0.059	0.272	0.327	0.522	0.931	0.078	0.888	0.044	0.099	0.059	0.048	0.26
cg04467549	0.961	0.959	0.961	0.938	0.954	0.309	0.859	0.968	0.97	0.968	0.683	0.957
cg14027234	0.682	0.7	0.717	0.749	0.744	0.61	0.261	0.657	0.74	0.715	0.76	0.78
cg22324641	0.947	0.944	0.954	0.687	0.436	0.946	0.95	0.958	0.958	0.955	0.956	0.794
cg17717565	0.896	0.913	0.92	0.905	0.904	0.943	0.928	0.174	0.93	0.771	0.93	0.926
cg11778706	0.955	0.953	0.952	0.878	0.538	0.948	0.889	0.967	0.968	0.965	0.964	0.951
cg08486432	0.899	0.906	0.895	0.782	0.412	0.918	0.819	0.92	0.919	0.922	0.929	0.855
cg08012294	0.931	0.942	0.954	0.437	0.898	0.942	0.958	0.963	0.944	0.958	0.959	0.775
cg10165241	0.951	0.925	0.934	0.924	0.96	0.605	0.949	0.961	0.967	0.963	0.074	0.955
cg14656948	0.939	0.666	0.18	0.882	0.949	0.811	0.949	0.953	0.957	0.961	0.95	0.902
cg10934870	0.935	0.9	0.929	0.908	0.917	0.922	0.935	0.943	0.929	0.155	0.948	0.92
cg03077364	0.919	0.886	0.765	0.932	0.743	0.939	0.343	0.879	0.96	0.942	0.936	0.941
cg06768361	0.061	0.94	0.942	0.929	0.936	0.932	0.932	0.429	0.922	0.931	0.931	0.929
cg02442623	0.336	0.048	0.044	0.394	0.724	0.379	0.481	0.049	0.261	0.27	0.198	0.085
cg03637218	0.929	0.929	0.93	0.931	0.938	0.927	0.948	0.74	0.957	0.112	0.951	0.939
cg23950233	0.083	0.04	0.3	0.31	0.573	0.104	0.247	0.064	0.107	0.103	0.14	0.328
cg23883802	0.747	0.591	0.842	0.71	0.772	0.663	0.486	0.758	0.831	0.807	0.833	0.761
cg18152211	0.892	0.914	0.941	0.704	0.474	0.826	0.303	0.915	0.952	0.939	0.934	0.774
cg13022312	0.049	0.195	0.165	0.613	0.171	0.258	0.141	0.029	0.042	0.038	0.126	0.831
cg13585320	0.897	0.944	0.931	0.33	0.872	0.112	0.789	0.896	0.802	0.831	0.55	0.384
cg01070424	0.285	0.162	0.235	0.377	0.853	0.368	0.429	0.578	0.424	0.473	0.422	0.314
cg07616471	0.91	0.78	0.947	0.57	0.956	0.122	0.91	0.954	0.95	0.953	0.858	0.472
cg14055887	0.84	0.827	0.941	0.566	0.935	0.28	0.867	0.728	0.909	0.81	0.837	0.523
cg27111050	0.085	0.066	0.064	0.251	0.868	0.165	0.883	0.059	0.047	0.045	0.507	0.089
cg14297410	0.404	0.06	0.051	0.258	0.913	0.127	0.847	0.054	0.064	0.041	0.081	0.089
cg08585614	0.835	0.872	0.948	0.84	0.766	0.839	0.54	0.878	0.895	0.873	0.739	0.844
cg06114546	0.864	0.824	0.872	0.797	0.653	0.827	0.52	0.828	0.891	0.871	0.878	0.829
cg12743031	0.533	0.103	0.556	0.12	0.099	0.08	0.097	0.387	0.809	0.627	0.071	0.079
cg13487687	0.899	0.926	0.922	0.923	0.864	0.867	0.489	0.929	0.958	0.953	0.932	0.925
cg21767619	0.143	0.102	0.068	0.078	0.07	0.062	0.073	0.813	0.923	0.917	0.048	0.071
cg15408905	0.425	0.428	0.689	0.127	0.081	0.095	0.097	0.266	0.939	0.935	0.127	0.124
cg14133557	0.614	0.741	0.82	0.814	0.823	0.794	0.875	0.755	0.798	0.765	0.054	0.854
cg16036025	0.081	0.095	0.084	0.152	0.144	0.649	0.455	0.058	0.065	0.059	0.232	0.263
cg20029347	0.035	0.049	0.035	0.38	0.074	0.578	0.24	0.029	0.028	0.034	0.038	0.311
cg07619820	0.937	0.929	0.935	0.933	0.942	0.939	0.943	0.892	0.948	0.134	0.953	0.931
cg10168351	0.931	0.945	0.946	0.913	0.572	0.954	0.954	0.943	0.964	0.962	0.96	0.946
cg07721852	0.056	0.117	0.09	0.338	0.076	0.739	0.157	0.053	0.046	0.055	0.252	0.401
cg20652042	0.75	0.83	0.883	0.737	0.915	0.24	0.816	0.747	0.765	0.719	0.791	0.854
cg07949587	0.966	0.962	0.967	0.896	0.921	0.798	0.609	0.969	0.972	0.969	0.964	0.95
cg02586212	0.293	0.084	0.542	0.184	0.127	0.121	0.146	0.064	0.674	0.769	0.089	0.084
cg18550847	0.922	0.917	0.924	0.906	0.919	0.931	0.941	0.175	0.942	0.862	0.93	0.932
cg00510903	0.911	0.83	0.947	0.719	0.935	0.677	0.931	0.922	0.946	0.935	0.103	0.694
cg27551910	0.185	0.304	0.285	0.134	0.251	0.168	0.324	0.326	0.735	0.694	0.483	0.177
cg04741118	0.168	0.215	0.864	0.361	0.06	0.547	0.156	0.065	0.94	0.763	0.587	0.227
cg21710377	0.736	0.067	0.636	0.082	0.064	0.053	0.057	0.796	0.685	0.231	0.052	0.06
cg04423493	0.109	0.292	0.122	0.474	0.152	0.134	0.094	0.061	0.086	0.067	0.061	0.798
cg08055860	0.954	0.463	0.138	0.881	0.958	0.792	0.95	0.933	0.95	0.916	0.95	0.905
cg03331259	0.054	0.121	0.264	0.212	0.27	0.319	0.583	0.043	0.193	0.235	0.207	0.301
cg24557547	0.786	0.901	0.929	0.628	0.586	0.741	0.436	0.821	0.886	0.799	0.68	0.71
cg08708167	0.251	0.196	0.866	0.06	0.063	0.052	0.055	0.048	0.046	0.041	0.045	0.059
cg09242530	0.961	0.484	0.099	0.958	0.96	0.96	0.964	0.96	0.969	0.968	0.964	0.959
cg25559081	0.963	0.954	0.96	0.77	0.611	0.893	0.921	0.967	0.972	0.969	0.968	0.902
cg06187522	0.936	0.933	0.943	0.873	0.948	0.424	0.914	0.952	0.946	0.95	0.605	0.919
cg00819880	0.533	0.825	0.896	0.609	0.43	0.536	0.182	0.723	0.756	0.736	0.852	0.707
cg00108812	0.943	0.938	0.939	0.935	0.935	0.948	0.945	0.93	0.865	0.194	0.954	0.935
cg26755038	0.178	0.165	0.251	0.307	0.561	0.267	0.387	0.167	0.061	0.082	0.182	0.16
cg01054652	0.919	0.863	0.951	0.944	0.951	0.95	0.951	0.825	0.734	0.107	0.96	0.94
cg12392667	0.063	0.081	0.076	0.198	0.343	0.412	0.735	0.055	0.054	0.053	0.193	0.164
cg00460916	0.918	0.743	0.929	0.727	0.902	0.245	0.77	0.927	0.934	0.921	0.621	0.632
cg05501357	0.86	0.876	0.912	0.901	0.916	0.898	0.919	0.568	0.823	0.125	0.913	0.863
cg14375890	0.117	0.106	0.223	0.111	0.063	0.144	0.076	0.058	0.855	0.839	0.339	0.094
cg03037030	0.383	0.05	0.062	0.069	0.297	0.095	0.721	0.31	0.047	0.07	0.47	0.06
cg07728865	0.943	0.876	0.956	0.4	0.118	0.845	0.38	0.945	0.957	0.938	0.854	0.613
cg16070350	0.834	0.762	0.938	0.81	0.491	0.59	0.171	0.911	0.953	0.936	0.942	0.825
cg12369481	0.958	0.952	0.958	0.743	0.102	0.677	0.218	0.96	0.965	0.964	0.805	0.825
cg06502391	0.057	0.09	0.191	0.19	0.555	0.178	0.432	0.045	0.06	0.061	0.065	0.174
cg11759703	0.144	0.398	0.538	0.12	0.077	0.112	0.083	0.694	0.95	0.927	0.057	0.169
cg24515352	0.088	0.739	0.942	0.149	0.13	0.142	0.094	0.168	0.204	0.385	0.626	0.147
cg19861222	0.966	0.962	0.968	0.943	0.955	0.534	0.947	0.97	0.974	0.971	0.842	0.964
cg13757832	0.928	0.877	0.879	0.836	0.908	0.84	0.923	0.896	0.933	0.841	0.258	0.919
cg06721435	0.859	0.898	0.844	0.835	0.88	0.826	0.884	0.87	0.125	0.669	0.508	0.797
cg07854989	0.94	0.397	0.097	0.935	0.938	0.885	0.949	0.937	0.94	0.951	0.881	0.909
cg03097275	0.054	0.819	0.183	0.046	0.092	0.045	0.05	0.034	0.041	0.035	0.033	0.059
cg04369622	0.89	0.871	0.931	0.9	0.953	0.872	0.949	0.093	0.918	0.673	0.889	0.917
cg03421440	0.905	0.954	0.952	0.537	0.939	0.116	0.84	0.945	0.948	0.941	0.302	0.915
cg17413540	0.934	0.894	0.934	0.584	0.12	0.793	0.208	0.938	0.951	0.945	0.864	0.78
cg16919680	0.457	0.516	0.92	0.208	0.378	0.083	0.122	0.41	0.54	0.495	0.128	0.225
cg25327212	0.921	0.272	0.065	0.86	0.942	0.85	0.937	0.929	0.943	0.927	0.933	0.841
cg10043448	0.279	0.092	0.085	0.36	0.268	0.498	0.24	0.319	0.867	0.871	0.26	0.555
cg02690807	0.946	0.933	0.953	0.893	0.61	0.942	0.943	0.944	0.949	0.947	0.934	0.886
cg14733053	0.084	0.28	0.084	0.322	0.117	0.722	0.162	0.049	0.073	0.065	0.778	0.704
cg13132267	0.956	0.504	0.139	0.93	0.953	0.921	0.959	0.959	0.969	0.965	0.963	0.93
cg03601752	0.061	0.05	0.083	0.187	0.393	0.062	0.197	0.041	0.138	0.099	0.046	0.21
cg22897715	0.043	0.139	0.095	0.162	0.271	0.103	0.213	0.032	0.04	0.044	0.637	0.08
cg03340102	0.43	0.449	0.432	0.366	0.158	0.474	0.449	0.432	0.464	0.451	0.494	0.427
cg00362818	0.925	0.808	0.935	0.697	0.931	0.265	0.906	0.935	0.947	0.934	0.425	0.563
cg02153245	0.906	0.816	0.941	0.533	0.907	0.349	0.849	0.899	0.915	0.875	0.844	0.463
cg03478159	0.943	0.795	0.947	0.942	0.95	0.942	0.954	0.954	0.177	0.957	0.954	0.945
cg22053687	0.711	0.955	0.952	0.569	0.947	0.84	0.955	0.894	0.962	0.957	0.925	0.777
cg00908794	0.946	0.93	0.952	0.946	0.955	0.947	0.958	0.911	0.095	0.918	0.967	0.946
cg01923724	0.941	0.886	0.95	0.9	0.949	0.911	0.949	0.896	0.927	0.176	0.92	0.914
cg03083290	0.282	0.095	0.11	0.093	0.065	0.076	0.066	0.759	0.787	0.895	0.094	0.076
cg05770620	0.951	0.86	0.957	0.298	0.865	0.677	0.941	0.912	0.967	0.96	0.961	0.509
cg02895591	0.114	0.846	0.939	0.116	0.096	0.123	0.116	0.056	0.306	0.096	0.308	0.123
cg21889405	0.106	0.344	0.312	0.212	0.126	0.717	0.423	0.101	0.122	0.148	0.457	0.258
cg27469152	0.8	0.725	0.86	0.753	0.856	0.749	0.875	0.166	0.859	0.807	0.837	0.798
cg18948661	0.951	0.952	0.954	0.942	0.95	0.905	0.955	0.965	0.966	0.962	0.123	0.953
cg00863309	0.934	0.746	0.215	0.915	0.905	0.92	0.871	0.956	0.963	0.962	0.672	0.927
cg10638769	0.896	0.826	0.885	0.865	0.876	0.777	0.897	0.869	0.91	0.696	0.233	0.859
cg09607102	0.836	0.722	0.874	0.682	0.407	0.817	0.625	0.873	0.882	0.853	0.786	0.775
cg11112605	0.85	0.88	0.899	0.836	0.882	0.834	0.886	0.215	0.892	0.846	0.872	0.854
cg08639757	0.117	0.707	0.48	0.162	0.081	0.471	0.122	0.115	0.922	0.876	0.211	0.239
cg17062760	0.865	0.9	0.912	0.9	0.913	0.927	0.927	0.095	0.905	0.736	0.925	0.924
cg04073934	0.932	0.906	0.934	0.652	0.544	0.861	0.769	0.957	0.945	0.925	0.943	0.894
cg07431832	0.917	0.94	0.95	0.942	0.941	0.952	0.94	0.637	0.944	0.209	0.949	0.94
cg03016258	0.943	0.214	0.883	0.827	0.939	0.808	0.947	0.951	0.954	0.948	0.939	0.829
cg13613174	0.944	0.898	0.957	0.558	0.949	0.07	0.841	0.951	0.958	0.833	0.098	0.92
cg06805366	0.937	0.956	0.958	0.943	0.685	0.949	0.472	0.878	0.949	0.942	0.95	0.945
cg16008150	0.892	0.94	0.946	0.4	0.894	0.882	0.948	0.936	0.953	0.944	0.939	0.63
cg04348305	0.958	0.956	0.96	0.937	0.592	0.955	0.36	0.967	0.969	0.966	0.962	0.941
cg24309788	0.943	0.787	0.952	0.769	0.954	0.957	0.962	0.962	0.968	0.963	0.957	0.445
cg27400424	0.946	0.923	0.949	0.828	0.941	0.813	0.949	0.081	0.961	0.83	0.95	0.839
cg02342895	0.879	0.944	0.954	0.928	0.935	0.934	0.935	0.774	0.641	0.191	0.885	0.945
cg17248730	0.049	0.114	0.047	0.135	0.065	0.458	0.076	0.041	0.044	0.044	0.044	0.08
cg24920933	0.947	0.94	0.945	0.9	0.483	0.924	0.801	0.956	0.962	0.958	0.941	0.922
cg10650821	0.177	0.077	0.19	0.091	0.33	0.168	0.503	0.168	0.129	0.129	0.319	0.099
cg08771076	0.757	0.854	0.95	0.642	0.947	0.158	0.914	0.905	0.915	0.915	0.837	0.551
cg22962965	0.081	0.116	0.096	0.28	0.746	0.483	0.85	0.064	0.053	0.054	0.341	0.183
cg04054221	0.849	0.537	0.796	0.794	0.905	0.866	0.904	0.696	0.083	0.684	0.823	0.872
cg14227558	0.047	0.257	0.082	0.412	0.312	0.162	0.131	0.037	0.051	0.036	0.041	0.077
cg20066792	0.162	0.685	0.915	0.275	0.386	0.231	0.161	0.254	0.72	0.266	0.192	0.236
cg23390360	0.925	0.897	0.947	0.91	0.946	0.909	0.945	0.794	0.927	0.224	0.935	0.918
cg11133963	0.925	0.912	0.94	0.924	0.946	0.647	0.844	0.938	0.929	0.943	0.261	0.937
cg00683371	0.844	0.06	0.734	0.778	0.935	0.794	0.935	0.716	0.802	0.861	0.884	0.798
cg11473412	0.908	0.487	0.124	0.872	0.828	0.936	0.907	0.94	0.937	0.923	0.905	0.93
cg09401696	0.939	0.919	0.953	0.679	0.937	0.904	0.944	0.943	0.952	0.947	0.955	0.209
cg21822146	0.879	0.503	0.115	0.894	0.94	0.906	0.94	0.93	0.936	0.941	0.945	0.887
cg23045908	0.662	0.083	0.093	0.184	0.096	0.172	0.125	0.237	0.134	0.091	0.729	0.104
cg23990557	0.908	0.913	0.944	0.899	0.936	0.907	0.935	0.062	0.924	0.595	0.916	0.899
cg11341610	0.171	0.144	0.806	0.182	0.461	0.17	0.395	0.038	0.135	0.055	0.531	0.18
cg08657911	0.946	0.934	0.943	0.817	0.935	0.501	0.938	0.949	0.953	0.953	0.939	0.862
cg12286428	0.854	0.824	0.877	0.429	0.755	0.176	0.556	0.881	0.873	0.865	0.821	0.386
cg13647520	0.084	0.151	0.718	0.259	0.366	0.125	0.355	0.038	0.158	0.037	0.047	0.35
cg25600606	0.954	0.962	0.96	0.954	0.959	0.962	0.962	0.917	0.95	0.156	0.965	0.954
cg18327204	0.952	0.833	0.949	0.924	0.949	0.505	0.942	0.961	0.966	0.961	0.921	0.933
cg18585849	0.938	0.812	0.935	0.604	0.908	0.843	0.939	0.937	0.954	0.951	0.83	0.339
cg16386158	0.682	0.946	0.953	0.929	0.951	0.914	0.955	0.063	0.961	0.886	0.793	0.935
cg06202778	0.944	0.945	0.962	0.829	0.952	0.402	0.916	0.951	0.903	0.934	0.048	0.948
cg08847738	0.958	0.96	0.962	0.885	0.726	0.944	0.484	0.96	0.971	0.964	0.964	0.915
cg21015019	0.87	0.111	0.751	0.838	0.916	0.811	0.912	0.879	0.912	0.91	0.857	0.832
cg00504885	0.904	0.071	0.78	0.876	0.903	0.795	0.899	0.911	0.915	0.918	0.913	0.875
cg27276522	0.944	0.893	0.951	0.851	0.872	0.764	0.533	0.909	0.947	0.937	0.876	0.903
cg03243485	0.052	0.216	0.06	0.454	0.094	0.321	0.093	0.047	0.048	0.051	0.052	0.718
cg14426596	0.174	0.473	0.496	0.258	0.244	0.419	0.449	0.455	0.772	0.516	0.614	0.36
cg06125671	0.797	0.908	0.947	0.926	0.942	0.926	0.949	0.066	0.951	0.91	0.937	0.938
cg16099687	0.049	0.665	0.347	0.124	0.28	0.114	0.367	0.044	0.049	0.049	0.155	0.084
cg16669099	0.757	0.901	0.69	0.723	0.119	0.915	0.295	0.874	0.825	0.849	0.873	0.399
cg16694480	0.616	0.659	0.546	0.677	0.379	0.604	0.258	0.706	0.686	0.658	0.509	0.699
cg06117093	0.732	0.105	0.188	0.203	0.141	0.468	0.328	0.435	0.073	0.104	0.938	0.233
cg14772800	0.068	0.176	0.07	0.343	0.161	0.489	0.208	0.055	0.051	0.053	0.134	0.268
cg27177308	0.92	0.472	0.114	0.921	0.921	0.933	0.938	0.94	0.747	0.907	0.937	0.923
cg13928417	0.071	0.126	0.065	0.176	0.089	0.562	0.16	0.072	0.059	0.064	0.096	0.215
cg00215902	0.879	0.797	0.926	0.805	0.937	0.832	0.932	0.105	0.916	0.684	0.927	0.785
cg07389319	0.267	0.301	0.501	0.398	0.809	0.593	0.879	0.382	0.276	0.34	0.234	0.287
cg26441038	0.712	0.376	0.58	0.189	0.151	0.293	0.299	0.273	0.086	0.083	0.753	0.163
cg26980692	0.059	0.07	0.055	0.552	0.185	0.397	0.161	0.045	0.058	0.056	0.083	0.673
cg07162264	0.887	0.144	0.825	0.854	0.877	0.849	0.862	0.885	0.907	0.901	0.9	0.815
cg20433365	0.898	0.853	0.935	0.626	0.88	0.363	0.766	0.906	0.918	0.891	0.825	0.704
cg05851333	0.956	0.817	0.958	0.458	0.943	0.727	0.951	0.966	0.964	0.964	0.947	0.627
cg27057036	0.935	0.788	0.94	0.928	0.942	0.932	0.949	0.9	0.137	0.927	0.94	0.922
cg25939505	0.253	0.054	0.055	0.352	0.288	0.119	0.205	0.08	0.879	0.774	0.159	0.268
cg20608786	0.91	0.883	0.918	0.835	0.56	0.892	0.466	0.925	0.923	0.917	0.919	0.908
cg11958949	0.758	0.356	0.31	0.31	0.372	0.176	0.327	0.875	0.254	0.866	0.101	0.295
cg19261633	0.92	0.877	0.951	0.827	0.925	0.645	0.876	0.906	0.932	0.926	0.084	0.87
cg14655471	0.942	0.101	0.918	0.922	0.955	0.913	0.958	0.947	0.957	0.957	0.914	0.914
cg07125725	0.932	0.661	0.708	0.789	0.777	0.902	0.87	0.927	0.179	0.869	0.951	0.897
cg02179849	0.928	0.939	0.951	0.938	0.949	0.925	0.956	0.061	0.95	0.85	0.938	0.95
cg19656615	0.722	0.612	0.766	0.735	0.866	0.743	0.86	0.784	0.76	0.763	0.079	0.749
cg18144849	0.939	0.745	0.954	0.822	0.952	0.578	0.941	0.949	0.956	0.952	0.912	0.883
cg15169266	0.945	0.916	0.954	0.897	0.95	0.9	0.952	0.943	0.938	0.198	0.951	0.887
cg03873220	0.875	0.709	0.908	0.68	0.868	0.819	0.911	0.878	0.91	0.918	0.895	0.387
cg10900543	0.952	0.833	0.953	0.451	0.94	0.457	0.919	0.958	0.96	0.957	0.93	0.157
cg24609140	0.96	0.835	0.955	0.744	0.954	0.406	0.919	0.963	0.967	0.964	0.706	0.833
cg08332992	0.628	0.888	0.879	0.888	0.896	0.9	0.906	0.115	0.883	0.851	0.824	0.872
cg20641531	0.945	0.936	0.951	0.95	0.953	0.955	0.957	0.953	0.143	0.751	0.959	0.949
cg07256732	0.929	0.878	0.946	0.604	0.889	0.806	0.876	0.888	0.927	0.922	0.864	0.767
cg00612332	0.068	0.878	0.951	0.062	0.051	0.098	0.071	0.032	0.049	0.033	0.272	0.082
cg22031103	0.892	0.887	0.935	0.337	0.736	0.72	0.87	0.906	0.912	0.892	0.912	0.279
cg10368122	0.413	0.575	0.824	0.4	0.55	0.396	0.467	0.347	0.507	0.501	0.072	0.589
cg02304134	0.735	0.867	0.925	0.581	0.881	0.254	0.763	0.71	0.787	0.766	0.411	0.72
cg26971042	0.108	0.09	0.04	0.176	0.04	0.511	0.064	0.163	0.11	0.126	0.805	0.443
cg02035448	0.961	0.952	0.956	0.709	0.095	0.936	0.239	0.963	0.969	0.966	0.959	0.913
cg04966774	0.842	0.735	0.919	0.52	0.927	0.397	0.891	0.798	0.856	0.81	0.825	0.535
cg21857449	0.875	0.76	0.943	0.682	0.369	0.822	0.433	0.822	0.889	0.876	0.816	0.849
cg22317385	0.365	0.352	0.106	0.068	0.059	0.054	0.06	0.852	0.705	0.829	0.048	0.064
cg22209098	0.922	0.665	0.348	0.849	0.795	0.855	0.873	0.929	0.943	0.937	0.875	0.888
cg11977361	0.826	0.868	0.885	0.842	0.864	0.87	0.861	0.051	0.821	0.549	0.854	0.823
cg01604809	0.226	0.967	0.969	0.92	0.818	0.875	0.827	0.882	0.962	0.955	0.945	0.947
cg05759347	0.066	0.071	0.085	0.559	0.168	0.819	0.315	0.049	0.048	0.044	0.231	0.552
cg14110920	0.94	0.91	0.953	0.767	0.698	0.734	0.419	0.95	0.953	0.949	0.9	0.846
cg03522489	0.942	0.113	0.877	0.941	0.945	0.939	0.952	0.949	0.956	0.959	0.956	0.939
cg02647748	0.944	0.954	0.957	0.948	0.95	0.951	0.957	0.945	0.095	0.83	0.961	0.944
cg24481177	0.831	0.911	0.935	0.854	0.936	0.907	0.943	0.104	0.937	0.842	0.94	0.901
cg10458600	0.95	0.938	0.958	0.699	0.252	0.942	0.346	0.941	0.962	0.949	0.93	0.82
cg19918549	0.594	0.082	0.096	0.077	0.073	0.078	0.069	0.371	0.098	0.235	0.063	0.088
cg13699412	0.951	0.947	0.951	0.942	0.95	0.948	0.953	0.66	0.95	0.09	0.954	0.948
cg03990261	0.916	0.908	0.938	0.866	0.909	0.908	0.924	0.874	0.861	0.304	0.907	0.861
cg24957609	0.921	0.106	0.158	0.151	0.131	0.121	0.144	0.515	0.909	0.621	0.1	0.146
cg16550651	0.92	0.277	0.855	0.927	0.948	0.942	0.955	0.867	0.95	0.92	0.94	0.941
cg04496578	0.952	0.684	0.124	0.951	0.956	0.957	0.957	0.959	0.947	0.96	0.968	0.949
cg04657000	0.916	0.872	0.958	0.6	0.949	0.285	0.883	0.95	0.965	0.946	0.551	0.754
cg08828733	0.517	0.457	0.573	0.371	0.306	0.533	0.162	0.518	0.502	0.498	0.521	0.509
cg24760187	0.082	0.093	0.091	0.165	0.514	0.189	0.701	0.088	0.054	0.069	0.407	0.096
cg02970679	0.922	0.859	0.922	0.86	0.931	0.864	0.93	0.348	0.948	0.92	0.927	0.858
cg03896685	0.932	0.792	0.947	0.731	0.949	0.567	0.942	0.947	0.958	0.951	0.852	0.782
cg05869699	0.08	0.688	0.255	0.089	0.114	0.096	0.094	0.065	0.065	0.059	0.073	0.099
cg23084667	0.514	0.606	0.6	0.359	0.172	0.244	0.117	0.898	0.913	0.417	0.7	0.463
cg15810023	0.951	0.93	0.955	0.93	0.953	0.84	0.953	0.952	0.903	0.185	0.947	0.936
cg03048488	0.933	0.889	0.935	0.813	0.935	0.748	0.929	0.957	0.942	0.945	0.164	0.878
cg00920892	0.282	0.107	0.098	0.542	0.378	0.37	0.391	0.54	0.84	0.808	0.093	0.525
cg17701258	0.155	0.194	0.093	0.485	0.232	0.214	0.169	0.191	0.139	0.271	0.054	0.585
cg10699171	0.394	0.077	0.087	0.091	0.083	0.084	0.077	0.926	0.644	0.93	0.064	0.081
cg27298253	0.806	0.855	0.943	0.762	0.925	0.404	0.85	0.908	0.918	0.926	0.738	0.79
cg14463395	0.908	0.881	0.939	0.939	0.578	0.96	0.779	0.918	0.888	0.904	0.96	0.947
cg26074552	0.925	0.928	0.94	0.857	0.901	0.581	0.842	0.94	0.947	0.941	0.884	0.915
cg10480329	0.954	0.938	0.953	0.953	0.954	0.959	0.962	0.936	0.095	0.919	0.968	0.955
cg17526357	0.928	0.858	0.936	0.878	0.944	0.912	0.946	0.337	0.718	0.891	0.938	0.892
cg10761804	0.057	0.057	0.068	0.42	0.631	0.184	0.484	0.037	0.043	0.049	0.066	0.443
cg08243981	0.905	0.492	0.9	0.573	0.888	0.209	0.822	0.705	0.872	0.865	0.674	0.61
cg07655126	0.632	0.231	0.61	0.412	0.44	0.199	0.486	0.852	0.244	0.59	0.076	0.198
cg03833097	0.899	0.897	0.949	0.71	0.938	0.857	0.942	0.917	0.933	0.929	0.932	0.292
cg00322928	0.913	0.165	0.82	0.888	0.921	0.901	0.918	0.905	0.902	0.907	0.918	0.902
cg24736010	0.113	0.936	0.94	0.915	0.933	0.913	0.936	0.899	0.947	0.946	0.93	0.921
cg10096215	0.207	0.053	0.097	0.185	0.056	0.622	0.128	0.043	0.096	0.041	0.723	0.182
cg08698681	0.852	0.875	0.888	0.909	0.912	0.908	0.911	0.422	0.893	0.853	0.906	0.915
cg17035174	0.233	0.189	0.249	0.272	0.319	0.268	0.536	0.223	0.256	0.259	0.221	0.245
cg01207474	0.067	0.72	0.322	0.237	0.067	0.448	0.12	0.079	0.275	0.286	0.094	0.434
cg22043544	0.913	0.897	0.96	0.407	0.909	0.595	0.935	0.926	0.969	0.953	0.925	0.626
cg14043316	0.828	0.779	0.719	0.874	0.93	0.9	0.941	0.823	0.148	0.654	0.89	0.834
cg17689473	0.048	0.357	0.087	0.3	0.166	0.605	0.264	0.055	0.08	0.094	0.253	0.179
cg00789615	0.946	0.907	0.939	0.559	0.913	0.889	0.935	0.956	0.948	0.945	0.946	0.798
cg24111259	0.921	0.941	0.943	0.577	0.926	0.62	0.904	0.946	0.963	0.956	0.777	0.158
cg00094401	0.953	0.931	0.953	0.623	0.842	0.68	0.795	0.874	0.956	0.838	0.932	0.196
cg16495530	0.95	0.74	0.171	0.958	0.889	0.961	0.95	0.851	0.902	0.952	0.747	0.963
cg21057467	0.868	0.821	0.956	0.863	0.954	0.595	0.928	0.905	0.9	0.875	0.067	0.904
cg15876825	0.963	0.972	0.969	0.964	0.964	0.962	0.961	0.951	0.977	0.972	0.481	0.965
cg26264767	0.956	0.788	0.148	0.946	0.953	0.955	0.955	0.96	0.966	0.963	0.953	0.948
cg26366091	0.806	0.389	0.836	0.341	0.287	0.394	0.388	0.499	0.058	0.061	0.1	0.379
cg04987438	0.17	0.12	0.572	0.243	0.805	0.182	0.706	0.266	0.279	0.256	0.338	0.129
cg18082735	0.199	0.213	0.588	0.216	0.186	0.291	0.225	0.205	0.308	0.285	0.405	0.231
cg18254053	0.927	0.943	0.958	0.929	0.954	0.923	0.956	0.941	0.701	0.321	0.937	0.947
cg03284117	0.915	0.598	0.94	0.784	0.941	0.343	0.911	0.906	0.915	0.91	0.854	0.751
cg06149826	0.16	0.374	0.836	0.157	0.217	0.107	0.202	0.155	0.894	0.811	0.271	0.1
cg10595031	0.91	0.741	0.918	0.751	0.535	0.746	0.36	0.927	0.932	0.911	0.869	0.706
cg01943873	0.055	0.203	0.053	0.196	0.102	0.636	0.264	0.049	0.044	0.047	0.166	0.266
cg10718835	0.934	0.612	0.134	0.92	0.895	0.938	0.897	0.954	0.967	0.957	0.908	0.931
cg27345524	0.591	0.048	0.05	0.094	0.078	0.191	0.216	0.333	0.373	0.301	0.81	0.062
cg06601071	0.49	0.13	0.103	0.198	0.119	0.404	0.101	0.691	0.272	0.524	0.31	0.164
cg25435020	0.922	0.255	0.635	0.626	0.659	0.596	0.644	0.103	0.505	0.257	0.581	0.659
cg14966453	0.956	0.873	0.959	0.406	0.931	0.661	0.913	0.963	0.966	0.967	0.959	0.236
cg10008461	0.198	0.874	0.607	0.225	0.34	0.311	0.406	0.274	0.523	0.457	0.521	0.195
cg11474081	0.842	0.061	0.186	0.135	0.202	0.068	0.068	0.701	0.23	0.674	0.065	0.171
cg24921089	0.163	0.163	0.136	0.266	0.271	0.539	0.404	0.126	0.138	0.122	0.294	0.23
cg15384400	0.717	0.099	0.097	0.137	0.116	0.098	0.096	0.679	0.282	0.094	0.074	0.147
cg23760254	0.891	0.19	0.794	0.881	0.888	0.875	0.884	0.896	0.873	0.877	0.885	0.88
cg05980836	0.937	0.896	0.935	0.499	0.911	0.678	0.928	0.948	0.951	0.945	0.941	0.21
cg08087047	0.731	0.821	0.821	0.82	0.835	0.652	0.838	0.703	0.85	0.804	0.145	0.845
cg09948350	0.942	0.882	0.946	0.883	0.944	0.893	0.947	0.77	0.935	0.171	0.953	0.911
cg22488278	0.954	0.714	0.937	0.929	0.956	0.662	0.942	0.966	0.959	0.961	0.073	0.957
cg08786188	0.925	0.075	0.83	0.886	0.94	0.886	0.943	0.74	0.929	0.896	0.938	0.898
cg14656127	0.934	0.959	0.965	0.959	0.961	0.96	0.967	0.957	0.097	0.898	0.962	0.963
cg25026693	0.943	0.929	0.84	0.94	0.943	0.959	0.954	0.781	0.086	0.855	0.954	0.949
cg20517277	0.747	0.317	0.095	0.543	0.486	0.368	0.386	0.602	0.336	0.243	0.076	0.52
cg18688142	0.185	0.052	0.053	0.3	0.419	0.166	0.282	0.849	0.334	0.883	0.053	0.12
cg19329549	0.067	0.043	0.041	0.061	0.042	0.19	0.047	0.095	0.152	0.421	0.333	0.055
cg00649318	0.112	0.196	0.189	0.196	0.183	0.144	0.139	0.136	0.821	0.627	0.1	0.325
cg21566773	0.913	0.645	0.929	0.915	0.941	0.935	0.953	0.935	0.093	0.768	0.948	0.905
cg04656451	0.089	0.044	0.049	0.41	0.143	0.58	0.323	0.043	0.034	0.041	0.181	0.197
cg08515427	0.924	0.221	0.851	0.899	0.952	0.918	0.949	0.927	0.931	0.928	0.954	0.911
cg06721910	0.07	0.053	0.393	0.079	0.049	0.087	0.056	0.05	0.542	0.497	0.06	0.072
cg09322573	0.867	0.894	0.889	0.935	0.932	0.938	0.928	0.825	0.07	0.632	0.908	0.926
cg21365733	0.851	0.813	0.924	0.766	0.922	0.606	0.877	0.867	0.935	0.924	0.122	0.838
cg09221159	0.502	0.078	0.172	0.09	0.07	0.07	0.072	0.777	0.489	0.764	0.095	0.076
cg07143462	0.942	0.952	0.95	0.939	0.948	0.935	0.954	0.675	0.885	0.148	0.919	0.94
cg06700877	0.784	0.77	0.799	0.672	0.719	0.59	0.471	0.757	0.787	0.768	0.774	0.627
cg08538069	0.85	0.92	0.961	0.89	0.957	0.904	0.955	0.055	0.961	0.899	0.946	0.899
cg06432889	0.061	0.148	0.613	0.068	0.054	0.062	0.093	0.042	0.046	0.074	0.342	0.062
cg07755228	0.104	0.148	0.167	0.277	0.455	0.155	0.532	0.084	0.125	0.122	0.086	0.271
cg10245608	0.122	0.157	0.112	0.261	0.176	0.525	0.261	0.108	0.112	0.139	0.142	0.301
cg08560070	0.927	0.849	0.933	0.924	0.935	0.934	0.937	0.897	0.1	0.912	0.945	0.933
cg23850174	0.062	0.065	0.059	0.468	0.091	0.81	0.198	0.052	0.048	0.057	0.136	0.421
cg04699519	0.926	0.094	0.836	0.916	0.94	0.928	0.946	0.934	0.942	0.944	0.943	0.921
cg12145099	0.875	0.767	0.926	0.779	0.581	0.936	0.781	0.889	0.868	0.827	0.904	0.869
cg10898971	0.943	0.65	0.17	0.941	0.947	0.948	0.954	0.944	0.95	0.937	0.942	0.951
cg12716601	0.362	0.05	0.044	0.354	0.32	0.497	0.494	0.149	0.09	0.06	0.811	0.259
cg21781671	0.952	0.627	0.167	0.95	0.954	0.961	0.959	0.959	0.963	0.954	0.944	0.951
cg11311865	0.799	0.046	0.092	0.111	0.346	0.056	0.312	0.821	0.159	0.786	0.239	0.081
cg13233688	0.062	0.217	0.109	0.44	0.103	0.796	0.236	0.033	0.033	0.036	0.313	0.539
cg23451129	0.932	0.167	0.908	0.91	0.93	0.914	0.939	0.936	0.941	0.948	0.931	0.921
cg22272473	0.617	0.215	0.418	0.128	0.074	0.239	0.102	0.541	0.808	0.426	0.54	0.148
cg26999041	0.933	0.938	0.953	0.888	0.952	0.737	0.945	0.943	0.945	0.826	0.377	0.937
cg26905726	0.96	0.427	0.089	0.954	0.958	0.955	0.96	0.963	0.97	0.965	0.966	0.955
cg17116998	0.91	0.904	0.939	0.931	0.939	0.94	0.94	0.919	0.904	0.232	0.934	0.917
cg08479615	0.08	0.111	0.167	0.277	0.178	0.57	0.154	0.047	0.051	0.079	0.623	0.074
cg26011170	0.473	0.068	0.185	0.224	0.398	0.086	0.361	0.305	0.116	0.188	0.245	0.238
cg25605773	0.932	0.929	0.937	0.915	0.94	0.92	0.947	0.943	0.145	0.938	0.919	0.922
cg18687845	0.957	0.901	0.946	0.742	0.497	0.954	0.79	0.961	0.967	0.96	0.864	0.817
cg06658391	0.712	0.853	0.937	0.724	0.944	0.714	0.929	0.894	0.939	0.936	0.924	0.429
cg02392976	0.316	0.422	0.446	0.653	0.495	0.586	0.52	0.391	0.367	0.378	0.19	0.85
cg15934644	0.947	0.906	0.956	0.593	0.945	0.886	0.952	0.957	0.958	0.959	0.898	0.783
cg21114453	0.953	0.96	0.958	0.956	0.957	0.945	0.963	0.959	0.121	0.923	0.967	0.958
cg16420024	0.917	0.131	0.889	0.901	0.927	0.918	0.929	0.932	0.943	0.95	0.94	0.915
cg20315954	0.922	0.913	0.939	0.939	0.949	0.932	0.953	0.313	0.955	0.892	0.947	0.941
cg22034357	0.857	0.937	0.938	0.888	0.94	0.889	0.943	0.073	0.914	0.863	0.923	0.901
cg13091627	0.164	0.15	0.114	0.181	0.389	0.173	0.182	0.28	0.12	0.271	0.059	0.114
cg19959921	0.838	0.915	0.921	0.943	0.95	0.958	0.959	0.753	0.135	0.676	0.957	0.954
cg23520422	0.237	0.286	0.223	0.372	0.325	0.636	0.352	0.203	0.218	0.21	0.353	0.131
cg19805435	0.282	0.813	0.871	0.807	0.929	0.85	0.919	0.686	0.918	0.899	0.791	0.832
cg09292296	0.229	0.799	0.921	0.825	0.916	0.846	0.883	0.709	0.907	0.891	0.818	0.889
cg08172463	0.915	0.783	0.859	0.84	0.622	0.94	0.867	0.936	0.935	0.926	0.888	0.883
cg04332442	0.073	0.661	0.153	0.115	0.08	0.07	0.069	0.063	0.076	0.07	0.055	0.192
cg20695119	0.925	0.32	0.078	0.949	0.947	0.957	0.96	0.912	0.92	0.908	0.952	0.952
cg23359742	0.21	0.279	0.186	0.383	0.417	0.736	0.454	0.102	0.066	0.123	0.85	0.438
cg09027879	0.921	0.451	0.953	0.652	0.955	0.212	0.894	0.963	0.959	0.947	0.565	0.817
cg14365488	0.93	0.947	0.96	0.947	0.956	0.943	0.957	0.079	0.888	0.754	0.929	0.951
cg20330224	0.953	0.95	0.95	0.922	0.699	0.954	0.46	0.95	0.959	0.958	0.946	0.907
cg22868237	0.937	0.414	0.093	0.781	0.924	0.915	0.943	0.95	0.949	0.955	0.927	0.694
cg08724085	0.818	0.874	0.941	0.556	0.938	0.422	0.918	0.932	0.955	0.953	0.882	0.587
cg25904398	0.06	0.153	0.06	0.392	0.076	0.304	0.101	0.05	0.047	0.059	0.156	0.572
cg08355910	0.939	0.847	0.907	0.933	0.95	0.933	0.953	0.902	0.221	0.923	0.949	0.931
cg01553433	0.16	0.061	0.163	0.199	0.449	0.191	0.553	0.256	0.192	0.238	0.251	0.243
cg21515671	0.078	0.069	0.245	0.321	0.117	0.107	0.075	0.043	0.05	0.047	0.146	0.518
cg14557721	0.773	0.759	0.876	0.702	0.836	0.76	0.84	0.669	0.1	0.729	0.814	0.782
cg14663208	0.842	0.836	0.926	0.903	0.939	0.635	0.928	0.901	0.935	0.904	0.186	0.937
cg01355089	0.245	0.443	0.183	0.359	0.109	0.464	0.154	0.819	0.911	0.603	0.237	0.554
cg21531416	0.941	0.707	0.322	0.947	0.948	0.953	0.935	0.949	0.961	0.948	0.954	0.946
cg05522807	0.053	0.053	0.051	0.168	0.289	0.159	0.432	0.044	0.049	0.045	0.234	0.085
cg11225266	0.947	0.923	0.948	0.859	0.951	0.483	0.91	0.948	0.945	0.922	0.644	0.935
cg24164702	0.061	0.05	0.062	0.254	0.419	0.05	0.267	0.057	0.048	0.053	0.038	0.291
cg07993518	0.931	0.924	0.95	0.91	0.943	0.905	0.949	0.768	0.893	0.124	0.938	0.912
cg25242306	0.205	0.141	0.213	0.334	0.111	0.182	0.099	0.143	0.259	0.235	0.225	0.75
cg00199355	0.955	0.939	0.952	0.714	0.943	0.905	0.948	0.961	0.965	0.964	0.85	0.531
cg02001991	0.239	0.086	0.124	0.347	0.267	0.719	0.349	0.254	0.219	0.248	0.483	0.405
cg17459743	0.071	0.706	0.57	0.088	0.233	0.092	0.19	0.074	0.17	0.155	0.059	0.108
cg27588321	0.915	0.831	0.918	0.467	0.85	0.765	0.915	0.902	0.903	0.903	0.857	0.57
cg19435547	0.957	0.959	0.954	0.927	0.811	0.95	0.903	0.968	0.963	0.963	0.437	0.944
cg04148640	0.946	0.959	0.958	0.94	0.953	0.951	0.958	0.132	0.961	0.932	0.958	0.941
cg26252958	0.388	0.894	0.919	0.9	0.928	0.924	0.938	0.902	0.936	0.929	0.917	0.92
cg17291906	0.908	0.215	0.846	0.859	0.883	0.873	0.892	0.92	0.915	0.902	0.896	0.834
cg14884931	0.872	0.337	0.806	0.887	0.901	0.894	0.904	0.894	0.891	0.898	0.897	0.913
cg20276144	0.953	0.683	0.225	0.952	0.956	0.959	0.96	0.948	0.945	0.948	0.955	0.954
cg25693349	0.313	0.078	0.084	0.115	0.095	0.116	0.098	0.456	0.323	0.435	0.292	0.103
cg02381708	0.932	0.299	0.085	0.928	0.934	0.923	0.923	0.944	0.857	0.937	0.94	0.907
cg07603058	0.063	0.078	0.104	0.052	0.061	0.1	0.055	0.06	0.048	0.049	0.556	0.058
cg04078283	0.953	0.952	0.962	0.912	0.953	0.817	0.952	0.951	0.963	0.956	0.209	0.947
cg03085312	0.12	0.222	0.235	0.678	0.429	0.47	0.353	0.121	0.174	0.196	0.188	0.706
cg06814248	0.934	0.809	0.942	0.852	0.941	0.815	0.949	0.934	0.099	0.915	0.912	0.878
cg27393431	0.949	0.926	0.944	0.942	0.949	0.951	0.955	0.944	0.96	0.416	0.96	0.947
cg25837094	0.951	0.947	0.956	0.947	0.95	0.891	0.954	0.962	0.967	0.964	0.338	0.942
cg02268561	0.063	0.781	0.136	0.079	0.071	0.069	0.069	0.05	0.096	0.081	0.064	0.07
cg26691434	0.123	0.523	0.212	0.135	0.134	0.098	0.101	0.076	0.092	0.095	0.091	0.11
cg10058508	0.939	0.938	0.956	0.929	0.954	0.938	0.957	0.177	0.928	0.656	0.947	0.938
cg15818729	0.95	0.806	0.956	0.867	0.954	0.824	0.954	0.956	0.25	0.926	0.936	0.879
cg10515688	0.098	0.065	0.187	0.286	0.103	0.101	0.072	0.075	0.477	0.386	0.043	0.441
cg14497465	0.586	0.888	0.935	0.643	0.917	0.716	0.909	0.932	0.907	0.919	0.896	0.381
cg00412514	0.072	0.774	0.181	0.071	0.074	0.082	0.08	0.058	0.246	0.26	0.057	0.071
cg14674171	0.065	0.074	0.064	0.294	0.105	0.094	0.068	0.054	0.052	0.062	0.062	0.518
cg22584802	0.115	0.129	0.289	0.225	0.453	0.129	0.554	0.057	0.126	0.124	0.22	0.194
cg18559386	0.132	0.865	0.947	0.205	0.383	0.229	0.318	0.041	0.302	0.067	0.264	0.314
cg25236958	0.955	0.928	0.954	0.495	0.74	0.852	0.862	0.96	0.961	0.954	0.948	0.56
cg24420338	0.344	0.487	0.362	0.529	0.441	0.841	0.518	0.329	0.37	0.369	0.56	0.231
cg13474790	0.389	0.065	0.053	0.301	0.078	0.13	0.077	0.081	0.212	0.218	0.089	0.386
cg13123771	0.671	0.831	0.902	0.854	0.919	0.877	0.919	0.279	0.829	0.766	0.873	0.875
cg07702689	0.505	0.332	0.295	0.503	0.449	0.522	0.404	0.368	0.406	0.463	0.769	0.538
cg11507059	0.806	0.765	0.886	0.739	0.899	0.779	0.871	0.766	0.898	0.873	0.763	0.515
cg13478400	0.944	0.932	0.949	0.82	0.94	0.568	0.936	0.953	0.949	0.947	0.824	0.926
cg00549876	0.833	0.171	0.488	0.296	0.721	0.195	0.569	0.568	0.126	0.315	0.393	0.218
cg00570498	0.685	0.481	0.699	0.369	0.223	0.337	0.188	0.383	0.87	0.622	0.493	0.354
cg00334594	0.924	0.769	0.952	0.687	0.945	0.389	0.917	0.939	0.936	0.94	0.838	0.668
cg25375589	0.928	0.786	0.941	0.957	0.957	0.955	0.96	0.951	0.089	0.66	0.957	0.96
cg00963090	0.062	0.118	0.075	0.354	0.269	0.305	0.085	0.053	0.059	0.054	0.07	0.205
cg10854528	0.966	0.547	0.194	0.96	0.964	0.965	0.966	0.967	0.974	0.971	0.972	0.962
cg11793573	0.109	0.115	0.066	0.398	0.452	0.53	0.472	0.123	0.087	0.131	0.775	0.343
cg21927637	0.888	0.835	0.912	0.733	0.908	0.86	0.92	0.909	0.922	0.91	0.935	0.856
cg25527108	0.927	0.097	0.85	0.903	0.94	0.924	0.945	0.923	0.917	0.925	0.942	0.895
cg01321230	0.954	0.135	0.854	0.91	0.952	0.893	0.957	0.963	0.962	0.96	0.956	0.906
cg13396060	0.888	0.418	0.073	0.94	0.901	0.947	0.865	0.907	0.892	0.905	0.829	0.945
cg04533831	0.957	0.957	0.959	0.953	0.96	0.961	0.963	0.79	0.965	0.234	0.965	0.959
cg21796654	0.067	0.343	0.08	0.124	0.081	0.497	0.122	0.039	0.051	0.039	0.624	0.396
cg03689458	0.954	0.111	0.839	0.937	0.952	0.954	0.956	0.962	0.959	0.96	0.962	0.832
cg07316730	0.94	0.071	0.825	0.919	0.955	0.932	0.958	0.92	0.948	0.934	0.951	0.932
cg21281164	0.29	0.93	0.944	0.913	0.879	0.956	0.946	0.914	0.935	0.932	0.951	0.889
cg18543312	0.815	0.253	0.88	0.935	0.943	0.948	0.949	0.934	0.845	0.904	0.858	0.945
cg03588919	0.928	0.923	0.93	0.42	0.837	0.594	0.91	0.943	0.956	0.946	0.895	0.682
cg16509531	0.92	0.809	0.943	0.735	0.944	0.569	0.943	0.936	0.958	0.952	0.919	0.857
cg25602536	0.093	0.195	0.098	0.355	0.203	0.525	0.272	0.082	0.088	0.093	0.274	0.375
cg26787199	0.399	0.074	0.058	0.151	0.26	0.111	0.347	0.156	0.26	0.092	0.224	0.127
cg21301319	0.936	0.062	0.766	0.905	0.947	0.895	0.942	0.942	0.939	0.948	0.947	0.905
cg00649632	0.856	0.759	0.297	0.853	0.88	0.865	0.889	0.902	0.889	0.863	0.889	0.868
cg01658789	0.905	0.901	0.904	0.898	0.901	0.864	0.892	0.483	0.913	0.849	0.908	0.878
cg19006135	0.168	0.615	0.894	0.435	0.496	0.434	0.451	0.146	0.495	0.327	0.274	0.372
cg15757195	0.848	0.919	0.955	0.776	0.95	0.59	0.939	0.947	0.958	0.952	0.06	0.926
cg16777216	0.941	0.131	0.784	0.912	0.943	0.915	0.945	0.941	0.946	0.947	0.947	0.918
cg06242807	0.172	0.524	0.242	0.092	0.255	0.087	0.175	0.182	0.073	0.1	0.143	0.153
cg04616529	0.931	0.87	0.748	0.618	0.424	0.875	0.584	0.947	0.947	0.952	0.92	0.696
cg27087377	0.052	0.061	0.052	0.265	0.113	0.452	0.134	0.043	0.042	0.054	0.159	0.307
cg01055868	0.93	0.906	0.915	0.897	0.769	0.903	0.597	0.932	0.947	0.947	0.94	0.825
cg19929822	0.914	0.769	0.912	0.69	0.875	0.539	0.857	0.899	0.923	0.918	0.764	0.852
cg26327551	0.953	0.924	0.952	0.945	0.951	0.957	0.957	0.937	0.643	0.248	0.953	0.951
cg25909535	0.867	0.143	0.747	0.835	0.861	0.794	0.868	0.898	0.87	0.873	0.905	0.882
cg17047253	0.286	0.92	0.953	0.911	0.954	0.909	0.96	0.825	0.956	0.943	0.932	0.935
cg11036669	0.113	0.817	0.183	0.415	0.475	0.36	0.442	0.078	0.1	0.103	0.384	0.463
cg15789789	0.949	0.915	0.949	0.875	0.951	0.672	0.943	0.949	0.959	0.95	0.183	0.914
cg17599983	0.933	0.599	0.102	0.889	0.804	0.935	0.712	0.949	0.957	0.95	0.917	0.901
cg27387307	0.929	0.714	0.787	0.856	0.936	0.476	0.855	0.926	0.908	0.944	0.053	0.687
cg06243638	0.88	0.478	0.105	0.783	0.848	0.795	0.865	0.912	0.821	0.815	0.756	0.78
cg11215274	0.913	0.877	0.935	0.919	0.946	0.906	0.948	0.885	0.104	0.711	0.933	0.916
cg25940485	0.954	0.782	0.949	0.553	0.804	0.821	0.872	0.962	0.965	0.96	0.956	0.259
cg26274118	0.378	0.278	0.614	0.138	0.401	0.238	0.276	0.369	0.115	0.255	0.822	0.123
cg11606229	0.734	0.92	0.946	0.924	0.941	0.92	0.944	0.069	0.904	0.794	0.942	0.926
cg21165029	0.468	0.619	0.513	0.596	0.555	0.639	0.819	0.449	0.407	0.389	0.445	0.558
cg19767562	0.063	0.029	0.031	0.042	0.043	0.038	0.041	0.4	0.032	0.068	0.054	0.047
cg18718503	0.923	0.834	0.935	0.934	0.944	0.907	0.928	0.142	0.878	0.71	0.941	0.944
cg07060074	0.035	0.052	0.04	0.304	0.144	0.432	0.191	0.027	0.026	0.031	0.036	0.112
cg02249596	0.916	0.84	0.958	0.556	0.939	0.793	0.942	0.944	0.937	0.939	0.914	0.67
cg14095525	0.921	0.817	0.24	0.954	0.956	0.957	0.959	0.948	0.944	0.95	0.916	0.947
cg20030158	0.961	0.962	0.959	0.958	0.962	0.968	0.964	0.787	0.968	0.128	0.968	0.954
cg12873119	0.801	0.79	0.859	0.841	0.885	0.863	0.885	0.828	0.098	0.58	0.819	0.851
cg00444906	0.077	0.481	0.456	0.05	0.058	0.059	0.059	0.059	0.7	0.48	0.047	0.066
cg09299082	0.851	0.484	0.094	0.879	0.936	0.879	0.941	0.919	0.934	0.93	0.847	0.822
cg15143370	0.11	0.588	0.208	0.118	0.116	0.107	0.121	0.112	0.135	0.101	0.092	0.125
cg01842756	0.947	0.841	0.961	0.918	0.957	0.911	0.96	0.959	0.133	0.91	0.949	0.895
cg16753353	0.891	0.941	0.946	0.857	0.779	0.898	0.881	0.921	0.908	0.92	0.903	0.944
cg10416312	0.925	0.938	0.942	0.901	0.903	0.919	0.915	0.896	0.918	0.368	0.936	0.891
cg03534481	0.911	0.922	0.929	0.918	0.929	0.931	0.935	0.404	0.944	0.855	0.928	0.916
cg01268058	0.178	0.045	0.393	0.129	0.056	0.25	0.078	0.259	0.875	0.758	0.431	0.052
cg07002540	0.938	0.927	0.954	0.852	0.938	0.917	0.95	0.912	0.101	0.774	0.91	0.887
cg17636851	0.846	0.823	0.852	0.819	0.826	0.832	0.838	0.815	0.804	0.444	0.825	0.834
cg26177201	0.921	0.895	0.924	0.683	0.927	0.883	0.932	0.937	0.938	0.949	0.949	0.371
cg03855983	0.898	0.938	0.95	0.917	0.948	0.647	0.946	0.896	0.944	0.932	0.184	0.918
cg10727316	0.091	0.937	0.95	0.085	0.049	0.054	0.054	0.035	0.062	0.043	0.055	0.232
cg08368624	0.946	0.549	0.166	0.948	0.956	0.953	0.963	0.948	0.853	0.778	0.938	0.954
cg01849603	0.921	0.866	0.952	0.918	0.957	0.939	0.963	0.946	0.154	0.956	0.961	0.923
cg06555468	0.938	0.922	0.955	0.775	0.646	0.812	0.53	0.946	0.948	0.947	0.915	0.837
cg00482101	0.84	0.862	0.935	0.923	0.846	0.845	0.727	0.924	0.907	0.899	0.898	0.94
cg02275418	0.853	0.131	0.861	0.828	0.918	0.886	0.938	0.86	0.909	0.906	0.893	0.896
cg24202817	0.158	0.853	0.882	0.799	0.829	0.807	0.851	0.496	0.874	0.847	0.844	0.824
cg23980295	0.902	0.885	0.937	0.913	0.929	0.899	0.931	0.944	0.121	0.902	0.921	0.922
cg23183121	0.032	0.027	0.026	0.314	0.16	0.133	0.065	0.025	0.038	0.039	0.09	0.146
cg18624930	0.885	0.063	0.064	0.142	0.068	0.09	0.073	0.548	0.52	0.388	0.05	0.167
cg17487741	0.931	0.392	0.078	0.937	0.952	0.938	0.956	0.92	0.929	0.855	0.948	0.942
cg18935353	0.255	0.2	0.11	0.568	0.214	0.432	0.149	0.218	0.223	0.2	0.344	0.634
cg15027815	0.136	0.267	0.306	0.222	0.484	0.19	0.38	0.081	0.112	0.073	0.286	0.208
cg22335876	0.039	0.437	0.166	0.215	0.083	0.231	0.093	0.036	0.038	0.044	0.056	0.097
cg14673722	0.947	0.945	0.953	0.594	0.929	0.917	0.935	0.823	0.955	0.836	0.942	0.79
cg22581137	0.948	0.194	0.82	0.939	0.96	0.938	0.964	0.902	0.933	0.919	0.937	0.946
cg04980099	0.045	0.044	0.042	0.395	0.169	0.295	0.124	0.035	0.04	0.039	0.133	0.559
cg02498708	0.169	0.205	0.279	0.329	0.122	0.301	0.123	0.156	0.103	0.125	0.659	0.148
cg01806427	0.811	0.942	0.957	0.895	0.948	0.675	0.926	0.941	0.819	0.922	0.058	0.94
cg01854491	0.778	0.088	0.749	0.763	0.837	0.688	0.788	0.78	0.786	0.803	0.789	0.74
cg02015961	0.913	0.95	0.952	0.945	0.95	0.957	0.955	0.551	0.932	0.13	0.951	0.953
cg25381747	0.831	0.936	0.958	0.952	0.956	0.963	0.965	0.061	0.97	0.912	0.926	0.955
cg12585851	0.917	0.321	0.864	0.932	0.946	0.95	0.954	0.903	0.939	0.909	0.945	0.944
cg02514840	0.848	0.894	0.955	0.692	0.396	0.947	0.61	0.785	0.941	0.897	0.953	0.654
cg00024269	0.259	0.133	0.083	0.27	0.198	0.338	0.232	0.867	0.781	0.865	0.122	0.355
cg02959588	0.062	0.089	0.073	0.165	0.375	0.077	0.431	0.052	0.055	0.045	0.08	0.23
cg15175038	0.82	0.905	0.96	0.724	0.645	0.721	0.463	0.913	0.956	0.961	0.812	0.713
cg12274567	0.958	0.932	0.957	0.932	0.957	0.938	0.962	0.965	0.969	0.964	0.43	0.921
cg21913632	0.42	0.326	0.23	0.207	0.155	0.514	0.242	0.15	0.779	0.648	0.585	0.178
cg17374802	0.764	0.851	0.875	0.851	0.89	0.87	0.893	0.254	0.893	0.854	0.891	0.865
cg19706185	0.89	0.9	0.936	0.927	0.947	0.92	0.946	0.918	0.106	0.708	0.932	0.926
cg12141898	0.889	0.952	0.954	0.942	0.937	0.849	0.941	0.95	0.912	0.947	0.217	0.95
cg00417068	0.041	0.695	0.475	0.039	0.035	0.035	0.034	0.058	0.236	0.228	0.032	0.044
cg01699630	0.948	0.935	0.954	0.924	0.946	0.926	0.948	0.871	0.957	0.153	0.95	0.939
cg02212846	0.915	0.247	0.846	0.89	0.904	0.895	0.922	0.905	0.894	0.895	0.897	0.877
cg08375286	0.05	0.055	0.046	0.23	0.101	0.354	0.132	0.032	0.032	0.039	0.094	0.22
cg04425375	0.061	0.072	0.069	0.108	0.309	0.08	0.15	0.061	0.055	0.057	0.061	0.112
cg22791839	0.137	0.065	0.312	0.084	0.081	0.075	0.081	0.218	0.726	0.717	0.069	0.085
cg05756986	0.077	0.04	0.042	0.295	0.154	0.512	0.165	0.04	0.037	0.042	0.515	0.153
cg17473266	0.076	0.184	0.122	0.276	0.186	0.14	0.17	0.059	0.075	0.068	0.076	0.502
cg07566304	0.179	0.29	0.081	0.242	0.068	0.329	0.117	0.6	0.241	0.422	0.305	0.153
cg05667019	0.943	0.734	0.949	0.926	0.939	0.912	0.949	0.952	0.208	0.933	0.952	0.939
cg22275570	0.065	0.061	0.059	0.09	0.229	0.247	0.404	0.052	0.051	0.055	0.114	0.1
cg12782654	0.169	0.139	0.068	0.492	0.183	0.367	0.107	0.14	0.125	0.106	0.284	0.494
cg00576774	0.084	0.107	0.072	0.158	0.12	0.405	0.135	0.061	0.075	0.08	0.134	0.15
cg14906459	0.437	0.781	0.825	0.818	0.837	0.838	0.868	0.724	0.795	0.794	0.802	0.855
cg05937292	0.039	0.108	0.04	0.365	0.08	0.045	0.043	0.037	0.047	0.042	0.034	0.107
cg09029409	0.888	0.726	0.943	0.729	0.937	0.576	0.913	0.866	0.879	0.876	0.766	0.759
cg26610808	0.051	0.084	0.345	0.153	0.249	0.068	0.128	0.099	0.14	0.199	0.041	0.172
cg26683792	0.072	0.259	0.109	0.062	0.06	0.059	0.057	0.045	0.654	0.094	0.048	0.064
cg26272088	0.94	0.871	0.965	0.846	0.966	0.809	0.958	0.187	0.928	0.797	0.934	0.764
cg08337633	0.065	0.043	0.044	0.117	0.237	0.153	0.443	0.052	0.045	0.043	0.092	0.058
cg26078436	0.273	0.867	0.938	0.857	0.935	0.882	0.944	0.922	0.93	0.925	0.912	0.815
cg15256315	0.498	0.425	0.789	0.335	0.385	0.187	0.295	0.548	0.388	0.253	0.086	0.335
cg02522485	0.94	0.907	0.423	0.926	0.938	0.945	0.947	0.952	0.956	0.953	0.95	0.935
cg06568880	0.916	0.928	0.939	0.821	0.456	0.82	0.555	0.951	0.957	0.951	0.916	0.889
cg12741645	0.102	0.048	0.064	0.063	0.169	0.053	0.055	0.195	0.075	0.132	0.05	0.072
cg16495681	0.89	0.712	0.576	0.863	0.89	0.858	0.889	0.892	0.896	0.889	0.845	0.871
cg19064792	0.273	0.385	0.846	0.458	0.299	0.345	0.304	0.036	0.06	0.049	0.173	0.549
cg01038299	0.854	0.852	0.912	0.845	0.9	0.836	0.906	0.843	0.886	0.88	0.476	0.865
cg12975667	0.114	0.093	0.078	0.26	0.556	0.203	0.517	0.099	0.06	0.065	0.26	0.218
cg11837076	0.064	0.055	0.062	0.103	0.35	0.08	0.262	0.038	0.05	0.047	0.047	0.096
cg15819551	0.874	0.416	0.094	0.737	0.636	0.812	0.669	0.872	0.765	0.769	0.865	0.752
cg24106880	0.838	0.896	0.939	0.792	0.928	0.883	0.932	0.902	0.874	0.888	0.933	0.576
cg12255554	0.897	0.804	0.839	0.855	0.906	0.744	0.797	0.916	0.922	0.922	0.335	0.868
cg11838359	0.952	0.939	0.958	0.932	0.961	0.937	0.965	0.443	0.946	0.778	0.946	0.949
cg10583651	0.918	0.896	0.944	0.337	0.808	0.629	0.918	0.93	0.927	0.934	0.881	0.77
cg16827313	0.081	0.05	0.056	0.153	0.268	0.053	0.147	0.046	0.039	0.044	0.043	0.071
cg00265360	0.11	0.14	0.103	0.326	0.219	0.119	0.118	0.113	0.091	0.099	0.095	0.505
cg04631160	0.924	0.95	0.966	0.871	0.942	0.747	0.876	0.932	0.931	0.929	0.442	0.901
cg10026775	0.053	0.052	0.044	0.325	0.068	0.234	0.086	0.052	0.04	0.053	0.048	0.516
cg10600600	0.902	0.895	0.929	0.594	0.905	0.778	0.915	0.86	0.899	0.786	0.912	0.751
cg18833482	0.128	0.255	0.268	0.347	0.432	0.315	0.587	0.142	0.05	0.071	0.152	0.349
cg24820204	0.223	0.238	0.462	0.516	0.786	0.358	0.607	0.16	0.267	0.096	0.175	0.59
cg06675981	0.226	0.238	0.482	0.514	0.473	0.504	0.469	0.13	0.23	0.211	0.34	0.852
cg16670376	0.181	0.798	0.452	0.072	0.061	0.062	0.066	0.301	0.099	0.131	0.048	0.159
cg09385401	0.526	0.079	0.139	0.178	0.132	0.358	0.278	0.285	0.075	0.078	0.763	0.209
cg10769072	0.033	0.033	0.037	0.413	0.091	0.301	0.123	0.039	0.032	0.055	0.04	0.578
cg13733008	0.927	0.938	0.938	0.915	0.932	0.754	0.924	0.948	0.949	0.94	0.171	0.927
cg21110034	0.083	0.067	0.062	0.103	0.444	0.064	0.319	0.069	0.048	0.052	0.061	0.114
cg24219974	0.783	0.281	0.337	0.358	0.387	0.443	0.257	0.773	0.808	0.917	0.26	0.421
cg00774347	0.944	0.922	0.942	0.661	0.906	0.619	0.87	0.946	0.945	0.94	0.916	0.401
cg18158438	0.318	0.378	0.524	0.338	0.349	0.378	0.329	0.52	0.592	0.662	0.319	0.35
cg03638567	0.619	0.057	0.062	0.192	0.151	0.225	0.126	0.156	0.059	0.08	0.281	0.091
cg03521218	0.632	0.498	0.717	0.317	0.691	0.201	0.681	0.65	0.609	0.671	0.536	0.351
cg01029623	0.089	0.166	0.084	0.207	0.124	0.386	0.205	0.068	0.071	0.065	0.096	0.179
cg11685391	0.1	0.735	0.294	0.268	0.125	0.497	0.205	0.073	0.078	0.082	0.393	0.549
cg02064336	0.954	0.291	0.882	0.88	0.954	0.954	0.956	0.967	0.96	0.964	0.957	0.765
cg01586672	0.907	0.412	0.864	0.92	0.919	0.864	0.912	0.909	0.91	0.899	0.901	0.89
cg01080986	0.948	0.826	0.946	0.624	0.945	0.698	0.932	0.959	0.955	0.954	0.941	0.882
cg18796478	0.949	0.871	0.952	0.827	0.95	0.894	0.948	0.935	0.952	0.933	0.943	0.7
cg00204375	0.924	0.728	0.436	0.92	0.922	0.922	0.924	0.932	0.932	0.937	0.937	0.935
cg05437498	0.823	0.805	0.878	0.748	0.89	0.8	0.891	0.815	0.876	0.881	0.841	0.607
cg08139729	0.932	0.511	0.325	0.94	0.952	0.938	0.954	0.946	0.94	0.951	0.891	0.938
cg12546414	0.895	0.124	0.878	0.857	0.941	0.832	0.943	0.92	0.88	0.929	0.938	0.789
cg03116607	0.896	0.925	0.957	0.944	0.955	0.947	0.958	0.918	0.455	0.86	0.958	0.951
cg15903883	0.308	0.368	0.801	0.362	0.52	0.272	0.436	0.366	0.199	0.296	0.271	0.413
cg24344074	0.197	0.563	0.219	0.186	0.054	0.212	0.063	0.258	0.331	0.3	0.053	0.387
cg17261469	0.849	0.916	0.947	0.94	0.952	0.942	0.954	0.444	0.898	0.776	0.941	0.942
cg23517035	0.963	0.96	0.959	0.634	0.951	0.855	0.952	0.97	0.973	0.969	0.967	0.467
cg12230869	0.957	0.077	0.816	0.952	0.956	0.952	0.96	0.961	0.964	0.966	0.959	0.951
cg23160742	0.856	0.844	0.934	0.813	0.931	0.783	0.931	0.916	0.429	0.899	0.877	0.754
cg02556345	0.457	0.299	0.086	0.088	0.152	0.056	0.073	0.66	0.485	0.476	0.052	0.076
cg19033466	0.051	0.05	0.043	0.199	0.054	0.406	0.088	0.036	0.042	0.041	0.057	0.24
cg05492904	0.916	0.861	0.956	0.863	0.945	0.853	0.947	0.926	0.886	0.266	0.912	0.831
cg17333501	0.61	0.124	0.11	0.091	0.068	0.075	0.072	0.833	0.739	0.728	0.065	0.083
cg23663698	0.733	0.142	0.108	0.366	0.615	0.256	0.576	0.32	0.85	0.54	0.376	0.5
cg01231757	0.966	0.974	0.973	0.928	0.957	0.945	0.96	0.972	0.975	0.966	0.971	0.874
cg07897734	0.942	0.929	0.938	0.888	0.648	0.933	0.594	0.95	0.942	0.948	0.938	0.887
cg20006618	0.896	0.074	0.812	0.933	0.942	0.941	0.945	0.857	0.752	0.925	0.946	0.929
cg22034554	0.05	0.342	0.074	0.378	0.118	0.36	0.16	0.049	0.048	0.043	0.255	0.685
cg26953469	0.835	0.942	0.941	0.934	0.948	0.94	0.954	0.855	0.322	0.887	0.923	0.946
cg26965801	0.716	0.042	0.045	0.071	0.065	0.103	0.081	0.18	0.382	0.07	0.098	0.065
cg08730245	0.922	0.919	0.957	0.923	0.943	0.936	0.947	0.703	0.894	0.318	0.952	0.941
cg07739340	0.11	0.328	0.658	0.183	0.167	0.092	0.071	0.055	0.334	0.125	0.058	0.28
cg12629186	0.936	0.951	0.953	0.945	0.948	0.953	0.955	0.832	0.74	0.258	0.961	0.948
cg16322427	0.202	0.035	0.043	0.121	0.044	0.255	0.07	0.541	0.231	0.454	0.058	0.047
cg03822267	0.904	0.076	0.807	0.855	0.953	0.826	0.943	0.869	0.817	0.865	0.937	0.871
cg12336540	0.068	0.06	0.058	0.124	0.213	0.073	0.079	0.056	0.058	0.06	0.061	0.108
cg13169863	0.966	0.924	0.968	0.525	0.959	0.831	0.959	0.974	0.971	0.97	0.962	0.735
cg02445229	0.62	0.633	0.765	0.724	0.797	0.754	0.81	0.271	0.741	0.686	0.782	0.748
cg17976620	0.88	0.68	0.91	0.795	0.9	0.779	0.899	0.913	0.133	0.911	0.879	0.773
cg00680253	0.481	0.853	0.863	0.863	0.894	0.874	0.895	0.757	0.875	0.882	0.88	0.879
cg09552281	0.958	0.851	0.935	0.81	0.955	0.897	0.958	0.961	0.955	0.958	0.95	0.463
cg13311440	0.419	0.068	0.252	0.108	0.102	0.078	0.085	0.154	0.293	0.196	0.09	0.08
cg19932887	0.902	0.938	0.94	0.92	0.918	0.924	0.931	0.864	0.928	0.618	0.917	0.903
cg21361021	0.05	0.052	0.064	0.057	0.122	0.045	0.176	0.059	0.327	0.459	0.034	0.055
cg16348076	0.898	0.81	0.926	0.862	0.941	0.793	0.935	0.797	0.694	0.12	0.873	0.87
cg13788583	0.049	0.127	0.053	0.375	0.223	0.143	0.219	0.037	0.039	0.045	0.038	0.597
cg18894097	0.057	0.625	0.434	0.101	0.08	0.157	0.088	0.205	0.054	0.061	0.045	0.308
cg09627709	0.949	0.963	0.96	0.955	0.963	0.959	0.964	0.917	0.946	0.433	0.959	0.955
cg25019378	0.866	0.337	0.062	0.87	0.732	0.812	0.736	0.773	0.893	0.874	0.742	0.842
cg26695387	0.055	0.044	0.079	0.074	0.376	0.061	0.463	0.03	0.031	0.035	0.138	0.07
cg04580996	0.529	0.397	0.431	0.438	0.255	0.333	0.239	0.394	0.881	0.827	0.177	0.528
cg14600450	0.947	0.928	0.946	0.885	0.948	0.944	0.953	0.939	0.954	0.945	0.957	0.506
cg18582631	0.871	0.908	0.947	0.662	0.905	0.791	0.91	0.852	0.921	0.897	0.906	0.755
cg22710544	0.371	0.854	0.881	0.862	0.888	0.884	0.903	0.72	0.907	0.895	0.869	0.878
cg17566716	0.921	0.508	0.199	0.951	0.957	0.953	0.956	0.959	0.96	0.953	0.952	0.948
cg14332439	0.122	0.067	0.092	0.362	0.164	0.187	0.11	0.057	0.065	0.069	0.061	0.519
cg12709196	0.431	0.034	0.039	0.111	0.109	0.07	0.061	0.036	0.128	0.046	0.344	0.083
cg04502673	0.139	0.615	0.806	0.363	0.386	0.281	0.379	0.179	0.408	0.598	0.409	0.391
cg08045465	0.958	0.943	0.955	0.614	0.936	0.823	0.944	0.964	0.961	0.962	0.959	0.65
cg07630601	0.34	0.866	0.483	0.121	0.113	0.317	0.142	0.326	0.373	0.328	0.706	0.167
cg04801961	0.948	0.865	0.467	0.942	0.95	0.951	0.955	0.953	0.963	0.958	0.949	0.943
cg02400146	0.94	0.957	0.958	0.951	0.958	0.952	0.957	0.952	0.964	0.96	0.544	0.953
cg06306219	0.114	0.119	0.083	0.189	0.118	0.335	0.146	0.099	0.099	0.103	0.151	0.176
cg11808745	0.07	0.045	0.043	0.123	0.35	0.044	0.265	0.046	0.046	0.08	0.039	0.089
cg01002722	0.567	0.488	0.62	0.655	0.806	0.691	0.863	0.574	0.557	0.525	0.583	0.675
cg20898725	0.442	0.064	0.179	0.075	0.07	0.064	0.069	0.57	0.153	0.336	0.047	0.069
cg09915500	0.074	0.131	0.066	0.249	0.096	0.472	0.136	0.069	0.068	0.073	0.151	0.218
cg15661018	0.91	0.635	0.934	0.606	0.935	0.331	0.873	0.892	0.919	0.915	0.803	0.678
cg12246203	0.919	0.924	0.953	0.926	0.946	0.899	0.952	0.916	0.95	0.925	0.595	0.937
cg02164561	0.477	0.061	0.058	0.046	0.035	0.03	0.031	0.066	0.089	0.054	0.028	0.037
cg20806436	0.954	0.525	0.122	0.898	0.954	0.911	0.956	0.952	0.967	0.96	0.818	0.931
cg02607723	0.089	0.08	0.1	0.312	0.095	0.398	0.199	0.067	0.062	0.064	0.267	0.624
cg13601650	0.951	0.189	0.894	0.937	0.959	0.93	0.961	0.957	0.962	0.961	0.943	0.941
cg14776168	0.94	0.849	0.951	0.746	0.948	0.53	0.919	0.95	0.933	0.936	0.843	0.9
cg08941080	0.452	0.903	0.941	0.918	0.939	0.936	0.945	0.915	0.894	0.932	0.915	0.928
cg14255417	0.082	0.206	0.509	0.065	0.059	0.057	0.052	0.037	0.054	0.048	0.098	0.08
cg12810503	0.081	0.199	0.458	0.057	0.074	0.065	0.084	0.055	0.092	0.183	0.044	0.071
cg03079497	0.035	0.029	0.028	0.339	0.076	0.197	0.052	0.036	0.038	0.043	0.081	0.309
cg23719713	0.906	0.842	0.934	0.883	0.92	0.856	0.923	0.917	0.229	0.91	0.919	0.89
cg07264216	0.445	0.079	0.085	0.07	0.071	0.073	0.077	0.066	0.416	0.058	0.049	0.089
cg17155829	0.937	0.221	0.229	0.29	0.1	0.39	0.122	0.41	0.763	0.602	0.697	0.342
cg27229366	0.861	0.945	0.957	0.919	0.939	0.924	0.938	0.893	0.838	0.264	0.902	0.928
cg16458838	0.955	0.952	0.957	0.861	0.349	0.886	0.508	0.955	0.966	0.959	0.959	0.871
cg08315530	0.049	0.164	0.306	0.151	0.052	0.042	0.048	0.038	0.036	0.041	0.041	0.434
cg00390215	0.029	0.027	0.034	0.1	0.318	0.049	0.216	0.025	0.023	0.025	0.027	0.043
cg26952381	0.906	0.83	0.929	0.883	0.936	0.873	0.931	0.223	0.922	0.727	0.915	0.911
cg08872220	0.074	0.074	0.467	0.414	0.584	0.341	0.517	0.054	0.873	0.635	0.616	0.367
cg13885867	0.961	0.96	0.964	0.958	0.964	0.959	0.965	0.967	0.97	0.97	0.635	0.961
cg20471600	0.068	0.624	0.101	0.119	0.069	0.189	0.066	0.047	0.053	0.045	0.078	0.33
cg08583841	0.873	0.945	0.955	0.536	0.94	0.706	0.941	0.932	0.935	0.93	0.948	0.785
cg05546044	0.134	0.079	0.115	0.083	0.137	0.081	0.198	0.05	0.403	0.396	0.088	0.053
cg24691891	0.956	0.725	0.504	0.955	0.947	0.963	0.961	0.965	0.971	0.969	0.968	0.954
cg17155111	0.855	0.861	0.887	0.8	0.858	0.829	0.865	0.909	0.864	0.847	0.81	0.84
cg16297569	0.039	0.037	0.037	0.258	0.137	0.073	0.072	0.033	0.035	0.038	0.036	0.103
cg25884442	0.618	0.673	0.873	0.631	0.699	0.623	0.718	0.701	0.716	0.689	0.778	0.618
cg05941925	0.957	0.964	0.962	0.956	0.96	0.966	0.962	0.668	0.917	0.279	0.971	0.961
cg01653532	0.942	0.946	0.949	0.88	0.947	0.872	0.89	0.886	0.952	0.945	0.945	0.655
cg04447981	0.104	0.082	0.123	0.161	0.251	0.129	0.343	0.087	0.084	0.095	0.144	0.17
cg16333210	0.813	0.755	0.824	0.784	0.621	0.814	0.649	0.837	0.802	0.831	0.828	0.76
cg00042837	0.076	0.043	0.063	0.133	0.238	0.108	0.132	0.039	0.039	0.042	0.124	0.127
cg08019542	0.869	0.852	0.864	0.839	0.892	0.752	0.891	0.9	0.901	0.892	0.809	0.89
cg16102040	0.935	0.949	0.95	0.924	0.945	0.941	0.951	0.92	0.835	0.262	0.948	0.911
cg00547530	0.221	0.464	0.271	0.126	0.108	0.105	0.091	0.083	0.281	0.187	0.165	0.2
cg19788934	0.868	0.881	0.94	0.912	0.932	0.93	0.942	0.062	0.918	0.728	0.873	0.924
cg15026609	0.952	0.958	0.958	0.929	0.958	0.923	0.964	0.884	0.331	0.899	0.959	0.914
cg02213045	0.949	0.074	0.813	0.864	0.944	0.838	0.944	0.954	0.957	0.951	0.949	0.815
cg21059158	0.925	0.919	0.93	0.681	0.933	0.922	0.941	0.941	0.947	0.944	0.952	0.851
cg06315149	0.796	0.867	0.886	0.89	0.908	0.908	0.916	0.185	0.931	0.855	0.864	0.895
cg09067506	0.056	0.056	0.077	0.198	0.366	0.207	0.415	0.056	0.061	0.117	0.063	0.154
ch.15.67797584R	0.059	0.06	0.054	0.136	0.476	0.138	0.532	0.054	0.038	0.046	0.23	0.086
cg14858784	0.498	0.821	0.859	0.809	0.862	0.825	0.878	0.783	0.843	0.867	0.855	0.766
cg03801871	0.065	0.12	0.054	0.377	0.069	0.299	0.09	0.055	0.059	0.063	0.18	0.524
cg27014729	0.92	0.928	0.942	0.604	0.946	0.901	0.944	0.95	0.96	0.962	0.962	0.808
cg18775804	0.917	0.837	0.96	0.799	0.961	0.956	0.964	0.949	0.969	0.959	0.953	0.422
cg14484844	0.622	0.191	0.301	0.376	0.325	0.253	0.293	0.307	0.378	0.287	0.199	0.418
cg04017326	0.895	0.778	0.905	0.514	0.84	0.648	0.841	0.893	0.911	0.912	0.857	0.575
cg02244028	0.941	0.941	0.956	0.943	0.948	0.94	0.953	0.953	0.15	0.924	0.949	0.941
cg07450021	0.91	0.857	0.907	0.875	0.894	0.84	0.888	0.92	0.553	0.882	0.9	0.827
cg01016326	0.941	0.939	0.939	0.836	0.606	0.902	0.784	0.951	0.94	0.941	0.942	0.884
cg02321197	0.09	0.07	0.224	0.06	0.055	0.059	0.061	0.32	0.51	0.452	0.148	0.064
cg08074458	0.062	0.046	0.05	0.065	0.134	0.071	0.253	0.05	0.047	0.049	0.052	0.061
cg27096957	0.937	0.914	0.955	0.639	0.93	0.78	0.952	0.924	0.962	0.962	0.942	0.772
cg20600379	0.562	0.054	0.057	0.176	0.15	0.096	0.208	0.496	0.367	0.439	0.191	0.245
cg19880425	0.049	0.064	0.175	0.153	0.145	0.095	0.064	0.119	0.118	0.097	0.096	0.482
cg14512975	0.581	0.911	0.914	0.89	0.925	0.897	0.923	0.918	0.931	0.916	0.902	0.911
cg01474925	0.958	0.959	0.966	0.938	0.951	0.743	0.728	0.969	0.969	0.967	0.958	0.95
cg15513001	0.224	0.949	0.946	0.943	0.95	0.952	0.952	0.933	0.966	0.96	0.955	0.947
cg18705895	0.168	0.24	0.287	0.355	0.218	0.163	0.178	0.288	0.761	0.685	0.129	0.422
cg22322597	0.072	0.199	0.146	0.29	0.158	0.232	0.137	0.103	0.116	0.073	0.041	0.224
cg03534847	0.952	0.916	0.957	0.913	0.954	0.707	0.95	0.961	0.966	0.962	0.945	0.92
cg14837810	0.917	0.749	0.949	0.9	0.95	0.88	0.956	0.945	0.193	0.943	0.944	0.876
cg01325426	0.086	0.074	0.106	0.233	0.135	0.224	0.109	0.063	0.087	0.076	0.081	0.22
cg01891154	0.928	0.386	0.198	0.947	0.952	0.956	0.956	0.932	0.89	0.904	0.923	0.941
cg12149703	0.079	0.158	0.106	0.253	0.135	0.417	0.181	0.066	0.066	0.068	0.152	0.251
cg18505004	0.749	0.944	0.946	0.932	0.944	0.905	0.951	0.31	0.946	0.861	0.907	0.941
cg16576285	0.053	0.069	0.056	0.105	0.195	0.061	0.121	0.046	0.049	0.047	0.043	0.101
cg08724920	0.228	0.342	0.268	0.17	0.118	0.321	0.156	0.191	0.195	0.188	0.637	0.142
cg02153332	0.937	0.199	0.876	0.778	0.94	0.866	0.939	0.939	0.929	0.942	0.926	0.795
cg06195379	0.079	0.055	0.475	0.054	0.049	0.043	0.043	0.027	0.048	0.043	0.041	0.046
cg01343045	0.957	0.304	0.924	0.953	0.952	0.956	0.958	0.956	0.958	0.956	0.953	0.955
cg12457604	0.397	0.939	0.946	0.937	0.949	0.94	0.952	0.881	0.963	0.95	0.861	0.941
cg08213398	0.787	0.713	0.71	0.735	0.715	0.751	0.727	0.875	0.765	0.749	0.736	0.679
cg05533219	0.961	0.153	0.741	0.945	0.957	0.954	0.962	0.966	0.967	0.966	0.964	0.944
cg14018617	0.311	0.893	0.892	0.86	0.911	0.888	0.909	0.848	0.9	0.893	0.781	0.907
cg01427575	0.063	0.156	0.085	0.177	0.107	0.141	0.101	0.05	0.061	0.055	0.294	0.141
cg13759894	0.216	0.915	0.955	0.885	0.952	0.862	0.953	0.763	0.95	0.943	0.925	0.864
cg23357708	0.113	0.786	0.884	0.335	0.143	0.308	0.148	0.066	0.074	0.062	0.114	0.491
cg00946921	0.925	0.189	0.833	0.84	0.914	0.85	0.907	0.939	0.933	0.929	0.925	0.844
cg01770400	0.915	0.936	0.957	0.94	0.954	0.937	0.956	0.402	0.922	0.89	0.94	0.945
cg09963856	0.937	0.69	0.934	0.673	0.905	0.487	0.817	0.944	0.941	0.933	0.859	0.722
cg20505490	0.938	0.9	0.711	0.934	0.927	0.94	0.931	0.905	0.937	0.91	0.892	0.915
cg13433278	0.253	0.823	0.394	0.553	0.458	0.634	0.484	0.342	0.326	0.331	0.369	0.593
cg15951740	0.863	0.073	0.597	0.189	0.21	0.187	0.138	0.709	0.187	0.228	0.544	0.189
cg01795081	0.226	0.067	0.135	0.083	0.066	0.132	0.069	0.049	0.084	0.054	0.45	0.076
cg00616028	0.914	0.919	0.619	0.94	0.943	0.945	0.948	0.932	0.937	0.951	0.943	0.944
cg21892407	0.557	0.071	0.048	0.18	0.092	0.253	0.142	0.501	0.297	0.38	0.135	0.209
cg15472145	0.307	0.072	0.06	0.075	0.065	0.075	0.066	0.454	0.052	0.441	0.064	0.069
cg03519593	0.876	0.924	0.931	0.906	0.914	0.897	0.924	0.389	0.931	0.891	0.926	0.898
cg06747770	0.956	0.957	0.959	0.95	0.959	0.961	0.96	0.962	0.964	0.964	0.71	0.956
cg10037913	0.1	0.43	0.169	0.097	0.096	0.085	0.093	0.083	0.094	0.085	0.076	0.09
cg22714798	0.954	0.901	0.963	0.758	0.571	0.837	0.438	0.959	0.963	0.955	0.874	0.895
cg07897063	0.253	0.287	0.265	0.591	0.449	0.493	0.379	0.264	0.252	0.268	0.28	0.497
cg08080195	0.362	0.063	0.09	0.071	0.157	0.049	0.049	0.046	0.045	0.049	0.045	0.055
cg10167301	0.395	0.062	0.062	0.102	0.085	0.077	0.08	0.082	0.114	0.264	0.075	0.095
cg13714475	0.074	0.058	0.055	0.273	0.182	0.575	0.202	0.047	0.051	0.06	0.316	0.268
cg11714010	0.089	0.059	0.059	0.196	0.122	0.378	0.121	0.065	0.049	0.059	0.132	0.152
cg24577873	0.115	0.414	0.597	0.248	0.199	0.307	0.214	0.228	0.35	0.333	0.176	0.293
cg13408344	0.665	0.094	0.114	0.149	0.132	0.15	0.117	0.463	0.234	0.393	0.124	0.154
cg25899324	0.113	0.189	0.161	0.142	0.102	0.085	0.081	0.226	0.225	0.272	0.075	0.104
cg02129005	0.278	0.052	0.048	0.067	0.057	0.053	0.069	0.051	0.601	0.209	0.04	0.088
cg19220206	0.961	0.959	0.963	0.823	0.958	0.725	0.955	0.968	0.973	0.965	0.963	0.802
cg21776667	0.929	0.915	0.939	0.637	0.896	0.751	0.918	0.942	0.952	0.947	0.798	0.746
cg00442282	0.095	0.132	0.167	0.173	0.313	0.111	0.174	0.129	0.067	0.086	0.183	0.114
cg02905828	0.078	0.055	0.099	0.076	0.083	0.117	0.076	0.064	0.064	0.071	0.34	0.067
cg08404597	0.068	0.073	0.096	0.159	0.097	0.137	0.102	0.058	0.053	0.047	0.046	0.334
cg13973666	0.072	0.146	0.085	0.244	0.314	0.274	0.397	0.052	0.08	0.072	0.192	0.253
cg23416131	0.448	0.943	0.95	0.941	0.913	0.946	0.937	0.851	0.926	0.949	0.943	0.937
cg07641323	0.494	0.937	0.949	0.934	0.949	0.956	0.954	0.718	0.933	0.919	0.915	0.949
cg17379926	0.067	0.692	0.373	0.257	0.08	0.181	0.12	0.053	0.061	0.057	0.061	0.481
cg26417135	0.961	0.106	0.875	0.958	0.967	0.959	0.968	0.97	0.973	0.895	0.97	0.963
cg08130572	0.106	0.821	0.54	0.112	0.101	0.111	0.114	0.101	0.135	0.116	0.082	0.122
cg14037240	0.054	0.044	0.05	0.126	0.094	0.229	0.107	0.041	0.038	0.04	0.07	0.124
cg06450340	0.935	0.93	0.935	0.819	0.931	0.925	0.94	0.945	0.944	0.937	0.934	0.81
cg21297965	0.823	0.79	0.842	0.78	0.814	0.798	0.83	0.902	0.825	0.805	0.791	0.758
cg02794096	0.945	0.326	0.891	0.904	0.952	0.846	0.953	0.945	0.959	0.938	0.909	0.871
cg07688618	0.077	0.055	0.058	0.073	0.064	0.108	0.072	0.068	0.25	0.505	0.051	0.155
cg22757418	0.961	0.926	0.963	0.952	0.961	0.946	0.964	0.931	0.961	0.607	0.954	0.905
cg17688072	0.928	0.157	0.896	0.874	0.948	0.845	0.948	0.931	0.95	0.943	0.915	0.884
cg15935925	0.916	0.91	0.662	0.908	0.912	0.934	0.931	0.926	0.937	0.919	0.928	0.914
cg17059181	0.95	0.097	0.813	0.93	0.955	0.914	0.958	0.951	0.939	0.949	0.938	0.94
cg15747256	0.067	0.175	0.063	0.263	0.071	0.534	0.127	0.05	0.038	0.045	0.362	0.29
cg13298405	0.923	0.855	0.946	0.512	0.938	0.651	0.927	0.948	0.959	0.95	0.918	0.785
cg17371857	0.957	0.961	0.966	0.955	0.962	0.947	0.966	0.961	0.97	0.966	0.795	0.959
cg22149742	0.416	0.883	0.948	0.86	0.933	0.928	0.946	0.849	0.953	0.946	0.956	0.888
cg03290977	0.05	0.089	0.046	0.189	0.087	0.29	0.103	0.044	0.041	0.05	0.054	0.23
cg06000732	0.072	0.088	0.077	0.159	0.103	0.24	0.103	0.06	0.059	0.057	0.17	0.341
cg26019558	0.515	0.818	0.916	0.9	0.947	0.918	0.951	0.843	0.939	0.915	0.916	0.914
cg16039954	0.955	0.263	0.898	0.952	0.955	0.953	0.956	0.96	0.958	0.962	0.962	0.951
cg10225620	0.551	0.823	0.905	0.802	0.881	0.812	0.879	0.874	0.882	0.88	0.866	0.795
cg05349059	0.05	0.047	0.044	0.064	0.395	0.052	0.458	0.036	0.035	0.04	0.134	0.069
cg24380380	0.143	0.142	0.415	0.321	0.577	0.243	0.616	0.154	0.231	0.154	0.371	0.309
cg10495047	0.078	0.066	0.077	0.281	0.143	0.135	0.12	0.074	0.061	0.067	0.086	0.256
cg25494723	0.954	0.945	0.965	0.95	0.964	0.96	0.965	0.836	0.919	0.458	0.948	0.96
cg03012821	0.056	0.281	0.122	0.136	0.065	0.433	0.109	0.048	0.047	0.055	0.166	0.096
cg09740379	0.952	0.929	0.96	0.865	0.681	0.899	0.802	0.961	0.96	0.955	0.938	0.91
cg13636189	0.079	0.072	0.087	0.221	0.105	0.112	0.096	0.073	0.087	0.084	0.067	0.394
cg10253083	0.949	0.171	0.761	0.93	0.956	0.926	0.956	0.951	0.959	0.958	0.953	0.928
cg09790270	0.253	0.067	0.048	0.066	0.053	0.063	0.052	0.465	0.31	0.335	0.147	0.055
cg22577252	0.892	0.934	0.945	0.621	0.934	0.738	0.935	0.889	0.895	0.864	0.892	0.304
cg06016162	0.959	0.912	0.361	0.954	0.952	0.958	0.954	0.965	0.97	0.963	0.938	0.955
cg19807446	0.048	0.041	0.037	0.203	0.098	0.131	0.065	0.045	0.042	0.044	0.061	0.221
cg17667113	0.875	0.885	0.889	0.86	0.881	0.87	0.877	0.915	0.888	0.877	0.867	0.876
cg19486047	0.319	0.907	0.94	0.895	0.941	0.906	0.949	0.849	0.952	0.951	0.938	0.92
cg22572158	0.929	0.941	0.954	0.853	0.951	0.952	0.956	0.927	0.961	0.951	0.942	0.315
cg16893868	0.068	0.227	0.068	0.212	0.152	0.208	0.161	0.068	0.054	0.063	0.456	0.219
cg01691182	0.046	0.037	0.059	0.042	0.128	0.042	0.201	0.038	0.032	0.034	0.075	0.045
cg21531033	0.954	0.257	0.052	0.939	0.959	0.944	0.962	0.952	0.957	0.948	0.935	0.943
cg00400964	0.95	0.289	0.903	0.927	0.955	0.926	0.958	0.944	0.957	0.958	0.943	0.939
cg06291428	0.509	0.97	0.969	0.961	0.965	0.967	0.966	0.972	0.976	0.973	0.974	0.96
cg17173604	0.061	0.076	0.174	0.134	0.15	0.153	0.135	0.059	0.05	0.058	0.487	0.096
cg04939326	0.442	0.947	0.958	0.946	0.958	0.952	0.96	0.819	0.961	0.944	0.946	0.956
cg21714044	0.131	0.327	0.182	0.305	0.232	0.231	0.256	0.153	0.144	0.155	0.181	0.603
cg06828418	0.932	0.909	0.931	0.928	0.775	0.945	0.916	0.945	0.959	0.953	0.955	0.934
cg12090885	0.906	0.911	0.923	0.884	0.925	0.769	0.926	0.946	0.93	0.925	0.902	0.924
cg25778871	0.058	0.07	0.075	0.329	0.232	0.25	0.118	0.044	0.045	0.054	0.085	0.251
cg06169135	0.469	0.8	0.789	0.854	0.848	0.879	0.881	0.795	0.817	0.809	0.75	0.856
cg10709729	0.917	0.929	0.954	0.929	0.951	0.95	0.959	0.656	0.945	0.916	0.947	0.945
cg23509869	0.715	0.249	0.543	0.318	0.41	0.321	0.493	0.541	0.499	0.387	0.535	0.272
cg25597579	0.182	0.285	0.207	0.309	0.229	0.414	0.269	0.187	0.204	0.185	0.255	0.298
cg01586797	0.09	0.21	0.152	0.138	0.074	0.383	0.108	0.069	0.067	0.066	0.567	0.155
cg06369076	0.947	0.125	0.836	0.95	0.956	0.956	0.959	0.959	0.961	0.963	0.962	0.952
cg12310881	0.944	0.944	0.954	0.934	0.954	0.954	0.957	0.924	0.461	0.848	0.961	0.945
cg19555405	0.062	0.109	0.118	0.097	0.182	0.05	0.095	0.052	0.042	0.044	0.045	0.071
cg23368159	0.073	0.061	0.074	0.126	0.233	0.079	0.117	0.066	0.065	0.068	0.064	0.086
cg07896398	0.231	0.947	0.956	0.933	0.952	0.953	0.956	0.895	0.951	0.924	0.942	0.942
cg18465149	0.938	0.953	0.951	0.911	0.954	0.735	0.951	0.95	0.947	0.927	0.795	0.948
cg13326482	0.307	0.04	0.04	0.076	0.046	0.089	0.048	0.056	0.071	0.081	0.041	0.129
cg15363053	0.253	0.933	0.947	0.915	0.949	0.899	0.946	0.81	0.921	0.864	0.91	0.931
cg26555703	0.957	0.162	0.907	0.922	0.954	0.945	0.96	0.963	0.966	0.966	0.965	0.877
cg10283108	0.312	0.26	0.589	0.336	0.402	0.261	0.327	0.131	0.05	0.266	0.258	0.344
cg17559642	0.364	0.88	0.949	0.833	0.93	0.763	0.922	0.795	0.911	0.9	0.842	0.795
cg22854419	0.214	0.654	0.848	0.248	0.191	0.26	0.207	0.056	0.058	0.069	0.369	0.487
cg06020419	0.656	0.061	0.068	0.267	0.279	0.257	0.301	0.564	0.061	0.341	0.329	0.278
cg07955754	0.198	0.948	0.952	0.936	0.95	0.926	0.951	0.8	0.957	0.945	0.844	0.943
cg04272632	0.075	0.086	0.058	0.13	0.097	0.09	0.062	0.061	0.063	0.062	0.063	0.083
cg14830270	0.093	0.078	0.092	0.111	0.106	0.085	0.184	0.08	0.07	0.272	0.095	0.136
cg01926777	0.052	0.068	0.051	0.147	0.09	0.246	0.091	0.052	0.038	0.058	0.374	0.218
cg21640060	0.199	0.385	0.275	0.229	0.218	0.226	0.212	0.147	0.132	0.138	0.486	0.283
cg08214660	0.075	0.134	0.219	0.087	0.255	0.09	0.316	0.07	0.102	0.1	0.099	0.082
cg23966363	0.134	0.071	0.091	0.117	0.082	0.089	0.095	0.065	0.131	0.072	0.075	0.243
cg19856897	0.25	0.068	0.046	0.046	0.037	0.036	0.045	0.395	0.307	0.3	0.031	0.039
cg01932734	0.063	0.076	0.246	0.192	0.515	0.06	0.445	0.047	0.044	0.057	0.045	0.112
cg09946623	0.079	0.347	0.128	0.076	0.07	0.05	0.049	0.054	0.051	0.064	0.055	0.054
cg03963219	0.202	0.214	0.178	0.18	0.068	0.136	0.079	0.223	0.203	0.205	0.055	0.424
cg21655750	0.95	0.943	0.956	0.938	0.871	0.953	0.929	0.935	0.965	0.949	0.954	0.952
cg04886407	0.055	0.041	0.045	0.231	0.07	0.208	0.062	0.041	0.046	0.055	0.048	0.139
cg18133309	0.475	0.388	0.533	0.487	0.534	0.43	0.577	0.446	0.063	0.404	0.455	0.472
cg11267205	0.917	0.896	0.934	0.875	0.938	0.691	0.935	0.932	0.933	0.931	0.784	0.866
cg21572731	0.249	0.247	0.293	0.496	0.348	0.386	0.237	0.261	0.297	0.285	0.25	0.448
cg06939307	0.128	0.084	0.081	0.278	0.134	0.26	0.164	0.114	0.149	0.135	0.204	0.609
cg19434673	0.957	0.445	0.943	0.94	0.96	0.951	0.963	0.966	0.968	0.965	0.966	0.938
cg09351747	0.127	0.125	0.127	0.281	0.202	0.224	0.161	0.118	0.129	0.137	0.163	0.232
cg12859373	0.087	0.122	0.138	0.104	0.076	0.282	0.077	0.159	0.103	0.204	0.465	0.134
cg14848575	0.413	0.433	0.48	0.404	0.431	0.481	0.446	0.439	0.092	0.399	0.39	0.41
cg12000228	0.954	0.151	0.912	0.934	0.955	0.935	0.96	0.956	0.964	0.96	0.956	0.938
cg25404597	0.954	0.959	0.963	0.849	0.956	0.948	0.965	0.96	0.97	0.968	0.962	0.952
cg18672880	0.312	0.943	0.93	0.922	0.946	0.952	0.95	0.727	0.901	0.882	0.912	0.915
cg02321538	0.948	0.883	0.953	0.729	0.951	0.865	0.944	0.956	0.961	0.959	0.958	0.579
cg16217672	0.934	0.951	0.955	0.945	0.946	0.957	0.956	0.825	0.956	0.681	0.959	0.948
cg23626895	0.954	0.947	0.955	0.947	0.953	0.939	0.955	0.956	0.958	0.956	0.755	0.944
cg06061483	0.095	0.435	0.175	0.177	0.165	0.327	0.178	0.1	0.085	0.091	0.315	0.182
cg03903882	0.918	0.886	0.949	0.897	0.94	0.92	0.944	0.537	0.879	0.19	0.926	0.89
cg24756631	0.19	0.063	0.095	0.062	0.058	0.059	0.061	0.465	0.053	0.137	0.052	0.063
cg16005070	0.505	0.829	0.921	0.942	0.949	0.955	0.947	0.787	0.938	0.913	0.908	0.948
cg01923854	0.562	0.891	0.914	0.89	0.935	0.899	0.94	0.916	0.93	0.922	0.919	0.916
cg10800833	0.091	0.091	0.087	0.235	0.139	0.162	0.133	0.073	0.086	0.095	0.092	0.396
cg09605317	0.054	0.053	0.048	0.131	0.063	0.267	0.079	0.042	0.049	0.046	0.065	0.092
cg24501859	0.391	0.955	0.962	0.947	0.955	0.957	0.962	0.888	0.961	0.954	0.951	0.961
cg07478098	0.948	0.962	0.964	0.958	0.957	0.963	0.963	0.926	0.969	0.962	0.754	0.96
cg25593954	0.041	0.033	0.033	0.058	0.042	0.163	0.045	0.03	0.032	0.033	0.101	0.061
cg26231070	0.936	0.888	0.944	0.704	0.94	0.89	0.95	0.947	0.95	0.947	0.928	0.809
cg19371349	0.045	0.113	0.061	0.058	0.235	0.055	0.287	0.036	0.033	0.033	0.071	0.07
cg10266741	0.953	0.947	0.961	0.875	0.945	0.757	0.936	0.957	0.963	0.957	0.895	0.93
cg05902684	0.036	0.051	0.037	0.163	0.052	0.163	0.063	0.034	0.032	0.033	0.086	0.328
cg08336638	0.059	0.06	0.067	0.178	0.169	0.176	0.161	0.042	0.036	0.042	0.311	0.16
cg12364074	0.081	0.182	0.084	0.203	0.262	0.3	0.397	0.051	0.05	0.054	0.212	0.241
cg02946675	0.942	0.95	0.951	0.936	0.952	0.933	0.952	0.903	0.889	0.579	0.942	0.881
cg15816978	0.056	0.04	0.049	0.157	0.061	0.331	0.068	0.046	0.034	0.045	0.075	0.101
cg05667620	0.241	0.047	0.171	0.072	0.067	0.066	0.064	0.329	0.196	0.168	0.066	0.066
cg11021927	0.966	0.967	0.952	0.916	0.76	0.965	0.727	0.97	0.974	0.972	0.965	0.961
cg02450981	0.036	0.058	0.034	0.167	0.037	0.061	0.035	0.037	0.026	0.031	0.066	0.347
cg00381298	0.906	0.86	0.439	0.952	0.918	0.957	0.957	0.923	0.878	0.91	0.956	0.953
cg15757430	0.058	0.104	0.077	0.097	0.104	0.175	0.105	0.056	0.052	0.055	0.061	0.091
cg20728464	0.322	0.062	0.061	0.083	0.079	0.081	0.082	0.138	0.068	0.097	0.067	0.089
cg06673374	0.11	0.096	0.11	0.177	0.294	0.078	0.179	0.173	0.052	0.121	0.042	0.177
cg04307216	0.046	0.037	0.036	0.214	0.057	0.094	0.044	0.038	0.039	0.062	0.078	0.168
cg11785812	0.467	0.362	0.161	0.5	0.389	0.542	0.437	0.49	0.339	0.403	0.395	0.541
cg00148114	0.121	0.217	0.13	0.156	0.128	0.188	0.129	0.114	0.101	0.114	0.355	0.174
cg04914531	0.946	0.947	0.951	0.786	0.932	0.699	0.926	0.951	0.949	0.945	0.949	0.261
cg25720371	0.408	0.935	0.957	0.933	0.951	0.944	0.957	0.888	0.958	0.955	0.952	0.938
cg14901879	0.955	0.891	0.961	0.718	0.944	0.887	0.955	0.968	0.97	0.965	0.964	0.908
cg24819035	0.082	0.094	0.098	0.134	0.113	0.097	0.091	0.078	0.064	0.065	0.064	0.326
cg01817067	0.933	0.791	0.937	0.596	0.909	0.762	0.903	0.952	0.944	0.931	0.878	0.767
cg01881899	0.435	0.098	0.06	0.104	0.064	0.059	0.063	0.38	0.276	0.125	0.09	0.107
cg14654849	0.893	0.758	0.962	0.96	0.965	0.957	0.968	0.447	0.971	0.943	0.964	0.963
cg19594156	0.042	0.045	0.04	0.061	0.055	0.126	0.053	0.037	0.038	0.043	0.044	0.085
cg04523212	0.073	0.092	0.05	0.144	0.072	0.282	0.107	0.045	0.038	0.042	0.093	0.214
cg17808849	0.112	0.049	0.075	0.131	0.257	0.093	0.233	0.05	0.076	0.055	0.1	0.117
cg27582235	0.09	0.069	0.073	0.092	0.152	0.085	0.103	0.08	0.07	0.08	0.071	0.103
cg18361915	0.412	0.926	0.948	0.935	0.948	0.938	0.954	0.696	0.912	0.847	0.892	0.903
cg26616627	0.959	0.961	0.961	0.957	0.955	0.963	0.96	0.953	0.968	0.645	0.962	0.963
cg04832952	0.938	0.912	0.955	0.935	0.957	0.934	0.965	0.948	0.958	0.948	0.799	0.947
cg11555752	0.939	0.882	0.553	0.946	0.946	0.947	0.951	0.948	0.961	0.957	0.953	0.948
cg05084043	0.948	0.911	0.948	0.796	0.941	0.884	0.949	0.946	0.964	0.954	0.935	0.843
cg08999352	0.159	0.202	0.23	0.211	0.327	0.127	0.352	0.153	0.131	0.12	0.132	0.266
cg08257147	0.944	0.94	0.94	0.942	0.945	0.952	0.949	0.932	0.953	0.607	0.959	0.946
cg20172724	0.067	0.092	0.07	0.163	0.077	0.108	0.063	0.053	0.062	0.062	0.064	0.164
cg11415852	0.884	0.879	0.881	0.821	0.826	0.86	0.846	0.953	0.886	0.845	0.842	0.823
cg02508438	0.04	0.482	0.085	0.063	0.046	0.135	0.048	0.072	0.171	0.183	0.06	0.219
cg14371571	0.045	0.064	0.039	0.07	0.042	0.165	0.067	0.045	0.035	0.038	0.069	0.096
cg27297043	0.94	0.898	0.95	0.652	0.939	0.849	0.938	0.951	0.952	0.955	0.93	0.86
cg06272555	0.412	0.748	0.536	0.459	0.487	0.46	0.509	0.448	0.434	0.426	0.501	0.494
cg00780810	0.094	0.092	0.099	0.145	0.309	0.154	0.395	0.084	0.091	0.092	0.141	0.158
cg00290023	0.134	0.294	0.535	0.198	0.089	0.303	0.103	0.224	0.064	0.202	0.413	0.284
cg07517948	0.556	0.948	0.955	0.943	0.95	0.956	0.954	0.836	0.956	0.952	0.959	0.945
cg01684175	0.823	0.949	0.953	0.854	0.945	0.897	0.942	0.878	0.95	0.939	0.954	0.576
cg10079707	0.949	0.949	0.958	0.951	0.956	0.958	0.961	0.963	0.195	0.944	0.963	0.955
cg12132133	0.059	0.112	0.087	0.185	0.169	0.251	0.181	0.051	0.045	0.05	0.493	0.18
cg06847541	0.941	0.915	0.948	0.817	0.942	0.925	0.947	0.902	0.945	0.916	0.945	0.915
cg16742028	0.068	0.048	0.069	0.082	0.122	0.066	0.077	0.055	0.059	0.052	0.051	0.086
cg24777176	0.11	0.382	0.148	0.192	0.069	0.126	0.056	0.131	0.063	0.115	0.041	0.197
cg03753191	0.086	0.063	0.098	0.063	0.056	0.054	0.053	0.074	0.047	0.212	0.046	0.05
cg26935416	0.385	0.235	0.121	0.239	0.282	0.202	0.244	0.337	0.244	0.237	0.113	0.185
cg01909656	0.043	0.057	0.051	0.073	0.04	0.116	0.046	0.039	0.029	0.031	0.334	0.08
cg05007288	0.924	0.89	0.945	0.815	0.933	0.721	0.927	0.93	0.946	0.908	0.912	0.848
cg21308993	0.404	0.706	0.954	0.876	0.951	0.891	0.953	0.872	0.944	0.941	0.92	0.84
cg00189101	0.103	0.124	0.135	0.262	0.221	0.389	0.209	0.088	0.088	0.085	0.179	0.284
cg20191924	0.87	0.85	0.87	0.797	0.817	0.829	0.818	0.931	0.882	0.853	0.836	0.794
cg27363672	0.948	0.942	0.945	0.942	0.947	0.949	0.954	0.95	0.965	0.953	0.961	0.946
cg00325390	0.064	0.134	0.118	0.116	0.081	0.168	0.079	0.047	0.054	0.053	0.314	0.127
cg12705326	0.928	0.914	0.953	0.883	0.95	0.944	0.959	0.934	0.579	0.922	0.941	0.922
cg27278086	0.04	0.032	0.037	0.083	0.204	0.037	0.113	0.03	0.031	0.036	0.035	0.057
cg02460953	0.943	0.909	0.951	0.868	0.948	0.942	0.949	0.951	0.957	0.955	0.931	0.784
cg23633330	0.601	0.07	0.064	0.353	0.243	0.268	0.179	0.357	0.478	0.264	0.264	0.52
cg04718050	0.226	0.104	0.221	0.15	0.133	0.116	0.124	0.401	0.372	0.467	0.08	0.196
cg26988146	0.057	0.044	0.044	0.083	0.054	0.066	0.05	0.037	0.041	0.045	0.209	0.072
cg09366734	0.945	0.948	0.949	0.808	0.94	0.914	0.949	0.955	0.96	0.952	0.951	0.679
cg10165610	0.096	0.111	0.094	0.147	0.086	0.061	0.075	0.062	0.05	0.081	0.042	0.226
cg10408324	0.414	0.9	0.941	0.902	0.937	0.894	0.941	0.758	0.909	0.909	0.883	0.915
cg18445718	0.974	0.898	0.974	0.968	0.969	0.957	0.969	0.978	0.978	0.975	0.636	0.966
cg13188892	0.932	0.904	0.933	0.873	0.919	0.757	0.936	0.943	0.946	0.953	0.942	0.842
cg20809427	0.164	0.2	0.301	0.168	0.15	0.198	0.15	0.141	0.179	0.182	0.179	0.178
cg24084719	0.041	0.33	0.179	0.045	0.056	0.041	0.049	0.037	0.037	0.044	0.035	0.044
cg16648971	0.063	0.069	0.06	0.156	0.123	0.114	0.091	0.043	0.045	0.044	0.053	0.142
cg05496203	0.043	0.154	0.093	0.117	0.076	0.172	0.072	0.036	0.04	0.039	0.345	0.095
cg25446602	0.1	0.051	0.054	0.072	0.066	0.083	0.07	0.278	0.097	0.292	0.054	0.099
cg19802638	0.395	0.947	0.947	0.925	0.946	0.916	0.939	0.87	0.958	0.95	0.936	0.926
cg12591454	0.927	0.937	0.94	0.895	0.939	0.918	0.941	0.931	0.938	0.94	0.941	0.86
cg01668106	0.948	0.947	0.945	0.945	0.944	0.947	0.953	0.953	0.966	0.959	0.958	0.944
cg18786809	0.905	0.845	0.934	0.722	0.879	0.795	0.898	0.89	0.918	0.901	0.893	0.798
cg23856536	0.05	0.069	0.044	0.154	0.112	0.103	0.052	0.042	0.051	0.065	0.062	0.098
cg21618197	0.125	0.161	0.312	0.164	0.154	0.146	0.122	0.126	0.159	0.145	0.182	0.221
cg13831483	0.441	0.946	0.956	0.936	0.954	0.953	0.95	0.71	0.962	0.95	0.961	0.946
cg04383721	0.953	0.95	0.948	0.763	0.914	0.927	0.954	0.959	0.96	0.963	0.963	0.927
cg03037393	0.138	0.052	0.047	0.067	0.062	0.065	0.056	0.365	0.14	0.19	0.048	0.066
cg17691428	0.038	0.041	0.047	0.048	0.113	0.046	0.164	0.034	0.037	0.034	0.044	0.052
cg16781484	0.924	0.933	0.938	0.932	0.941	0.936	0.943	0.928	0.961	0.947	0.947	0.933
cg22236626	0.121	0.106	0.17	0.146	0.146	0.211	0.164	0.122	0.119	0.131	0.411	0.155
cg26988016	0.096	0.101	0.125	0.126	0.187	0.1	0.234	0.087	0.085	0.089	0.09	0.105
cg00259667	0.964	0.964	0.965	0.954	0.962	0.962	0.967	0.968	0.969	0.966	0.965	0.899
cg16621591	0.895	0.902	0.945	0.612	0.854	0.588	0.912	0.935	0.933	0.93	0.846	0.382
cg00994876	0.944	0.937	0.939	0.939	0.94	0.944	0.944	0.95	0.962	0.956	0.954	0.932
cg01537248	0.098	0.18	0.097	0.073	0.074	0.067	0.072	0.123	0.324	0.237	0.056	0.057
cg17846460	0.351	0.043	0.047	0.102	0.11	0.05	0.097	0.043	0.094	0.044	0.044	0.139
cg00199753	0.932	0.766	0.551	0.885	0.937	0.916	0.945	0.945	0.949	0.941	0.933	0.897
cg23737049	0.865	0.896	0.916	0.738	0.881	0.699	0.852	0.876	0.891	0.873	0.858	0.788
cg23199601	0.05	0.044	0.043	0.109	0.063	0.257	0.104	0.049	0.043	0.045	0.083	0.129
cg11330681	0.94	0.886	0.954	0.844	0.898	0.943	0.953	0.951	0.961	0.954	0.95	0.709
cg05205743	0.347	0.92	0.935	0.921	0.937	0.946	0.942	0.759	0.944	0.937	0.938	0.939
cg13999188	0.031	0.06	0.033	0.174	0.072	0.281	0.095	0.026	0.028	0.03	0.061	0.191
cg08911152	0.056	0.258	0.102	0.082	0.131	0.063	0.114	0.043	0.043	0.039	0.042	0.065
cg12184988	0.605	0.946	0.945	0.944	0.946	0.952	0.953	0.892	0.963	0.956	0.96	0.945
cg22888181	0.171	0.16	0.067	0.095	0.054	0.107	0.06	0.047	0.059	0.05	0.085	0.09
cg09364595	0.38	0.141	0.253	0.248	0.267	0.216	0.178	0.381	0.17	0.166	0.277	0.239
cg02733803	0.398	0.053	0.162	0.129	0.205	0.065	0.174	0.309	0.164	0.156	0.196	0.112
cg26857965	0.947	0.916	0.945	0.799	0.942	0.924	0.948	0.949	0.957	0.951	0.957	0.888
cg24585833	0.921	0.899	0.957	0.921	0.946	0.696	0.927	0.936	0.945	0.934	0.354	0.932
cg12790664	0.081	0.06	0.177	0.055	0.058	0.065	0.064	0.043	0.177	0.219	0.042	0.063
cg06410723	0.958	0.94	0.961	0.922	0.955	0.943	0.961	0.964	0.97	0.964	0.958	0.901
cg16786843	0.748	0.914	0.941	0.927	0.94	0.943	0.95	0.941	0.96	0.948	0.955	0.933
cg25774608	0.066	0.092	0.081	0.074	0.071	0.114	0.077	0.043	0.058	0.057	0.263	0.075
cg19060203	0.839	0.805	0.842	0.803	0.801	0.817	0.809	0.922	0.848	0.821	0.794	0.778
cg13108141	0.249	0.042	0.038	0.068	0.059	0.064	0.055	0.113	0.074	0.159	0.046	0.046
cg20237547	0.045	0.074	0.043	0.121	0.047	0.1	0.052	0.046	0.04	0.04	0.038	0.337
cg22833382	0.08	0.055	0.061	0.061	0.059	0.057	0.057	0.369	0.161	0.217	0.046	0.068
cg21298750	0.16	0.122	0.147	0.17	0.267	0.181	0.328	0.109	0.129	0.111	0.231	0.153
cg00116838	0.069	0.072	0.077	0.17	0.095	0.105	0.074	0.06	0.056	0.056	0.085	0.181
cg08604181	0.772	0.948	0.959	0.944	0.96	0.951	0.961	0.958	0.961	0.956	0.95	0.953
cg09288894	0.097	0.084	0.091	0.128	0.147	0.139	0.101	0.08	0.071	0.079	0.229	0.087
cg01093786	0.091	0.153	0.079	0.086	0.087	0.061	0.06	0.274	0.063	0.071	0.041	0.296
cg25594549	0.271	0.062	0.072	0.131	0.115	0.146	0.172	0.078	0.183	0.127	0.201	0.102
cg23823732	0.053	0.056	0.072	0.098	0.134	0.111	0.176	0.039	0.045	0.048	0.071	0.103
cg27423323	0.709	0.719	0.917	0.683	0.699	0.673	0.677	0.675	0.772	0.687	0.759	0.779
cg25370567	0.943	0.94	0.946	0.935	0.941	0.938	0.947	0.949	0.966	0.961	0.956	0.933
cg21129261	0.955	0.946	0.951	0.895	0.95	0.9	0.942	0.956	0.956	0.955	0.929	0.838
cg27406433	0.051	0.324	0.07	0.07	0.078	0.055	0.075	0.044	0.043	0.041	0.039	0.104
cg24363415	0.043	0.052	0.038	0.09	0.046	0.188	0.051	0.041	0.035	0.039	0.042	0.062
cg00052472	0.068	0.052	0.055	0.06	0.064	0.058	0.066	0.066	0.057	0.184	0.052	0.065
cg06734096	0.103	0.141	0.137	0.259	0.129	0.227	0.091	0.076	0.066	0.07	0.076	0.402
cg07410188	0.141	0.149	0.136	0.246	0.204	0.193	0.213	0.155	0.154	0.173	0.161	0.341
cg10782139	0.929	0.899	0.944	0.91	0.934	0.843	0.938	0.921	0.943	0.927	0.893	0.883
cg18993911	0.951	0.924	0.953	0.918	0.932	0.895	0.787	0.955	0.961	0.957	0.939	0.93
cg17343120	0.063	0.044	0.053	0.063	0.062	0.058	0.056	0.067	0.167	0.088	0.048	0.061
cg11811510	0.083	0.083	0.043	0.069	0.053	0.234	0.076	0.035	0.071	0.035	0.364	0.07
cg11228682	0.095	0.088	0.163	0.081	0.085	0.07	0.072	0.077	0.065	0.098	0.061	0.087
cg24626542	0.9	0.957	0.96	0.947	0.952	0.952	0.957	0.906	0.924	0.695	0.944	0.946
cg15861806	0.953	0.745	0.475	0.951	0.949	0.951	0.954	0.962	0.96	0.956	0.954	0.948
cg14091149	0.925	0.799	0.91	0.904	0.938	0.792	0.907	0.929	0.923	0.928	0.545	0.921
cg08787146	0.39	0.275	0.227	0.466	0.405	0.58	0.432	0.278	0.318	0.33	0.694	0.376
cg04005969	0.192	0.274	0.204	0.257	0.241	0.238	0.243	0.173	0.181	0.179	0.443	0.246
cg16031671	0.111	0.051	0.053	0.116	0.078	0.162	0.087	0.039	0.057	0.073	0.269	0.176
cg00308680	0.262	0.062	0.073	0.054	0.049	0.051	0.049	0.049	0.059	0.151	0.054	0.066
cg10934350	0.098	0.318	0.248	0.097	0.072	0.088	0.071	0.092	0.115	0.101	0.063	0.133
cg24031653	0.677	0.938	0.937	0.932	0.94	0.947	0.953	0.848	0.953	0.942	0.945	0.937
cg01927645	0.334	0.049	0.05	0.056	0.048	0.044	0.045	0.124	0.043	0.059	0.045	0.047
cg09267206	0.934	0.932	0.94	0.933	0.942	0.935	0.949	0.939	0.96	0.951	0.948	0.936
cg26358286	0.047	0.048	0.046	0.17	0.086	0.274	0.124	0.037	0.041	0.048	0.055	0.151
cg06062946	0.953	0.926	0.951	0.901	0.945	0.946	0.956	0.96	0.965	0.962	0.958	0.799
cg22053084	0.033	0.028	0.033	0.045	0.091	0.038	0.061	0.03	0.029	0.034	0.033	0.045
cg08978750	0.944	0.942	0.952	0.895	0.942	0.936	0.955	0.943	0.952	0.95	0.959	0.916
cg22653279	0.18	0.107	0.079	0.222	0.14	0.264	0.162	0.128	0.056	0.069	0.234	0.384
cg27317179	0.279	0.034	0.032	0.052	0.04	0.04	0.035	0.044	0.059	0.094	0.03	0.065
cg00380283	0.586	0.946	0.949	0.935	0.954	0.939	0.952	0.877	0.948	0.937	0.935	0.948
cg02628895	0.517	0.466	0.707	0.466	0.507	0.419	0.516	0.456	0.548	0.483	0.436	0.479
cg27468773	0.947	0.949	0.96	0.937	0.954	0.948	0.953	0.952	0.957	0.96	0.959	0.902
cg08055846	0.056	0.122	0.29	0.098	0.088	0.122	0.065	0.048	0.152	0.114	0.064	0.079
cg10977890	0.104	0.105	0.114	0.13	0.174	0.132	0.209	0.101	0.099	0.098	0.129	0.123
cg17985505	0.953	0.958	0.955	0.941	0.955	0.894	0.957	0.958	0.957	0.962	0.949	0.933
cg07902106	0.917	0.893	0.899	0.862	0.915	0.881	0.926	0.93	0.947	0.949	0.941	0.77
cg21580885	0.942	0.937	0.939	0.935	0.939	0.943	0.948	0.944	0.961	0.958	0.95	0.935
cg13192487	0.093	0.159	0.092	0.172	0.108	0.105	0.097	0.078	0.077	0.071	0.077	0.339
cg17522929	0.855	0.837	0.904	0.872	0.92	0.914	0.93	0.887	0.564	0.872	0.925	0.789
cg18405880	0.926	0.905	0.94	0.93	0.935	0.935	0.934	0.887	0.661	0.933	0.941	0.922
cg13899478	0.051	0.048	0.053	0.223	0.12	0.13	0.126	0.048	0.043	0.043	0.038	0.235
cg17821137	0.045	0.037	0.113	0.057	0.049	0.041	0.045	0.039	0.03	0.039	0.174	0.046
cg09754225	0.947	0.912	0.957	0.892	0.949	0.894	0.953	0.95	0.951	0.954	0.953	0.735
cg27461243	0.96	0.959	0.959	0.958	0.959	0.962	0.966	0.967	0.974	0.969	0.967	0.959
cg16592434	0.073	0.074	0.069	0.094	0.082	0.155	0.068	0.063	0.057	0.058	0.069	0.083
cg00386460	0.948	0.95	0.947	0.933	0.946	0.942	0.947	0.952	0.963	0.962	0.962	0.853
cg20510225	0.062	0.078	0.08	0.112	0.257	0.069	0.198	0.055	0.049	0.052	0.052	0.092
cg16966909	0.699	0.933	0.958	0.926	0.953	0.907	0.949	0.947	0.909	0.951	0.929	0.931
cg11834951	0.946	0.94	0.957	0.846	0.956	0.865	0.958	0.955	0.962	0.955	0.956	0.677
cg08769464	0.378	0.06	0.062	0.117	0.092	0.072	0.081	0.101	0.273	0.232	0.076	0.102
cg02588816	0.936	0.925	0.946	0.867	0.948	0.911	0.952	0.941	0.963	0.954	0.955	0.914
cg18850343	0.07	0.075	0.082	0.071	0.085	0.061	0.085	0.191	0.073	0.066	0.063	0.069
cg18367488	0.787	0.963	0.967	0.958	0.967	0.963	0.969	0.413	0.881	0.857	0.955	0.957
cg01738152	0.061	0.045	0.053	0.057	0.055	0.054	0.049	0.089	0.138	0.171	0.054	0.061
cg27079118	0.051	0.091	0.045	0.184	0.087	0.14	0.069	0.039	0.039	0.046	0.078	0.252
cg11411904	0.046	0.046	0.047	0.089	0.104	0.206	0.262	0.042	0.041	0.046	0.091	0.095
cg17080168	0.064	0.066	0.063	0.056	0.052	0.051	0.051	0.053	0.06	0.175	0.042	0.053
cg14664187	0.063	0.059	0.058	0.104	0.058	0.055	0.054	0.044	0.056	0.051	0.044	0.088
cg07509941	0.925	0.922	0.933	0.897	0.939	0.919	0.941	0.941	0.927	0.944	0.95	0.863
cg10776839	0.935	0.907	0.936	0.871	0.937	0.83	0.94	0.94	0.951	0.943	0.934	0.876
cg07712892	0.949	0.943	0.951	0.941	0.951	0.948	0.956	0.952	0.965	0.961	0.957	0.765
cg05662676	0.064	0.718	0.414	0.084	0.061	0.075	0.056	0.053	0.321	0.281	0.045	0.3
cg11432630	0.248	0.226	0.179	0.226	0.183	0.227	0.175	0.375	0.133	0.169	0.15	0.252
cg06568945	0.045	0.042	0.051	0.046	0.041	0.043	0.044	0.051	0.089	0.189	0.038	0.049
cg21685138	0.088	0.118	0.084	0.187	0.133	0.235	0.164	0.095	0.084	0.087	0.134	0.345
cg11678039	0.942	0.933	0.945	0.887	0.943	0.923	0.947	0.95	0.958	0.952	0.948	0.811
cg13174406	0.096	0.184	0.295	0.139	0.177	0.147	0.163	0.094	0.078	0.084	0.136	0.157
cg10475683	0.082	0.102	0.095	0.08	0.077	0.074	0.072	0.069	0.066	0.069	0.289	0.083
cg10475778	0.937	0.922	0.945	0.875	0.926	0.883	0.942	0.928	0.951	0.939	0.939	0.783
cg10948186	0.354	0.952	0.957	0.936	0.952	0.948	0.958	0.913	0.959	0.951	0.945	0.954
cg12623364	0.064	0.057	0.054	0.056	0.048	0.077	0.047	0.051	0.139	0.313	0.039	0.074
cg01000850	0.114	0.079	0.213	0.077	0.059	0.053	0.052	0.293	0.07	0.27	0.05	0.06
cg26091247	0.08	0.069	0.064	0.079	0.083	0.08	0.076	0.193	0.127	0.209	0.068	0.082
cg26686146	0.954	0.225	0.931	0.947	0.927	0.956	0.916	0.959	0.965	0.964	0.959	0.945
cg19935718	0.357	0.057	0.057	0.06	0.049	0.065	0.054	0.4	0.044	0.308	0.046	0.073
cg20716064	0.043	0.034	0.036	0.068	0.046	0.146	0.053	0.03	0.033	0.042	0.043	0.083
cg10901900	0.071	0.044	0.071	0.173	0.117	0.176	0.112	0.041	0.062	0.044	0.133	0.382
cg14588638	0.12	0.042	0.096	0.071	0.08	0.071	0.072	0.147	0.113	0.122	0.075	0.072
cg20922366	0.948	0.906	0.941	0.919	0.946	0.934	0.952	0.947	0.962	0.96	0.961	0.844
cg25775708	0.963	0.947	0.961	0.96	0.963	0.965	0.968	0.856	0.961	0.933	0.964	0.964
cg17682828	0.07	0.056	0.112	0.099	0.088	0.13	0.098	0.128	0.155	0.188	0.155	0.105
cg26418349	0.894	0.899	0.91	0.839	0.912	0.89	0.922	0.91	0.949	0.943	0.926	0.734
cg17148532	0.029	0.034	0.025	0.149	0.044	0.113	0.039	0.026	0.031	0.037	0.038	0.236
cg16009632	0.163	0.074	0.047	0.056	0.054	0.04	0.049	0.198	0.159	0.162	0.042	0.046
cg24035164	0.076	0.056	0.097	0.164	0.122	0.114	0.099	0.061	0.059	0.068	0.064	0.214
cg22549335	0.96	0.963	0.962	0.947	0.959	0.948	0.962	0.961	0.967	0.965	0.957	0.927
cg15079206	0.041	0.048	0.063	0.173	0.141	0.054	0.085	0.036	0.043	0.047	0.038	0.137
cg18750819	0.933	0.958	0.957	0.922	0.956	0.947	0.96	0.963	0.967	0.963	0.963	0.816
cg21235018	0.08	0.057	0.047	0.069	0.065	0.113	0.056	0.041	0.044	0.048	0.219	0.053
cg21634264	0.043	0.079	0.064	0.076	0.067	0.099	0.061	0.041	0.037	0.041	0.351	0.081
cg22613732	0.935	0.896	0.954	0.916	0.95	0.949	0.948	0.945	0.954	0.949	0.935	0.85
cg00125306	0.061	0.068	0.06	0.1	0.07	0.104	0.073	0.052	0.054	0.058	0.078	0.132
cg07584558	0.097	0.088	0.091	0.093	0.087	0.082	0.079	0.227	0.194	0.118	0.082	0.095
cg21306540	0.042	0.16	0.051	0.145	0.071	0.181	0.071	0.031	0.038	0.038	0.323	0.121
cg01348086	0.074	0.065	0.062	0.083	0.069	0.068	0.061	0.056	0.088	0.12	0.057	0.105
cg13855589	0.948	0.94	0.939	0.937	0.782	0.946	0.729	0.948	0.959	0.95	0.958	0.933
cg09144580	0.224	0.243	0.256	0.243	0.383	0.301	0.429	0.251	0.277	0.288	0.27	0.263
cg01119784	0.816	0.864	0.936	0.92	0.939	0.915	0.941	0.524	0.934	0.888	0.928	0.936
cg11950777	0.938	0.913	0.934	0.814	0.931	0.937	0.946	0.945	0.96	0.957	0.957	0.868
cg03487777	0.066	0.046	0.05	0.062	0.055	0.047	0.045	0.105	0.098	0.179	0.042	0.049
cg20811072	0.181	0.049	0.048	0.044	0.043	0.043	0.041	0.089	0.076	0.036	0.033	0.05
cg16630762	0.247	0.152	0.068	0.089	0.062	0.093	0.059	0.195	0.064	0.092	0.172	0.081
cg17524382	0.939	0.939	0.943	0.941	0.942	0.94	0.949	0.939	0.962	0.943	0.952	0.937
ch.11.96117892F	0.047	0.056	0.067	0.057	0.057	0.055	0.054	0.044	0.035	0.035	0.037	0.099
cg05101920	0.082	0.102	0.089	0.15	0.097	0.128	0.074	0.08	0.064	0.07	0.074	0.143
cg24618999	0.202	0.056	0.046	0.064	0.07	0.052	0.08	0.065	0.075	0.052	0.047	0.072
cg26221105	0.1	0.082	0.164	0.104	0.286	0.092	0.279	0.109	0.051	0.082	0.07	0.088
cg13623108	0.074	0.039	0.039	0.047	0.048	0.044	0.044	0.122	0.084	0.087	0.041	0.045
cg13699845	0.182	0.057	0.072	0.07	0.061	0.058	0.054	0.047	0.074	0.047	0.05	0.059
cg06694826	0.482	0.532	0.536	0.554	0.468	0.57	0.501	0.478	0.091	0.518	0.428	0.554
cg07775292	0.046	0.216	0.097	0.076	0.047	0.062	0.051	0.042	0.051	0.083	0.036	0.129
cg23831998	0.067	0.048	0.042	0.051	0.054	0.045	0.05	0.038	0.133	0.064	0.039	0.073
cg01721754	0.05	0.04	0.047	0.072	0.06	0.089	0.06	0.046	0.038	0.05	0.135	0.067
cg05683781	0.168	0.242	0.22	0.35	0.277	0.25	0.179	0.188	0.197	0.186	0.27	0.322
cg19215003	0.064	0.044	0.058	0.069	0.069	0.054	0.062	0.151	0.043	0.142	0.046	0.068
cg05271775	0.054	0.049	0.054	0.051	0.059	0.05	0.06	0.186	0.049	0.065	0.046	0.055
cg17039369	0.255	0.048	0.046	0.051	0.052	0.046	0.046	0.037	0.049	0.044	0.042	0.052
cg08972363	0.039	0.036	0.035	0.041	0.041	0.042	0.038	0.034	0.052	0.129	0.034	0.043
cg10266935	0.1	0.162	0.091	0.224	0.107	0.214	0.091	0.138	0.112	0.091	0.127	0.347
cg09704765	0.942	0.896	0.938	0.928	0.945	0.948	0.948	0.941	0.956	0.954	0.956	0.869
cg01738650	0.036	0.035	0.04	0.079	0.063	0.046	0.057	0.034	0.034	0.033	0.038	0.056
cg01880320	0.072	0.068	0.085	0.074	0.076	0.071	0.074	0.061	0.051	0.053	0.212	0.075
cg08610982	0.05	0.036	0.042	0.056	0.052	0.046	0.046	0.157	0.096	0.121	0.038	0.052
cg11514965	0.066	0.045	0.048	0.065	0.051	0.05	0.053	0.218	0.226	0.164	0.04	0.051
cg01439631	0.952	0.834	0.956	0.382	0.931	0.712	0.924	0.957	0.957	0.946	0.951	0.183
cg22277972	0.125	0.054	0.046	0.111	0.074	0.096	0.07	0.134	0.057	0.089	0.25	0.112
cg24467291	0.072	0.092	0.08	0.192	0.093	0.281	0.104	0.063	0.064	0.066	0.091	0.189
cg10610725	0.377	0.054	0.05	0.193	0.08	0.162	0.097	0.112	0.077	0.103	0.095	0.15
cg21600626	0.955	0.953	0.965	0.885	0.954	0.916	0.953	0.957	0.966	0.962	0.95	0.932
cg08381578	0.099	0.056	0.095	0.076	0.151	0.087	0.14	0.062	0.069	0.074	0.22	0.075
cg01134075	0.067	0.033	0.032	0.045	0.041	0.035	0.036	0.102	0.038	0.109	0.026	0.038
cg03429034	0.069	0.071	0.089	0.093	0.124	0.074	0.136	0.054	0.046	0.056	0.067	0.092
cg04069927	0.043	0.046	0.051	0.053	0.057	0.071	0.066	0.033	0.037	0.037	0.147	0.056
cg02650017	0.07	0.049	0.047	0.068	0.059	0.065	0.059	0.077	0.046	0.122	0.054	0.067
cg04554131	0.248	0.046	0.074	0.084	0.062	0.063	0.063	0.355	0.061	0.371	0.047	0.089
cg15022277	0.955	0.937	0.962	0.954	0.961	0.958	0.963	0.954	0.554	0.922	0.966	0.961
cg01081456	0.098	0.04	0.048	0.08	0.057	0.06	0.057	0.203	0.067	0.209	0.048	0.097
cg06856130	0.933	0.951	0.949	0.89	0.945	0.928	0.949	0.946	0.945	0.946	0.936	0.855
cg12610832	0.049	0.071	0.091	0.054	0.048	0.076	0.053	0.041	0.042	0.041	0.186	0.073
cg17475883	0.108	0.091	0.11	0.134	0.119	0.15	0.121	0.106	0.086	0.098	0.174	0.119
cg11064980	0.064	0.043	0.09	0.051	0.048	0.046	0.044	0.041	0.062	0.046	0.062	0.045
cg01099300	0.949	0.932	0.95	0.794	0.944	0.922	0.949	0.955	0.962	0.956	0.958	0.817
cg09234474	0.078	0.061	0.072	0.157	0.101	0.129	0.076	0.071	0.058	0.073	0.08	0.191
cg14095431	0.255	0.105	0.108	0.137	0.127	0.109	0.108	0.191	0.118	0.107	0.113	0.112
cg06374862	0.957	0.927	0.957	0.92	0.957	0.876	0.944	0.96	0.966	0.954	0.957	0.943
cg20201669	0.081	0.178	0.107	0.086	0.081	0.1	0.073	0.093	0.061	0.063	0.086	0.109
cg06504953	0.307	0.122	0.166	0.165	0.124	0.09	0.077	0.351	0.213	0.104	0.069	0.218
cg11342429	0.043	0.038	0.037	0.046	0.048	0.049	0.047	0.042	0.053	0.104	0.045	0.054
