chr	pos	strand	mc_class	mc_count	total	methylated
1	15126	-	CTG	0	1	1
1	15135	-	CTT	0	1	1
1	15136	-	CCT	0	1	1
1	15142	-	CAG	0	1	1
1	15144	-	CAC	0	1	1
1	15152	-	CTG	0	1	1
1	15156	-	CTA	0	1	1
1	15161	-	CTG	0	1	1
1	15163	-	CTC	0	1	1
1	15169	-	CTG	0	1	1
1	15172	-	CGA	0	1	1
1	15179	-	CAG	0	1	1
1	15185	-	CTG	0	1	1
1	15190	-	CGG	0	1	1
1	15191	-	CCG	0	1	1
1	15192	-	CCC	0	1	1
1	15197	-	CAG	0	1	1
1	15200	-	CAT	0	1	1
1	15202	-	CTC	0	1	1
1	15206	-	CTG	0	1	1
1	15208	-	CGC	1	1	1
1	15209	-	CCG	0	1	1
1	15212	-	CAG	0	1	1
1	15216	-	CAA	0	1	1
1	15218	-	CTC	0	1	1
1	15219	-	CCT	0	1	1
1	15221	-	CTC	0	1	1
1	15232	-	CTG	0	1	1
1	15240	-	CGA	1	1	1
1	15241	-	CCG	0	1	1
1	15242	-	CCC	0	1	1
1	15243	-	CCC	0	1	1
1	82939	+	CAG	0	1	1
1	82957	+	CTC	0	1	1
1	82959	+	CTC	0	1	1
1	82961	+	CCC	0	1	1
1	82962	+	CCT	0	1	1
1	82963	+	CTG	0	1	1
1	82972	+	CAG	0	1	1
1	82992	+	CAA	0	1	1
1	82998	+	CTT	0	1	1
1	83008	+	CTG	0	1	1
1	83012	+	CTT	0	1	1
1	83022	+	CTT	0	1	1
1	83031	+	CTA	0	1	1
1	83041	+	CCA	0	1	1
1	83042	+	CAA	0	1	1
1	83053	+	CAT	0	1	1
1	83092	+	CAA	0	1	1
1	83102	+	CTG	0	1	1
1	83108	+	CTG	0	1	1
1	83118	+	CAA	0	1	1
1	83135	+	CTT	0	1	1
1	83142	+	CTT	0	1	1
1	83151	+	CCA	0	1	1
1	83152	+	CAA	0	1	1
1	83168	+	CAG	0	1	1
1	83171	+	CTG	0	1	1
1	83185	+	CAG	0	1	1
1	83192	+	CTT	0	1	1
1	98554	+	CAT	0	1	1
1	98574	+	CTG	0	1	1
1	98585	+	CAC	0	1	1
1	98587	+	CTT	0	1	1
1	98590	+	CAG	0	1	1
1	98593	+	CTC	0	1	1
1	98595	+	CTA	0	1	1
1	98598	+	CTG	0	1	1
1	98602	+	CAT	0	1	1
1	98622	+	CTG	0	1	1
1	98626	+	CTG	0	1	1
1	98630	+	CTA	0	1	1
1	98634	+	CTA	0	1	1
1	98644	+	CAT	0	1	1
1	98651	+	CTT	0	1	1
1	98654	+	CAT	0	1	1
1	98666	+	CTC	0	1	1
1	98668	+	CTC	0	1	1
1	98670	+	CTA	0	1	1
1	127471	+	CAT	0	1	1
1	127481	+	CTT	0	1	1
1	127492	+	CGA	1	1	1
1	127499	+	CTA	0	1	1
1	127502	+	CAT	0	1	1
1	127505	+	CTT	0	1	1
1	127517	+	CAT	0	1	1
1	127524	+	CAT	0	1	1
1	127529	+	CTA	0	1	1
1	127537	+	CTA	0	1	1
1	127541	+	CCC	0	1	1
1	127542	+	CCT	0	1	1
1	127543	+	CTG	0	1	1
1	127549	+	CCA	0	1	1
1	127550	+	CAT	0	1	1
1	127558	+	CAA	0	1	1
1	127571	+	CCG	0	1	1
1	127572	+	CGC	0	1	1
1	127574	+	CTA	0	1	1
1	127582	+	CAG	0	1	1
1	128589	+	CAC	0	1	1
1	128591	+	CCC	0	1	1
1	128593	+	CCC	0	1	1
1	128594	+	CCT	0	1	1
1	128595	+	CTT	0	1	1
1	128618	+	CAG	1	1	1
1	128626	+	CTC	1	1	1
1	128628	+	CTT	0	1	1
1	128633	+	CAC	0	1	1
1	128635	+	CCC	0	1	1
1	128636	+	CCA	0	1	1
1	128637	+	CAG	0	1	1
1	128641	+	CTG	0	1	1
1	128651	+	CTG	0	1	1
1	128661	+	CTC	0	1	1
1	128663	+	CTG	0	1	1
1	128666	+	CTC	0	1	1
1	128668	+	CAC	0	1	1
1	128670	+	CTG	0	1	1
1	128673	+	CAA	0	1	1
1	128676	+	CCT	0	1	1
1	128677	+	CTC	0	1	1
1	128679	+	CCA	0	1	1
1	128680	+	CAC	0	1	1
1	128682	+	CCT	0	1	1
1	128683	+	CTT	0	1	1
1	128686	+	CAG	0	1	1
1	128693	+	CAA	0	1	1
1	128702	+	CTC	0	1	1
1	128704	+	CCT	0	1	1
1	128705	+	CTG	0	1	1
1	128708	+	CCT	0	1	1
1	128709	+	CTC	0	1	1
1	157239	-	CTA	0	1	1
1	157245	-	CAA	0	1	1
1	157247	-	CTC	0	1	1
1	157252	-	CTG	0	1	1
1	157253	-	CCT	0	1	1
1	157255	-	CTC	0	1	1
1	157259	-	CGA	1	1	1
1	157261	-	CTC	0	1	1
1	157266	-	CTG	0	1	1
1	157270	-	CAG	0	1	1
1	157279	-	CAT	0	1	1
1	157280	-	CCA	0	1	1
1	157282	-	CAC	0	1	1
1	157290	-	CGT	1	1	1
1	157319	-	CTG	0	1	1
1	157320	-	CCT	0	1	1
1	157324	-	CAT	0	1	1
1	157325	-	CCA	0	1	1
1	157327	-	CAC	0	1	1
1	157328	-	CCA	0	1	1
1	157334	-	CAT	0	1	1
1	157338	-	CAG	0	1	1
1	157347	-	CTG	0	1	1
1	157354	-	CTA	0	1	1
1	157355	-	CCT	0	1	1
1	157357	-	CTC	0	1	1
1	157358	-	CCT	0	1	1
1	237104	+	CAG	0	1	1
1	237108	+	CAC	0	1	1
1	237110	+	CTG	0	1	1
1	237118	+	CCT	0	1	1
1	237119	+	CTG	0	1	1
1	237124	+	CAT	0	1	1
1	237127	+	CAG	0	1	1
1	237130	+	CTG	0	1	1
1	237133	+	CTG	0	1	1
1	237136	+	CTG	0	1	1
1	237140	+	CTG	0	1	1
1	237146	+	CTG	0	1	1
1	237150	+	CTT	0	1	1
1	237153	+	CCT	0	1	1
1	237154	+	CTT	0	1	1
1	237157	+	CAC	0	1	1
1	237159	+	CCC	0	1	1
1	237160	+	CCC	0	1	1
1	237161	+	CCT	0	1	1
1	237162	+	CTC	0	1	1
1	237164	+	CTG	0	1	1
1	237167	+	CTG	0	1	1
1	237171	+	CCT	0	1	1
1	237172	+	CTC	0	1	1
1	237174	+	CAG	0	1	1
1	237177	+	CTC	0	1	1
1	237179	+	CCT	0	1	1
1	237180	+	CTT	0	1	1
1	237183	+	CAC	0	1	1
1	237186	+	CCC	0	1	1
1	237187	+	CCT	0	1	1
1	237188	+	CTG	0	1	1
1	237193	+	CCT	0	1	1
1	237194	+	CTC	0	1	1
1	237196	+	CAG	0	1	1
1	237204	+	CAA	0	1	1
1	237210	+	CAT	0	1	1
1	237214	+	CTG	0	1	1
1	237218	+	CAT	0	1	1
1	237221	+	CAC	0	1	1
1	237223	+	CTC	0	1	1
1	237673	+	CTG	0	1	1
1	237685	+	CTT	0	1	1
1	237690	+	CCC	0	1	1
1	237691	+	CCA	0	1	1
1	237692	+	CAC	0	1	1
1	237694	+	CAG	0	1	1
1	237705	+	CTG	0	1	1
1	237711	+	CTG	0	1	1
1	237735	+	CCT	0	1	1
1	237736	+	CTC	0	1	1
1	237738	+	CAG	0	1	1
1	237744	+	CTC	0	1	1
1	237746	+	CTG	0	1	1
1	237751	+	CAG	0	1	1
1	237754	+	CAC	0	1	1
1	237756	+	CCA	0	1	1
1	237757	+	CAG	0	1	1
1	237764	+	CAG	0	1	1
1	237767	+	CAG	0	1	1
1	237774	+	CAG	0	1	1
1	237777	+	CAA	0	1	1
1	237782	+	CAA	0	1	1
1	237786	+	CCC	0	1	1
1	237787	+	CCG	0	1	1
1	237788	+	CGA	0	1	1
1	237792	+	CCC	0	1	1
1	237793	+	CCG	0	1	1
1	238255	+	CTT	0	1	1
1	238258	+	CCC	0	1	1
1	238259	+	CCC	0	1	1
1	238260	+	CCT	0	1	1
1	238261	+	CTT	0	1	1
1	238265	+	CCC	0	1	1
1	238266	+	CCC	0	1	1
1	238267	+	CCA	0	1	1
1	238268	+	CAA	0	1	1
1	238273	+	CCC	0	1	1
1	238274	+	CCA	0	1	1
1	238275	+	CAC	0	1	1
1	238277	+	CAC	0	1	1
1	238279	+	CTT	0	1	1
1	238284	+	CCC	0	1	1
1	238285	+	CCC	0	1	1
1	238286	+	CCT	0	1	1
1	238287	+	CTT	0	1	1
1	238292	+	CTT	0	1	1
1	242059	+	CTC	0	1	1
1	242061	+	CAT	0	1	1
1	242068	+	CAA	0	1	1
1	242077	+	CTC	1	1	1
1	242079	+	CAT	0	1	1
1	242082	+	CAA	0	1	1
1	242088	+	CTC	0	1	1
1	242090	+	CTG	0	1	1
1	242095	+	CTT	0	1	1
1	242099	+	CCT	0	1	1
1	242100	+	CTG	0	1	1
1	242107	+	CTA	0	1	1
1	242111	+	CAG	0	1	1
1	242118	+	CAT	1	1	1
1	242121	+	CCA	0	1	1
1	242122	+	CAG	0	1	1
1	242125	+	CAT	0	1	1
1	242128	+	CAC	0	1	1
1	242130	+	CTG	0	1	1
1	242135	+	CTC	0	1	1
1	242137	+	CTC	0	1	1
1	242139	+	CCA	0	1	1
1	242140	+	CAA	0	1	1
1	242145	+	CTG	0	1	1
1	242148	+	CAG	0	1	1
1	242155	+	CTT	0	1	1
1	242160	+	CCC	0	1	1
1	242161	+	CCA	0	1	1
1	242162	+	CAT	0	1	1
1	242169	+	CCT	0	1	1
1	242170	+	CTG	0	1	1
1	245003	+	CTC	0	1	1
1	245005	+	CTA	0	1	1
1	245008	+	CAA	0	1	1
1	245014	+	CGG	1	1	1
1	245024	+	CCC	0	1	1
1	245025	+	CCT	0	1	1
1	245026	+	CTT	0	1	1
1	245032	+	CTG	0	1	1
1	245036	+	CAT	0	1	1
1	251196	-	CAG	0	1	1
1	251198	-	CTC	0	1	1
1	251217	-	CTG	0	1	1
1	251225	-	CTA	0	1	1
1	251238	-	CTG	0	1	1
1	251240	-	CAC	0	1	1
1	251245	-	CAT	0	1	1
1	251246	-	CCA	0	1	1
1	251250	-	CAA	0	1	1
1	251261	-	CTT	0	1	1
1	251263	-	CTC	0	1	1
1	251273	-	CAT	0	1	1
1	251282	-	CTT	0	1	1
1	251294	-	CAT	0	1	1
1	251295	-	CCA	0	1	1
1	251298	-	CGT	1	1	1
1	255821	-	CAA	0	1	1
1	255823	-	CTC	0	1	1
1	255824	-	CCT	0	1	1
1	255825	-	CCC	0	1	1
1	255836	-	CAT	0	1	1
1	255840	-	CTT	0	1	1
1	255845	-	CAA	0	1	1
1	255846	-	CCA	0	1	1
1	255847	-	CCC	0	1	1
1	255850	-	CTT	0	1	1
1	255857	-	CTT	0	1	1
1	565593	-	CTG	0	1	1
1	565596	-	CTG	0	1	1
1	565604	-	CGG	1	1	1
1	565662	-	CGG	1	1	1
1	565690	-	CTG	0	1	1
1	565895	+	CTA	0	1	1
1	565898	+	CCT	0	1	1
1	565899	+	CTG	0	1	1
1	565902	+	CGC	0	1	1
1	565904	+	CCT	0	1	1
1	565905	+	CTA	0	1	1
1	565910	+	CTA	0	1	1
1	565913	+	CTC	0	1	1
1	565915	+	CCA	0	1	1
1	565916	+	CAC	0	1	1
1	565918	+	CCT	0	1	1
1	565919	+	CTC	0	1	1
1	565921	+	CAA	0	1	1
1	565925	+	CAC	0	1	1
1	565927	+	CAC	0	1	1
1	565929	+	CTA	0	1	1
1	565932	+	CTC	0	1	1
1	565950	-	CGT	0	2	1
1	565963	-	CAT	0	3	1
1	565967	-	CTG	0	3	1
1	565971	-	CAA	0	3	1
1	566010	-	CGA	0	3	1
1	566024	-	CAG	0	3	1
1	566048	-	CAT	0	3	1
1	566063	-	CTA	0	3	1
1	566071	-	CTA	0	1	1
1	566072	-	CCT	0	1	1
1	566082	-	CTG	0	1	1
1	567168	-	CGA	0	1	1
1	567169	-	CCG	0	1	1
1	567177	-	CAG	0	1	1
1	567180	-	CTT	0	1	1
1	567201	-	CTG	0	1	1
1	567202	-	CCT	0	1	1
1	567207	-	CGA	0	1	1
1	567208	-	CCG	0	1	1
1	567225	-	CAA	0	1	1
1	567240	-	CGG	0	1	1
1	567241	-	CCG	0	1	1
1	567242	-	CCC	0	1	1
1	567250	-	CTT	0	1	1
1	567259	-	CAA	0	1	1
1	567260	-	CCA	0	1	1
1	567268	-	CTA	0	1	1
1	567269	-	CCT	0	1	1
1	567273	-	CAT	0	1	1
1	567274	-	CCA	0	1	1
1	567278	-	CAG	0	1	1
1	567280	-	CTC	0	1	1
1	569901	+	CCA	0	1	1
1	569902	+	CAA	0	1	1
1	569905	+	CAC	0	2	1
1	569907	+	CAC	0	2	1
1	569909	+	CTA	0	2	1
1	569913	+	CCA	0	2	1
1	569914	+	CAT	0	2	1
1	569920	+	CCA	0	2	1
1	569921	+	CAA	0	2	1
1	569930	+	CGC	0	2	1
1	569932	+	CGA	0	2	1
1	569940	+	CAC	0	1	1
1	569942	+	CGA	0	1	1
1	636996	-	CAT	0	1	1
1	637003	-	CAA	0	1	1
1	637006	-	CAG	0	1	1
1	637007	-	CCA	0	1	1
1	637013	-	CAT	0	1	1
1	637014	-	CCA	0	1	1
1	637017	-	CAT	0	1	1
1	637018	-	CCA	0	1	1
1	637753	+	CCG	0	1	1
1	637754	+	CGC	1	1	1
1	637756	+	CCA	0	1	1
1	637757	+	CAT	1	1	1
1	637760	+	CAT	0	1	1
1	637767	+	CAA	0	1	1
1	637776	+	CCA	0	1	1
1	637777	+	CAC	0	1	1
1	637779	+	CTA	0	1	1
1	668584	-	CCC	0	1	1
1	668586	-	CTC	0	1	1
1	668587	-	CCT	0	1	1
1	668590	-	CTA	0	1	1
1	668591	-	CCT	0	1	1
1	668593	-	CTC	0	1	1
1	668596	-	CAG	0	1	1
1	668597	-	CCA	0	1	1
1	668598	-	CCC	0	1	1
1	668605	-	CTT	0	1	1
1	668608	-	CAT	0	1	1
1	668612	-	CTT	0	1	1
1	668620	-	CAA	0	1	1
1	668630	-	CTA	0	1	1
1	668631	-	CCT	0	1	1
1	668642	-	CAA	0	1	1
1	668655	-	CAG	0	1	1
1	668679	-	CTA	0	1	1
1	668693	-	CAT	1	1	1
1	668696	-	CTA	0	1	1
1	668702	-	CTG	0	1	1
1	668704	-	CAC	0	1	1
1	668705	-	CCA	0	1	1
1	668706	-	CCC	0	1	1
1	671903	-	CCC	0	1	1
1	671907	-	CAT	0	1	1
1	671908	-	CCA	0	1	1
1	671909	-	CCC	0	1	1
1	671918	-	CTA	0	1	1
1	671919	-	CCT	0	1	1
1	671925	-	CAA	0	1	1
1	671927	-	CAC	1	1	1
1	671929	-	CTC	0	1	1
1	671934	-	CAT	0	1	1
1	671936	-	CTC	0	1	1
1	671940	-	CAA	0	1	1
1	671941	-	CCA	0	1	1
1	671945	-	CAG	0	1	1
1	671950	-	CTC	0	1	1
1	671951	-	CCT	0	1	1
1	671954	-	CAG	0	1	1
1	671958	-	CAG	0	1	1
1	671959	-	CCA	0	1	1
1	671961	-	CTC	0	1	1
1	671965	-	CTT	0	1	1
1	671971	-	CGA	1	1	1
1	671972	-	CCG	0	1	1
1	671976	-	CAG	0	1	1
1	671977	-	CCA	0	1	1
1	671979	-	CTC	0	1	1
1	671981	-	CTC	0	1	1
1	671982	-	CCT	0	1	1
1	671985	-	CAG	0	1	1
1	671988	-	CGG	1	1	1
1	671989	-	CCG	0	1	1
1	671990	-	CCC	0	1	1
1	671992	-	CTC	0	1	1
1	671993	-	CCT	0	1	1
1	671996	-	CTA	0	1	1
1	671997	-	CCT	0	1	1
1	671999	-	CTC	0	1	1
1	672002	-	CAG	0	1	1
1	672003	-	CCA	0	1	1
1	672004	-	CCC	0	1	1
1	672011	-	CTT	0	1	1
1	672014	-	CAT	0	1	1
1	672018	-	CTT	0	1	1
1	700786	+	CAC	1	1	1
1	700788	+	CCA	0	1	1
1	700789	+	CAA	0	1	1
1	700797	+	CTA	1	1	1
1	700805	+	CTG	0	1	1
1	700812	+	CCG	0	1	1
1	700813	+	CGA	1	1	1
1	700819	+	CTG	0	1	1
1	700833	+	CCC	0	1	1
1	700834	+	CCA	0	1	1
1	700835	+	CAT	0	1	1
1	700843	+	CCA	0	1	1
1	700844	+	CAA	0	1	1
1	700850	+	CAG	1	1	1
1	700856	+	CAC	0	1	1
1	700858	+	CAC	0	1	1
1	700860	+	CCC	0	1	1
1	700861	+	CCA	0	1	1
1	700862	+	CAT	0	1	1
1	700868	+	CCC	0	1	1
1	700869	+	CCA	0	1	1
1	700870	+	CAA	0	1	1
1	700874	+	CAC	0	1	1
1	700876	+	CTT	0	1	1
1	700886	+	CTG	0	1	1
1	700892	+	CGG	1	1	1
1	708781	-	CTG	0	1	1
1	708783	-	CTC	0	1	1
1	708792	-	CTG	0	1	1
1	708793	-	CCT	0	1	1
1	708811	-	CAG	0	1	1
1	708812	-	CCA	0	1	1
1	708814	-	CAC	0	1	1
1	708819	-	CGG	1	1	1
1	708841	-	CAG	0	1	1
1	708866	-	CTT	0	1	1
1	708870	-	CAG	0	1	1
1	708871	-	CCA	0	1	1
1	708872	-	CCC	0	1	1
1	708882	-	CAT	0	1	1
1	708884	-	CAC	0	1	1
1	708885	-	CCA	0	1	1
1	708895	-	CTG	0	1	1
1	708898	-	CGT	1	1	1
1	714396	-	CGA	0	1	1
1	714401	-	CAG	0	1	1
1	714404	-	CGA	0	1	1
1	714406	-	CGC	0	1	1
1	714409	-	CTG	0	1	1
1	714412	-	CTT	0	1	1
1	714422	-	CAT	0	1	1
1	714423	-	CCA	0	1	1
1	714427	-	CTG	0	1	1
1	714429	-	CGC	0	1	1
1	714433	-	CTG	0	1	1
1	714436	-	CAG	0	1	1
1	714439	-	CTG	0	1	1
1	714444	-	CGG	0	1	1
1	714445	-	CCG	0	1	1
1	714448	-	CGG	0	1	1
1	714456	-	CGA	0	1	1
1	714465	-	CAG	0	1	1
1	714467	-	CTC	0	1	1
1	714471	-	CAG	0	1	1
1	714472	-	CCA	0	1	1
1	714473	-	CCC	0	1	1
1	714477	-	CGT	0	1	1
1	714479	-	CAC	0	1	1
1	714481	-	CGC	0	1	1
1	714491	-	CGT	0	1	1
1	714501	-	CTG	0	1	1
1	714505	-	CTG	0	1	1
1	714506	-	CCT	0	1	1
1	714507	-	CCC	0	1	1
1	714511	-	CGG	0	1	1
1	714512	-	CCG	0	1	1
1	714513	-	CCC	0	1	1
1	714514	-	CCC	0	1	1
1	720947	+	CCT	0	1	1
1	720948	+	CTG	0	1	1
1	720981	+	CAT	0	1	1
1	724305	+	CGG	0	1	1
1	724310	+	CGG	0	1	1
1	724319	+	CTT	0	1	1
1	724979	+	CTA	0	1	1
1	725221	-	CAT	0	1	1
1	725222	-	CCA	0	1	1
1	725226	-	CAT	0	2	1
1	725227	-	CCA	0	2	1
1	725231	-	CAT	0	3	1
1	725232	-	CCA	0	3	1
1	725236	-	CAT	0	3	1
1	725237	-	CCA	0	3	1
1	725241	+	CGA	1	1	1
1	725242	-	CGA	0	3	1
1	725246	-	CAT	0	3	1
1	725247	-	CCA	0	3	1
1	725251	-	CAT	0	3	1
1	725252	-	CCA	0	3	1
1	725255	+	CCG	0	1	1
1	725256	+	CGA	1	1	1
1	725257	-	CGG	1	3	1
1	725270	+	CGG	1	5	1
1	725275	+	CGG	0	4	1
1	725280	+	CGG	0	4	1
1	725285	+	CGC	0	4	1
1	725287	+	CAA	0	4	1
1	725296	+	CGA	1	3	1
1	725299	+	CCC	0	2	1
1	725300	+	CCG	0	1	1
1	725301	+	CGA	1	1	1
1	725429	+	CTC	0	1	1
1	725431	+	CGA	1	1	1
1	725707	-	CTC	0	1	1
1	725712	-	CGA	0	1	1
1	725716	-	CAT	0	1	1
1	725721	-	CAT	0	1	1
1	725722	-	CCA	0	1	1
1	725731	-	CAT	0	1	1
1	725732	-	CCA	0	1	1
1	725741	-	CAT	0	1	1
1	725742	-	CCA	0	1	1
1	725746	-	CAT	0	1	1
1	726353	-	CAT	0	1	1
1	726354	-	CCA	0	1	1
1	726358	-	CAT	0	1	1
1	726359	-	CCA	0	1	1
1	726363	-	CAT	0	1	1
1	726364	-	CCA	0	1	1
1	726368	-	CAT	0	1	1
1	726372	-	CTT	0	1	1
1	726373	-	CCT	0	1	1
1	726375	-	CAC	0	1	1
1	726379	-	CGA	1	1	1
1	726384	-	CTA	0	1	1
1	726388	-	CAT	0	1	1
1	726389	-	CCA	0	1	1
1	726450	-	CAT	0	2	1
1	726451	-	CCA	0	3	1
1	726452	-	CCC	0	3	1
1	726456	-	CAT	0	3	1
1	726457	-	CCA	0	3	1
1	726460	-	CTT	0	3	1
1	726461	-	CCT	0	1	1
1	726462	-	CCC	0	3	1
1	726465	-	CAT	0	3	1
1	726466	-	CCA	0	3	1
1	726467	-	CCC	0	3	1
1	726470	-	CAT	0	3	1
1	726471	-	CCA	0	3	1
1	726472	-	CCC	0	3	1
1	726475	-	CAT	0	3	1
1	726476	-	CCA	0	3	1
1	726477	-	CCC	0	3	1
1	726480	-	CAT	0	3	1
1	726485	-	CAT	0	3	1
1	726486	-	CCA	0	3	1
1	726490	-	CAT	0	1	1
1	726734	+	CGA	1	2	1
1	726744	+	CGA	2	2	1
1	726756	+	CAT	0	2	1
1	726769	+	CGA	1	1	1
1	735423	+	CCC	0	1	1
1	735425	+	CGT	0	1	1
1	735429	+	CCT	0	1	1
1	735430	+	CTA	0	1	1
1	735436	+	CCT	0	1	1
1	735437	+	CTG	0	1	1
1	735450	+	CCT	0	1	1
1	735451	+	CTA	0	1	1
1	735455	+	CTT	0	1	1
1	735460	+	CTT	0	1	1
1	735486	+	CTT	0	1	1
1	735499	+	CTT	0	1	1
1	735506	+	CCA	0	1	1
1	735507	+	CAT	0	1	1
1	735510	+	CTT	0	1	1
1	760321	+	CAG	0	1	1
1	760329	+	CCT	0	1	1
1	760330	+	CTG	0	1	1
1	760334	+	CAT	0	1	1
1	760342	+	CAC	0	1	1
1	760344	+	CTA	0	1	1
1	760347	+	CTA	0	1	1
1	760355	+	CAC	0	1	1
1	760357	+	CAG	0	1	1
1	762626	+	CTA	0	1	1
1	762640	+	CCG	0	1	1
1	762641	+	CGG	0	1	1
1	762645	+	CAG	0	1	1
1	762651	+	CGA	0	1	1
1	762654	+	CCT	0	1	1
1	762655	+	CTC	0	1	1
1	762657	+	CAG	0	1	1
1	762663	+	CGG	0	1	1
1	762668	+	CCG	0	1	1
1	762669	+	CGG	0	1	1
1	762673	+	CAC	0	1	1
1	762675	+	CAG	0	1	1
1	762679	+	CGC	0	1	1
1	762681	+	CAG	0	1	1
1	762686	+	CTG	0	1	1
1	762690	+	CAG	0	1	1
1	762693	+	CTG	0	1	1
1	762698	+	CGA	0	1	1
1	762701	+	CAG	0	1	1
1	762705	+	CTT	0	1	1
1	762708	+	CGG	0	1	1
1	762713	+	CAT	0	1	1
1	762718	+	CCG	0	1	1
1	762719	+	CGG	0	1	1
1	762723	+	CGT	0	1	1
1	762726	+	CGC	0	1	1
1	762728	+	CGG	0	1	1
1	762733	+	CTC	0	1	1
1	762735	+	CCC	0	1	1
1	762736	+	CCC	0	1	1
1	762737	+	CCG	0	1	1
1	762738	+	CGC	0	1	1
1	762740	+	CCG	0	1	1
1	762741	+	CGA	0	1	1
1	762744	+	CAG	0	1	1
1	762943	-	CTG	0	1	1
1	762944	-	CCT	0	1	1
1	762945	-	CCC	0	1	1
1	762947	-	CTC	0	1	1
1	762948	-	CCT	0	1	1
1	762949	-	CCC	0	1	1
1	762950	-	CCC	0	1	1
1	762952	-	CTC	0	1	1
1	762953	-	CCT	0	1	1
1	762956	-	CTG	0	1	1
1	762958	-	CTC	0	1	1
1	762964	-	CTT	0	1	1
1	762965	-	CCT	0	1	1
1	762967	-	CGC	0	1	1
1	762968	-	CCG	0	1	1
1	762969	-	CCC	0	1	1
1	762970	-	CCC	0	1	1
1	762973	-	CGG	0	1	1
1	762974	-	CCG	0	1	1
1	762975	-	CCC	0	1	1
1	762978	-	CGG	0	1	1
1	762979	-	CCG	0	1	1
1	762980	-	CCC	0	1	1
1	766600	-	CAA	0	1	1
1	766607	-	CAT	0	1	1
1	766617	-	CAT	0	1	1
1	766625	-	CTG	0	1	1
1	766631	-	CAA	0	1	1
1	766634	-	CTG	0	1	1
1	766635	-	CCT	0	1	1
1	766645	-	CTG	0	1	1
1	766646	-	CCT	0	1	1
1	766653	-	CTG	0	1	1
1	766658	-	CTG	0	1	1
1	766674	-	CGA	1	1	1
1	766675	-	CCG	0	1	1
1	766685	-	CTA	0	1	1
1	766687	-	CAC	0	1	1
1	766691	-	CAT	0	1	1
1	766705	-	CTA	0	1	1
1	766713	-	CTT	0	1	1
1	766716	-	CAA	0	1	1
1	767105	+	CAT	0	1	1
1	767115	+	CAG	0	1	1
1	767119	+	CTT	0	1	1
1	769847	+	CAG	0	1	1
1	769852	+	CTT	0	1	1
1	769867	+	CAA	0	1	1
1	769876	+	CCT	0	1	1
1	769877	+	CTG	0	1	1
1	769880	+	CTT	0	1	1
1	773640	-	CTT	0	1	1
1	773642	-	CTC	0	1	1
1	773644	-	CAC	0	1	1
1	773645	-	CCA	0	1	1
1	773646	-	CCC	0	1	1
1	773648	-	CAC	0	1	1
1	773653	-	CAT	0	1	1
1	773654	-	CCA	0	1	1
1	773657	-	CTA	0	1	1
1	773662	-	CTA	0	1	1
1	773666	-	CTA	0	1	1
1	773873	-	CTT	0	1	1
1	773875	-	CTC	0	1	1
1	773877	-	CTC	0	1	1
1	773881	-	CTG	0	1	1
1	773886	-	CTG	0	1	1
1	773889	-	CTG	0	1	1
1	773892	-	CTT	0	1	1
1	773900	-	CTG	0	1	1
1	773902	-	CTC	0	1	1
1	773904	-	CTC	0	1	1
1	773909	-	CTG	0	1	1
1	773911	-	CTC	0	1	1
1	777272	-	CAC	0	1	1
1	777273	-	CCA	0	1	1
1	777281	-	CAA	0	1	1
1	777288	-	CGA	2	2	1
1	777289	-	CCG	0	2	1
1	777290	-	CCC	0	2	1
1	777295	-	CTT	0	2	1
1	777300	-	CAT	0	2	1
1	777309	-	CTA	0	2	1
1	777314	-	CAT	0	2	1
1	777334	-	CAT	0	2	1
1	777338	-	CTT	0	2	1
1	777343	-	CAA	0	2	1
1	777344	-	CCA	0	2	1
1	777348	-	CTG	0	2	1
1	777377	-	CAG	0	2	1
1	777379	-	CAC	0	1	1
1	777385	-	CAA	0	2	1
1	777388	-	CAT	0	2	1
1	777389	-	CCA	0	2	1
1	777395	-	CAG	0	1	1
1	777398	-	CAA	0	1	1
1	782303	-	CAT	0	1	1
1	782307	-	CTG	0	1	1
1	782308	-	CCT	0	1	1
1	782310	-	CAC	1	1	1
1	782311	-	CCA	0	1	1
1	782313	-	CTC	0	1	1
1	782317	-	CAG	0	1	1
1	782318	-	CCA	0	1	1
1	782323	-	CAG	0	1	1
1	782326	-	CAA	0	1	1
1	782330	-	CAA	0	1	1
1	785048	-	CTT	1	1	1
1	785049	-	CCT	0	1	1
1	785050	-	CCC	0	1	1
1	785051	-	CCC	0	1	1
1	785054	-	CAG	0	1	1
1	785060	-	CGG	1	1	1
1	785061	-	CCG	0	1	1
1	785065	-	CTT	0	1	1
1	785066	-	CCT	0	1	1
1	785067	-	CCC	0	1	1
1	785074	-	CGA	1	1	1
1	785077	-	CAG	0	1	1
1	790056	-	CTT	0	1	1
1	790058	-	CGC	1	1	1
1	790067	-	CTG	0	1	1
1	790071	-	CAA	0	1	1
1	790074	-	CAT	0	1	1
1	790075	-	CCA	0	1	1
1	790093	-	CTG	0	1	1
1	790101	-	CAA	0	1	1
1	790107	-	CAT	0	1	1
1	790108	-	CCA	0	1	1
1	790110	-	CGC	1	1	1
1	790112	-	CAC	0	1	1
1	790114	-	CAC	0	1	1
1	790116	-	CTC	0	1	1
1	790121	-	CTT	0	1	1
1	790132	-	CAG	0	1	1
1	790134	-	CTC	0	1	1
1	790154	-	CAA	0	1	1
1	790157	-	CAT	0	1	1
1	790173	-	CAA	0	1	1
1	790485	-	CAG	0	1	1
1	790488	-	CAG	0	1	1
1	790493	-	CGT	0	1	1
1	790494	-	CCG	0	1	1
1	790496	-	CTC	0	1	1
1	790501	-	CTG	0	1	1
1	790502	-	CCT	0	1	1
1	790504	-	CAC	0	1	1
1	790506	-	CTC	0	1	1
1	790507	-	CCT	0	1	1
1	790514	-	CAG	0	1	1
1	790516	-	CTC	0	1	1
1	790517	-	CCT	0	1	1
1	790521	-	CTT	0	1	1
1	790523	-	CAC	0	1	1
1	790524	-	CCA	0	1	1
1	792054	+	CAG	0	1	1
1	792057	+	CTG	0	1	1
1	792061	+	CAG	0	1	1
1	792064	+	CAC	0	1	1
1	792066	+	CTT	0	1	1
1	792069	+	CCC	0	1	1
1	792070	+	CCA	0	1	1
1	792071	+	CAC	0	1	1
1	792073	+	CTT	0	1	1
1	792088	+	CTC	0	1	1
1	792090	+	CCA	0	1	1
1	792091	+	CAG	0	1	1
1	792094	+	CCT	0	1	1
1	792095	+	CTC	0	1	1
1	792097	+	CCC	0	1	1
1	792098	+	CCC	0	1	1
1	792099	+	CCA	0	1	1
1	792100	+	CAG	0	1	1
1	792103	+	CAA	0	1	1
1	792106	+	CAA	0	1	1
1	792117	+	CAA	0	1	1
1	792123	+	CAT	0	1	1
1	792126	+	CGT	1	1	1
1	792137	+	CAG	0	1	1
1	792140	+	CTT	0	1	1
1	792144	+	CTG	0	1	1
1	792150	+	CGC	1	1	1
1	792152	+	CTG	0	1	1
1	792159	+	CCC	0	1	1
1	792160	+	CCG	0	1	1
1	792161	+	CGC	1	1	1
1	792163	+	CCA	0	1	1
1	792164	+	CAC	0	1	1
1	792166	+	CTC	0	1	1
1	792168	+	CTC	0	1	1
1	792170	+	CAG	0	1	1
1	792175	+	CAG	0	1	1
1	795638	+	CAA	0	1	1
1	795642	+	CTT	0	1	1
1	795647	+	CTC	0	1	1
1	795649	+	CAC	1	1	1
1	795651	+	CTA	0	1	1
1	795654	+	CAA	1	1	1
1	795657	+	CCT	0	1	1
1	795658	+	CTC	0	1	1
1	795660	+	CCA	0	1	1
1	795661	+	CAC	0	1	1
1	795663	+	CCT	0	1	1
1	795664	+	CTC	0	1	1
1	795666	+	CCA	0	1	1
1	795667	+	CAG	0	1	1
1	795673	+	CTC	0	1	1
1	795675	+	CAA	0	1	1
1	795679	+	CGA	1	1	1
1	795683	+	CCT	0	1	1
1	795684	+	CTC	0	1	1
1	795686	+	CCC	0	1	1
1	795687	+	CCA	0	1	1
1	795688	+	CAC	0	1	1
1	795690	+	CCT	0	1	1
1	795691	+	CTC	0	1	1
1	795693	+	CAG	0	1	1
1	795696	+	CTT	0	1	1
1	795699	+	CCT	0	1	1
1	795700	+	CTG	0	1	1
1	795708	+	CTG	0	1	1
1	795714	+	CCA	0	1	1
1	795715	+	CAC	0	1	1
1	795717	+	CAG	0	1	1
1	795721	+	CAA	0	1	1
1	795725	+	CGC	1	1	1
1	795727	+	CCA	0	1	1
1	795728	+	CAC	0	1	1
1	795730	+	CTG	0	1	1
1	795735	+	CCC	0	1	1
1	795736	+	CCA	0	1	1
1	795737	+	CAG	0	1	1
1	795740	+	CTA	0	1	1
1	795752	+	CCT	0	1	1
1	795753	+	CTT	0	1	1
1	795763	+	CAA	0	1	1
1	795766	+	CAA	0	1	1
1	795772	+	CTC	0	1	1
1	795774	+	CAC	0	1	1
1	795776	+	CTA	0	1	1
1	795784	+	CCC	0	1	1
1	795785	+	CCA	0	1	1
1	795786	+	CAG	0	1	1
1	795790	+	CTG	0	1	1
1	795795	+	CTT	0	1	1
1	795801	+	CTC	0	1	1
1	795803	+	CCT	0	1	1
1	795804	+	CTG	0	1	1
1	795809	+	CTC	0	1	1
1	795811	+	CAA	0	1	1
1	795815	+	CAA	0	1	1
1	795819	+	CGT	1	1	1
1	795822	+	CCC	0	1	1
1	795823	+	CCG	0	1	1
1	795824	+	CGC	1	1	1
1	795826	+	CCT	0	1	1
1	795827	+	CTT	0	1	1
1	795832	+	CCT	0	1	1
1	795833	+	CTC	0	1	1
1	795835	+	CCC	0	1	1
1	795836	+	CCA	0	1	1
1	795837	+	CAA	0	1	1
1	795844	+	CTG	0	1	1
1	795848	+	CAT	0	1	1
1	795852	+	CCA	0	1	1
1	795853	+	CAG	0	1	1
1	795857	+	CAG	0	1	1
1	795863	+	CCA	0	1	1
1	795864	+	CAC	0	1	1
1	795866	+	CTG	0	1	1
1	795871	+	CCT	0	1	1
1	795872	+	CTG	0	1	1
1	795876	+	CCC	0	1	1
1	795877	+	CCC	0	1	1
1	795878	+	CCA	0	1	1
1	795879	+	CAC	0	1	1
1	797586	-	CAG	0	1	1
1	797590	-	CAT	0	1	1
1	797597	-	CTG	0	1	1
1	797600	-	CAA	0	1	1
1	797601	-	CCA	0	1	1
1	797610	-	CTT	0	1	1
1	797614	-	CTG	0	1	1
1	797621	-	CAG	0	1	1
1	797626	-	CGT	1	1	1
1	797629	-	CGA	1	1	1
1	797637	-	CTG	0	1	1
1	797641	-	CTG	0	1	1
1	797648	-	CTG	0	1	1
1	797656	-	CAA	0	1	1
1	797663	-	CAG	0	1	1
1	797673	-	CTT	0	1	1
1	797682	-	CTT	0	1	1
1	797683	-	CCT	0	1	1
1	797684	-	CCC	0	1	1
1	797690	-	CAT	0	1	1
1	797691	-	CCA	0	1	1
1	797694	-	CTT	0	1	1
1	797696	-	CAC	0	1	1
1	797697	-	CCA	0	1	1
1	797700	-	CTG	0	1	1
1	797729	-	CAT	0	1	1
1	797730	-	CCA	0	1	1
1	797731	-	CCC	0	1	1
1	797736	-	CTG	0	1	1
1	797744	-	CTG	0	1	1
1	797747	-	CTT	0	1	1
1	797749	-	CAC	1	1	1
1	797750	-	CCA	0	1	1
1	797752	-	CTC	0	1	1
1	797756	-	CTG	0	1	1
1	797758	-	CTC	0	1	1
1	797778	-	CAG	0	1	1
1	797779	-	CCA	0	1	1
1	7615614	+	CAA	1	1	1
1	7615621	+	CAC	1	1	1
1	7615623	+	CAA	1	1	1
1	7615627	+	CTT	0	1	1
1	7618033	-	CCG	0	1	1
1	7618035	-	CAC	0	1	1
1	7618037	-	CAC	1	1	1
1	7618038	-	CCA	0	1	1
1	7618040	-	CAC	1	1	1
1	7618044	-	CGG	0	1	1
1	7618046	-	CAC	0	1	1
1	7618047	-	CCA	0	1	1
1	7618048	-	CCC	0	1	1
1	7618049	-	CCC	0	1	1
1	7618055	-	CGG	1	1	1
1	7618056	-	CCG	0	1	1
1	7618061	-	CAG	0	1	1
1	7618062	-	CCA	0	1	1
1	7618063	-	CCC	0	1	1
1	7618068	-	CAG	0	1	1
1	7618070	-	CAC	0	1	1
1	7618077	-	CGA	1	1	1
1	7618083	-	CAG	1	1	1
1	7618092	-	CGG	0	1	1
1	7618093	-	CCG	0	1	1
1	7618100	-	CAG	0	1	1
1	7618102	-	CTC	0	1	1
1	7618103	-	CCT	0	1	1
1	7618108	-	CTT	0	1	1
1	7618110	-	CAC	0	1	1
1	7618118	-	CTG	0	1	1
1	7618130	-	CGA	1	1	1
1	7618134	-	CAG	0	1	1
1	7618135	-	CCA	0	1	1
1	7618142	-	CAG	0	1	1
1	7618154	-	CTG	0	1	1
1	7618245	-	CTG	1	1	1
1	7618250	-	CGG	1	1	1
1	7618255	-	CGA	1	1	1
1	7618256	-	CCG	1	1	1
1	7618257	-	CCC	0	1	1
1	7618258	-	CCC	0	1	1
1	7618261	-	CGG	1	1	1
1	7618265	-	CAT	0	1	1
1	7618266	-	CCA	0	1	1
1	7618267	-	CCC	0	1	1
1	7618268	-	CCC	0	1	1
1	7618272	-	CAG	0	1	1
1	7618277	-	CAG	0	1	1
1	7618279	-	CAC	0	1	1
1	7618283	-	CAG	0	1	1
1	7618291	-	CAG	0	1	1
1	7618297	-	CAT	0	1	1
1	7618298	-	CCA	0	1	1
1	7618300	-	CGC	1	1	1
1	7618304	-	CTG	0	1	1
1	7618305	-	CCT	0	1	1
1	7618306	-	CCC	0	1	1
1	7618312	-	CGG	1	1	1
1	7623143	+	CCC	0	1	1
1	7623144	+	CCC	0	1	1
1	7623145	+	CCT	0	1	1
1	7623146	+	CTC	0	1	1
1	7623148	+	CCC	0	1	1
1	7623149	+	CCC	0	1	1
1	7623150	+	CCA	0	1	1
1	7623151	+	CAG	0	1	1
1	7623154	+	CCC	0	1	1
1	7623155	+	CCC	0	1	1
1	7623156	+	CCA	0	1	1
1	7623157	+	CAA	0	1	1
1	7623161	+	CTA	0	1	1
1	7623170	+	CCA	0	1	1
1	7623171	+	CAG	0	1	1
1	7623177	+	CCA	0	1	1
1	7623178	+	CAG	0	1	1
1	7623184	+	CCC	0	1	1
1	7623185	+	CCT	0	1	1
1	7623186	+	CTG	0	1	1
1	7623191	+	CAT	0	1	1
1	7623194	+	CGG	0	1	1
1	7623198	+	CTG	0	1	1
1	7623204	+	CCC	0	1	1
1	7623205	+	CCC	0	1	1
1	7623206	+	CCC	0	1	1
1	7623207	+	CCA	0	1	1
1	7623208	+	CAG	0	1	1
1	7623212	+	CAT	0	1	1
1	7623215	+	CGG	1	1	1
1	7623220	+	CAG	0	2	1
1	7623223	+	CCC	0	2	1
1	7623224	+	CCC	0	2	1
1	7623225	+	CCA	0	2	1
1	7623226	+	CAT	0	2	1
1	7623230	+	CCC	0	2	1
1	7623231	+	CCC	0	2	1
1	7623232	+	CCC	0	2	1
1	7623233	+	CCT	0	2	1
1	7623234	+	CTG	0	2	1
1	7623237	+	CTC	0	2	1
1	7623239	+	CCT	0	2	1
1	7623240	+	CTT	0	2	1
1	7623244	+	CTG	0	2	1
1	7623248	+	CCT	0	2	1
1	7623249	+	CTG	0	2	1
1	7623254	+	CTT	0	2	1
1	7623259	+	CCT	0	2	1
1	7623260	+	CTC	0	2	1
1	7623262	+	CAC	0	2	1
1	7623264	+	CAC	0	1	1
1	7623266	+	CAT	0	1	1
1	7623274	+	CAA	0	1	1
1	7623278	+	CGG	1	1	1
1	7623281	+	CCA	0	1	1
1	7623282	+	CAC	0	1	1
1	7623284	+	CAG	0	1	1
1	7623290	+	CAG	0	1	1
1	7623295	+	CAC	0	1	1
1	7623297	+	CTA	0	1	1
1	7623304	+	CCT	0	1	1
1	7623305	+	CTG	0	1	1
1	7623308	+	CCA	0	1	1
1	7623309	+	CAG	0	1	1
1	7623315	+	CTT	0	1	1
1	7623318	+	CCG	0	1	1
1	7623319	+	CGC	1	1	1
1	7623321	+	CGC	1	1	1
1	7623323	+	CAG	0	1	1
1	7623326	+	CTG	0	1	1
1	7623329	+	CTA	0	1	1
1	7623336	+	CGA	1	1	1
1	7623875	-	CAA	0	1	1
1	7623877	-	CAC	0	1	1
1	7623879	-	CAC	1	1	1
1	7623884	-	CAG	1	1	1
1	7623893	-	CTT	0	1	1
1	7623896	-	CTG	0	1	1
1	7623904	-	CAT	0	1	1
1	7623908	-	CAG	0	1	1
1	7623914	-	CAT	0	1	1
1	7623915	-	CCA	0	1	1
1	7623920	-	CAG	0	1	1
1	7623927	-	CAG	0	1	1
1	7623928	-	CCA	0	1	1
1	7623930	-	CTC	1	1	1
1	7623933	-	CTT	0	1	1
1	7623934	-	CCT	0	1	1
1	7623936	-	CTC	1	1	1
1	7623943	-	CTT	0	1	1
1	7623948	-	CTG	0	1	1
1	7623949	-	CCT	0	1	1
1	7623951	-	CTC	1	1	1
1	7623953	-	CTC	0	1	1
1	7623958	-	CTT	0	1	1
1	7623961	-	CTG	0	1	1
1	7623967	-	CAG	1	1	1
1	7623970	-	CTG	0	1	1
1	7623981	-	CAT	0	1	1
1	7623982	-	CCA	0	1	1
1	7623983	-	CCC	0	1	1
1	7623984	-	CCC	0	1	1
1	7623985	-	CCC	0	1	1
1	7623989	-	CTT	0	1	1
1	7623991	-	CGC	1	1	1
1	7623994	-	CAG	0	1	1
1	7624114	-	CTC	1	1	1
1	7624115	-	CCT	1	1	1
1	7624117	-	CTC	1	1	1
1	7624127	-	CTA	0	1	1
1	7624130	-	CTT	0	1	1
1	7624133	-	CAA	0	1	1
1	7624148	-	CTG	0	1	1
1	7624156	-	CGA	1	1	1
1	7624162	-	CTA	0	1	1
1	7624163	-	CCT	0	1	1
1	7624165	-	CAC	0	1	1
1	7624169	-	CTA	0	1	1
1	7624170	-	CCT	0	1	1
1	7624177	-	CAA	0	1	1
1	7624178	-	CCA	0	1	1
1	7624179	-	CCC	0	1	1
1	7624180	-	CCC	0	1	1
1	7624187	-	CGG	1	1	1
1	7624191	-	CAT	0	1	1
1	7624196	-	CGG	1	1	1
1	7624204	-	CAT	0	1	1
1	7624214	-	CAG	0	1	1
1	7624215	-	CCA	0	1	1
1	7624216	-	CCC	0	1	1
1	7624217	-	CCC	0	1	1
1	7624219	-	CAC	0	1	1
1	7624230	-	CAG	0	1	1
1	7624231	-	CCA	0	1	1
1	7624235	-	CAG	0	1	1
1	7625219	+	CCA	0	1	1
1	7625220	+	CAC	0	1	1
1	7625222	+	CCC	0	1	1
1	7625223	+	CCT	0	1	1
1	7625224	+	CTC	1	1	1
1	7625226	+	CCA	0	1	1
1	7625227	+	CAC	0	1	1
1	7625229	+	CTT	0	1	1
1	7625233	+	CCA	0	1	1
1	7625234	+	CAG	0	1	1
1	7625237	+	CCG	0	1	1
1	7625238	+	CGA	1	1	1
1	7625242	+	CAC	0	1	1
1	7625244	+	CTG	0	1	1
1	7625250	+	CAG	0	1	1
1	7625263	+	CTC	0	1	1
1	7625265	+	CCA	0	1	1
1	7625266	+	CAT	0	1	1
1	7625269	+	CTG	0	1	1
1	7625273	+	CCC	0	1	1
1	7625274	+	CCT	0	1	1
1	7625275	+	CTC	1	1	1
1	7625277	+	CCT	0	1	1
1	7625278	+	CTC	0	1	1
1	7625280	+	CAT	0	1	1
1	7625284	+	CCC	0	1	1
1	7625285	+	CCC	0	1	1
1	7625286	+	CCG	0	1	1
1	7625287	+	CGG	1	1	1
1	7625295	+	CAC	0	1	1
1	7625297	+	CCC	0	1	1
1	7625298	+	CCA	0	1	1
1	7625299	+	CAG	0	1	1
1	7625312	+	CTG	0	1	1
1	7625315	+	CCA	0	1	1
1	7625316	+	CAT	0	1	1
1	7625325	+	CTG	0	1	1
1	7625338	+	CGC	0	1	1
1	7625340	+	CTG	0	1	1
1	7625459	+	CTG	0	1	1
1	7625463	+	CCC	1	1	1
1	7625464	+	CCA	0	1	1
1	7625465	+	CAG	0	1	1
1	7625469	+	CTT	0	1	1
1	7625472	+	CTA	0	1	1
1	7625477	+	CCC	0	1	1
1	7625478	+	CCC	0	1	1
1	7625479	+	CCA	0	1	1
1	7625480	+	CAG	0	1	1
1	7625486	+	CAA	0	1	1
1	7625489	+	CCC	0	1	1
1	7625490	+	CCA	0	1	1
1	7625491	+	CAG	0	1	1
1	7625496	+	CCC	0	1	1
1	7625497	+	CCT	0	1	1
1	7625498	+	CTG	0	1	1
1	7625502	+	CCA	0	1	1
1	7625503	+	CAC	0	1	1
1	7625505	+	CGT	0	1	1
1	7625523	+	CCA	0	1	1
1	7625524	+	CAG	0	1	1
1	7625530	+	CAG	0	1	1
1	7625537	+	CTT	0	1	1
1	7625542	+	CTG	0	1	1
1	7625550	+	CCA	0	1	1
1	7625551	+	CAC	0	1	1
1	7625553	+	CAT	0	1	1
1	7625556	+	CAG	0	1	1
1	7625562	+	CTG	0	1	1
1	7625567	+	CTT	0	1	1
1	7627698	-	CAT	0	1	1
1	7627700	-	CAC	1	1	1
1	7627711	-	CTT	0	1	1
1	7627712	-	CCT	0	1	1
1	7627720	-	CAT	1	1	1
1	7627726	-	CAT	0	1	1
1	7627737	-	CTG	0	1	1
1	7627738	-	CCT	0	1	1
1	7627742	-	CAG	0	1	1
1	7627743	-	CCA	0	1	1
1	7627744	-	CCC	0	1	1
1	7627750	-	CTG	0	1	1
1	7627752	-	CTC	0	1	1
1	7627754	-	CTC	0	1	1
1	7627761	-	CTA	0	1	1
1	7627763	-	CAC	1	1	1
1	7627764	-	CCA	0	1	1
1	7627767	-	CAG	0	1	1
1	7627769	-	CAC	0	1	1
1	7627770	-	CCA	0	1	1
1	7627776	-	CAT	0	1	1
1	7627788	-	CTT	0	1	1
1	7627791	-	CAT	0	1	1
1	7627794	-	CAG	0	1	1
1	7627795	-	CCA	0	1	1
1	7627796	-	CCC	0	1	1
1	7627797	-	CCC	0	1	1
1	7627799	-	CAC	1	1	1
1	7627805	-	CTG	0	1	1
1	7627808	-	CAT	0	1	1
1	7627809	-	CCA	0	1	1
1	7627810	-	CCC	0	1	1
1	7627813	-	CTG	0	1	1
1	7627817	-	CTG	0	1	1
1	7627855	-	CAG	0	1	1
1	7627856	-	CCA	0	1	1
1	7627857	-	CCC	0	1	1
1	7627875	-	CAA	0	1	1
1	7627879	-	CTT	0	1	1
1	7627880	-	CCT	0	1	1
1	7627882	-	CAC	0	1	1
1	7627885	-	CTT	1	1	1
1	7627887	-	CTC	1	1	1
1	7627889	-	CTC	0	1	1
1	7627898	-	CGG	1	1	1
1	7627899	-	CCG	0	1	1
1	7627913	-	CAG	0	1	1
1	7627915	-	CTC	0	1	1
1	7627922	-	CTG	0	1	1
1	7627925	-	CAG	0	1	1
1	7627926	-	CCA	0	1	1
1	7627927	-	CCC	0	1	1
1	7627932	-	CAG	0	1	1
1	7627938	-	CAG	0	1	1
1	7627949	-	CAA	0	1	1
1	7627956	-	CTG	0	1	1
1	7627957	-	CCT	0	1	1
1	7630936	+	CCA	0	1	1
1	7630937	+	CAG	0	1	1
1	7630940	+	CTG	0	1	1
1	7630951	+	CAG	0	1	1
1	7630958	+	CTC	1	1	1
1	7630960	+	CCT	0	1	1
1	7630961	+	CTT	0	1	1
1	7630966	+	CCA	0	1	1
1	7630967	+	CAC	0	1	1
1	7630969	+	CTC	0	1	1
1	7630971	+	CTG	0	1	1
1	7630976	+	CCT	0	1	1
1	7630977	+	CTC	0	1	1
1	7630979	+	CAG	0	1	1
1	7630985	+	CCT	0	1	1
1	7630986	+	CTC	0	1	1
1	7630988	+	CAA	0	1	1
1	7630997	+	CAG	0	1	1
1	7631000	+	CCT	0	1	1
1	7631001	+	CTT	0	1	1
1	7633323	+	CCA	0	1	1
1	7633324	+	CAT	0	1	1
1	7633335	+	CAC	1	1	1
1	7633337	+	CAG	0	1	1
1	7633345	+	CAA	0	1	1
1	7633349	+	CCC	0	1	1
1	7633350	+	CCT	0	1	1
1	7633351	+	CTC	0	1	1
1	7633353	+	CTT	0	1	1
1	7633359	+	CAG	0	1	1
1	7633367	+	CTA	0	1	1
1	7633375	+	CCC	0	1	1
1	7633376	+	CCA	0	1	1
1	7633377	+	CAT	0	1	1
1	7633388	+	CAA	0	1	1
1	7633396	+	CTG	0	1	1
1	7633402	+	CTT	0	1	1
1	7633416	+	CTG	0	1	1
1	7633419	+	CTG	0	1	1
1	7633424	+	CAG	0	1	1
1	7633427	+	CCT	0	1	1
1	7633428	+	CTG	0	1	1
1	7633438	+	CCT	0	1	1
1	7633439	+	CTG	0	1	1
1	7633449	+	CGG	1	1	1
1	7633454	+	CCA	0	1	1
1	7633455	+	CAC	0	1	1
1	7633457	+	CAG	1	1	1
1	7633460	+	CTG	0	1	1
1	7633463	+	CTT	0	1	1
1	7633466	+	CCG	0	1	1
1	7633467	+	CGT	1	1	1
1	7633471	+	CCA	0	1	1
1	7633472	+	CAT	0	1	1
1	7633475	+	CCA	0	1	1
1	7633476	+	CAG	0	1	1
1	7633491	+	CTA	0	1	1
1	7633503	+	CAG	0	1	1
1	7633510	+	CCC	0	1	1
1	7633511	+	CCT	0	1	1
1	7633512	+	CTG	0	1	1
1	7633516	+	CTG	0	1	1
1	7633519	+	CCC	0	1	1
1	7633520	+	CCT	0	1	1
1	7633521	+	CTA	0	1	1
1	7633532	+	CCA	0	1	1
1	7633533	+	CAC	0	1	1
1	7633535	+	CTG	0	1	1
1	7633539	+	CCG	0	1	1
1	7633540	+	CGG	1	1	1
1	7633547	+	CTT	0	1	1
1	7633554	+	CAG	0	1	1
1	7633557	+	CAG	0	1	1
1	7633561	+	CAT	1	1	1
1	7633569	+	CTC	1	1	1
1	7634187	+	CTT	0	1	1
1	7634190	+	CCC	0	1	1
1	7634191	+	CCT	0	1	1
1	7634192	+	CTG	0	1	1
1	7634195	+	CAG	0	1	1
1	7634202	+	CCA	0	1	1
1	7634203	+	CAC	1	1	1
1	7634205	+	CCC	0	1	1
1	7634206	+	CCG	0	1	1
1	7634207	+	CGA	1	1	1
1	7634210	+	CAG	0	1	1
1	7634214	+	CGG	1	1	1
1	7634217	+	CAG	0	1	1
1	7634220	+	CAT	0	1	1
1	7635332	+	CAC	1	1	1
1	7635334	+	CTG	0	1	1
1	7635341	+	CCT	0	1	1
1	7635342	+	CTC	1	1	1
1	7635344	+	CTA	0	1	1
1	7635347	+	CCC	1	1	1
1	7635348	+	CCC	0	1	1
1	7635349	+	CCA	0	1	1
1	7635350	+	CAC	1	1	1
1	7635352	+	CAC	1	1	1
1	7635354	+	CTG	0	1	1
1	7635357	+	CCC	0	1	1
1	7635358	+	CCC	0	1	1
1	7635359	+	CCG	0	1	1
1	7635360	+	CGA	1	1	1
1	7635363	+	CTC	0	1	1
1	7635365	+	CTG	0	1	1
1	7635369	+	CTC	0	1	1
1	7635371	+	CTC	0	1	1
1	7635373	+	CTG	0	1	1
1	7635384	+	CCT	0	1	1
1	7635385	+	CTC	0	1	1
1	7635387	+	CCT	0	1	1
1	7635388	+	CTT	0	1	1
1	7635402	+	CAT	0	2	1
1	7635405	+	CAA	0	2	1
1	7635411	+	CAC	0	2	1
1	7635413	+	CTC	2	2	1
1	7635415	+	CCC	0	2	1
1	7635416	+	CCA	0	2	1
1	7635417	+	CAC	0	2	1
1	7635419	+	CCA	0	2	1
1	7635420	+	CAA	0	2	1
1	7635424	+	CAG	0	2	1
1	7635432	+	CAG	0	2	1
1	7635445	+	CAG	0	2	1
1	7635449	+	CGT	2	2	1
1	7635452	+	CCT	0	2	1
1	7635453	+	CTC	0	2	1
1	7635455	+	CCC	0	1	1
1	7635456	+	CCA	0	1	1
1	7635457	+	CAG	0	1	1
1	7635462	+	CAC	0	1	1
1	7635464	+	CAG	0	1	1
1	7635468	+	CCC	0	1	1
1	7635469	+	CCC	0	1	1
1	7635470	+	CCA	0	1	1
1	7635471	+	CAT	0	1	1
1	7635476	+	CAA	0	1	1
1	7635480	+	CTA	0	1	1
1	7635487	+	CCT	0	1	1
1	7635488	+	CTC	1	1	1
1	7635490	+	CCT	0	1	1
1	7635491	+	CTG	0	1	1
1	7635497	+	CTT	1	1	1
1	7635505	+	CAG	0	1	1
1	7635511	+	CCA	0	1	1
1	7635512	+	CAG	1	1	1
1	7636772	+	CCA	0	1	1
1	7636773	+	CAC	1	1	1
1	7636775	+	CAC	0	1	1
1	7636777	+	CGG	1	1	1
1	7636796	+	CGG	1	1	1
1	7636802	+	CTG	0	1	1
1	7636805	+	CAG	0	1	1
1	7636818	+	CAG	0	1	1
1	7636832	+	CAG	0	1	1
1	7636835	+	CAA	0	1	1
1	7636838	+	CCA	0	1	1
1	7636839	+	CAT	0	1	1
1	7636842	+	CCT	0	1	1
1	7636843	+	CTT	0	1	1
1	7636855	+	CAT	0	1	1
1	7636860	+	CCC	0	1	1
1	7636861	+	CCC	0	1	1
1	7636862	+	CCA	0	1	1
1	7636863	+	CAG	1	1	1
1	7636872	+	CGG	1	1	1
1	7636891	+	CCT	0	1	1
1	7636896	+	CAG	0	1	1
1	7636906	+	CAG	0	1	1
1	7636912	+	CCA	0	1	1
1	7636913	+	CAC	1	1	1
1	7636915	+	CCA	0	1	1
1	7636916	+	CAG	0	1	1
1	7636921	+	CAG	1	1	1
1	7636937	+	CGG	1	1	1
1	7636948	+	CCA	0	1	1
1	7636949	+	CAT	0	1	1
1	7636952	+	CAC	0	1	1
1	7636954	+	CAG	1	1	1
1	7636960	+	CAG	0	1	1
1	7636982	+	CTG	0	1	1
1	7636986	+	CTT	0	1	1
1	7636993	+	CTC	0	1	1
1	7636995	+	CTG	0	1	1
1	7637014	+	CTG	0	1	1
1	7637268	+	CCT	0	1	1
1	7637269	+	CTG	0	1	1
1	7637273	+	CAC	0	1	1
1	7637275	+	CCT	1	1	1
1	7637276	+	CTC	0	1	1
1	7637278	+	CTG	0	1	1
1	7637286	+	CTA	0	1	1
1	7637292	+	CTG	0	1	1
1	7637298	+	CCT	0	1	1
1	7637299	+	CTC	1	1	1
1	7637301	+	CCC	0	1	1
1	7637302	+	CCT	0	1	1
1	7637303	+	CTA	0	1	1
1	7637310	+	CTC	0	1	1
1	7637312	+	CCA	0	1	1
1	7637313	+	CAG	1	1	1
1	7637319	+	CTC	0	1	1
1	7637321	+	CAT	1	1	1
1	7637324	+	CTG	0	1	1
1	7637337	+	CGA	1	1	1
1	7637346	+	CCA	0	1	1
1	7637347	+	CAT	0	1	1
1	7637350	+	CAC	0	1	1
1	7637352	+	CTG	0	1	1
1	7637362	+	CCC	0	1	1
1	7637363	+	CCC	0	1	1
1	7637364	+	CCC	0	1	1
1	7637365	+	CCC	0	1	1
1	7637366	+	CCC	0	1	1
1	7637367	+	CCT	0	1	1
1	7637368	+	CTT	0	1	1
1	7637374	+	CTT	0	1	1
1	7637385	+	CAG	0	1	1
1	7637468	+	CTC	0	1	1
1	7637470	+	CAC	1	1	1
1	7637472	+	CCG	0	1	1
1	7637473	+	CGT	1	1	1
1	7637476	+	CAC	0	1	1
1	7637478	+	CAG	0	1	1
1	7637482	+	CCA	0	1	1
1	7637483	+	CAT	0	1	1
1	7637488	+	CTC	0	1	1
1	7637490	+	CCC	0	1	1
1	7637491	+	CCT	0	1	1
1	7637492	+	CTC	0	1	1
1	7637494	+	CTA	0	1	1
1	7637498	+	CGG	1	1	1
1	7637504	+	CCT	0	1	1
1	7637505	+	CTG	0	1	1
1	7637511	+	CTG	0	1	1
1	7637516	+	CGG	1	1	1
1	7637525	+	CAC	1	1	1
1	7637527	+	CAG	1	1	1
1	7637531	+	CTC	0	1	1
1	7637533	+	CTG	0	1	1
1	7637537	+	CCA	0	1	1
1	7637538	+	CAT	0	1	1
1	7637542	+	CTC	1	1	1
1	7637544	+	CAC	0	1	1
1	7637546	+	CTC	0	1	1
1	7637548	+	CAC	0	1	1
1	7637550	+	CCA	0	1	1
1	7637551	+	CAG	0	1	1
1	7637554	+	CCG	0	1	1
1	7637555	+	CGG	1	1	1
1	7637558	+	CCT	0	1	1
1	7637559	+	CTG	0	1	1
1	7637571	+	CCC	0	1	1
1	7637572	+	CCA	0	1	1
1	7637573	+	CAT	0	1	1
1	7637576	+	CTA	0	1	1
1	7637581	+	CAC	0	1	1
1	7637583	+	CGT	1	1	1
1	7637697	+	CAC	0	1	1
1	7637699	+	CAC	1	1	1
1	7637701	+	CTC	1	1	1
1	7637703	+	CAC	0	1	1
1	7637705	+	CAC	0	1	1
1	7637707	+	CCG	1	1	1
1	7637708	+	CGT	1	1	1
1	7637711	+	CCT	0	1	1
1	7637712	+	CTG	0	1	1
1	7637715	+	CAT	1	1	1
1	7637720	+	CTT	0	1	1
1	7637725	+	CAG	0	1	1
1	7637732	+	CTC	0	1	1
1	7637734	+	CAT	0	1	1
1	7637753	+	CAA	0	1	1
1	7637760	+	CAG	0	1	1
1	7637763	+	CCA	0	1	1
1	7637764	+	CAA	0	1	1
1	7637773	+	CTT	0	1	1
1	7637783	+	CAG	0	1	1
1	7637796	+	CTG	0	1	1
1	7637799	+	CTT	1	1	1
1	7637808	+	CTC	0	1	1
1	7637810	+	CTG	1	1	1
1	7638011	+	CTG	0	1	1
1	7638014	+	CCC	0	1	1
1	7638015	+	CCC	0	1	1
1	7638016	+	CCA	0	1	1
1	7638017	+	CAC	1	1	1
1	7638019	+	CAA	1	1	1
1	7638025	+	CAG	0	1	1
1	7638032	+	CTG	0	1	1
1	7638035	+	CCG	0	1	1
1	7638036	+	CGT	1	1	1
1	7638039	+	CAG	0	1	1
1	7638049	+	CAG	1	1	1
1	7638056	+	CAC	0	1	1
1	7638058	+	CTG	0	1	1
1	7638065	+	CAA	0	1	1
1	7638068	+	CAA	0	1	1
1	7638086	+	CCC	0	1	1
1	7638087	+	CCA	0	1	1
1	7638088	+	CAG	0	1	1
1	7638092	+	CTG	0	1	1
1	7638109	+	CTC	0	1	1
1	7638111	+	CAC	0	1	1
1	7638113	+	CAT	0	1	1
1	7638123	+	CCC	0	1	1
1	7638124	+	CCC	0	1	1
1	7638125	+	CCA	0	1	1
1	7638126	+	CAT	0	1	1
1	7639422	-	CCT	0	1	1
1	7639423	-	CCC	0	1	1
1	7639428	-	CAG	0	1	1
1	7639429	-	CCA	0	1	1
1	7639430	-	CCC	0	1	1
1	7639434	-	CAT	0	1	1
1	7639435	-	CCA	0	1	1
1	7639438	-	CTG	0	1	1
1	7639440	-	CGC	1	1	1
1	7639442	-	CAC	0	1	1
1	7639443	-	CCA	0	1	1
1	7639444	-	CCC	0	1	1
1	7639448	-	CAA	0	1	1
1	7639449	-	CCA	0	1	1
1	7639450	-	CCC	0	1	1
1	7639451	-	CCC	0	1	1
1	7639460	-	CAT	0	1	1
1	7639464	-	CTG	0	1	1
1	7639471	-	CTG	0	1	1
1	7639472	-	CCT	0	1	1
1	7639474	-	CAC	1	1	1
1	7639477	-	CAG	0	1	1
1	7639487	-	CAG	0	1	1
1	7639490	-	CGG	1	1	1
1	7639493	-	CAA	0	1	1
1	7639495	-	CAC	1	1	1
1	7639498	-	CTA	0	1	1
1	7639502	-	CTG	0	1	1
1	7639503	-	CCT	0	1	1
1	7639508	-	CTT	0	1	1
1	7639513	-	CTG	0	1	1
1	7639515	-	CTC	0	1	1
1	7639517	-	CTC	0	1	1
1	7639522	-	CTG	0	1	1
1	7639523	-	CCT	0	1	1
1	7639527	-	CAT	0	1	1
1	7639534	-	CTT	0	1	1
1	7639535	-	CCT	0	1	1
1	7639540	-	CGA	1	1	1
1	7639541	-	CCG	0	1	1
1	7639638	-	CAA	0	1	1
1	7641499	-	CAA	0	1	1
1	7641521	-	CTA	0	1	1
1	7641522	-	CCT	0	1	1
1	7641527	-	CTG	0	1	1
1	7641535	-	CAT	0	1	1
1	7641536	-	CCA	0	1	1
1	7641537	-	CCC	0	1	1
1	7641548	-	CAA	0	1	1
1	7641549	-	CCA	0	1	1
1	7641551	-	CTC	0	1	1
1	7641555	-	CTT	0	1	1
1	7641560	-	CTG	0	1	1
1	7641568	-	CAT	0	1	1
1	7641569	-	CCA	0	1	1
1	7641571	-	CAC	0	1	1
1	7641572	-	CCA	0	1	1
1	7641573	-	CCC	0	1	1
1	7641574	-	CCC	0	1	1
1	7641577	-	CAG	0	1	1
1	7641578	-	CCA	0	1	1
1	7641579	-	CCC	0	1	1
1	7641581	-	CAC	0	1	1
1	7641585	-	CTG	0	1	1
1	7641592	-	CTG	0	1	1
1	7641593	-	CCT	0	1	1
1	7641595	-	CTC	0	1	1
1	7641596	-	CCT	0	1	1
1	7641601	-	CTT	0	1	1
1	7641604	-	CAG	0	1	1
1	7641609	-	CAG	0	1	1
1	7641611	-	CAC	0	1	1
1	7641617	-	CTG	0	1	1
1	7641618	-	CCT	0	1	1
1	7641619	-	CCC	0	1	1
1	7641620	-	CCC	0	1	1
1	7641890	-	CAG	0	1	1
1	7641892	-	CTC	0	1	1
1	7641893	-	CCT	0	1	1
1	7641894	-	CCC	0	1	1
1	7641895	-	CCC	0	1	1
1	7641900	-	CAA	0	1	1
1	7641902	-	CTC	0	1	1
1	7641915	-	CTT	0	1	1
1	7641920	-	CAT	0	1	1
1	7641926	-	CTG	0	1	1
1	7641938	-	CTG	0	1	1
1	7641945	-	CTG	0	1	1
1	7641947	-	CTC	0	1	1
1	7641948	-	CCT	0	1	1
1	7641949	-	CCC	0	1	1
1	7641952	-	CTG	0	1	1
1	7641953	-	CCT	0	1	1
1	7641957	-	CAT	0	1	1
1	7641959	-	CAC	0	1	1
1	7641963	-	CAG	0	1	1
1	7641965	-	CAC	0	1	1
1	7641972	-	CAA	0	1	1
1	7641976	-	CAT	0	1	1
1	7641977	-	CCA	0	1	1
1	7641980	-	CAG	0	1	1
1	7641983	-	CAA	0	1	1
1	7641986	-	CTA	0	1	1
1	7641987	-	CCT	0	1	1
1	7641988	-	CCC	0	1	1
1	7641999	-	CTT	0	1	1
1	7642002	-	CAG	0	1	1
1	7642007	-	CTG	0	1	1
1	7642055	+	CGT	0	1	1
1	7642058	+	CTT	0	1	1
1	7642061	+	CTT	0	1	1
1	7642066	+	CTC	0	1	1
1	7642068	+	CTC	0	1	1
1	7642070	+	CTG	0	1	1
1	7642073	+	CTC	0	1	1
1	7642075	+	CTT	0	1	1
1	7642083	+	CTT	0	1	1
1	7642087	+	CTG	0	1	1
1	7648393	-	CAG	0	1	1
1	7648396	-	CTG	0	1	1
1	7648400	-	CAG	0	1	1
1	7648401	-	CCA	0	1	1
1	7648403	-	CTC	0	1	1
1	7648410	-	CAA	0	1	1
1	7648415	-	CAG	0	1	1
1	7648425	-	CTG	0	1	1
1	7648428	-	CGA	1	1	1
1	7648429	-	CCG	0	1	1
1	7648430	-	CCC	0	1	1
1	7648433	-	CAT	0	1	1
1	7648434	-	CCA	0	1	1
1	7648438	-	CGG	1	1	1
1	7648439	-	CCG	0	1	1
1	7648440	-	CCC	0	1	1
1	7648442	-	CGC	1	1	1
1	7648443	-	CCG	0	1	1
1	7648444	-	CCC	0	1	1
1	7648445	-	CCC	0	1	1
1	7648446	-	CCC	0	1	1
1	7648449	-	CAT	0	1	1
1	7648450	-	CCA	0	1	1
1	7648456	-	CTG	0	1	1
1	7648457	-	CCT	0	1	1
1	7648458	-	CCC	0	1	1
1	7648459	-	CCC	0	1	1
1	7648464	-	CTG	0	1	1
1	7648465	-	CCT	0	1	1
1	7648467	-	CTC	0	1	1
1	7648468	-	CCT	0	1	1
1	7648473	-	CAG	0	1	1
1	7648474	-	CCA	0	1	1
1	7648475	-	CCC	0	1	1
1	7648480	-	CGA	1	1	1
1	7648499	-	CGT	1	1	1
1	7648505	-	CAG	0	1	1
1	7648509	-	CTT	0	1	1
1	7648537	-	CAA	0	1	1
1	7648556	-	CAA	0	1	1
1	7648560	-	CTG	0	1	1
1	7648563	-	CAG	0	1	1
1	7648565	-	CTC	0	1	1
1	7648568	-	CAG	1	1	1
1	7648571	-	CTT	0	1	1
1	7648573	-	CTC	1	1	1
1	7648577	-	CAA	1	1	1
1	7648578	-	CCA	0	1	1
1	7648580	-	CAC	0	1	1
1	7648582	-	CAC	0	1	1
1	7648588	-	CTT	0	1	1
1	7648589	-	CCT	0	1	1
1	7648594	-	CGT	1	1	1
1	7648597	-	CTT	0	1	1
1	7648599	-	CAC	1	1	1
1	7648600	-	CCA	0	1	1
1	7648602	-	CTC	0	1	1
1	7648607	-	CTG	0	1	1
1	7648608	-	CCT	0	1	1
1	7648613	-	CAA	1	1	1
1	7648616	-	CTG	0	1	1
1	7648623	-	CTG	0	1	1
1	7648629	-	CAA	0	1	1
1	7648630	-	CCA	0	1	1
1	7648637	-	CGA	1	1	1
1	7650674	-	CTG	0	1	1
1	7650682	-	CTG	0	1	1
1	7650708	-	CTG	1	1	1
1	7650712	-	CTG	0	1	1
1	7650714	-	CGC	1	1	1
1	7650723	-	CAA	1	1	1
1	7650724	-	CCA	0	1	1
1	7650725	-	CCC	0	1	1
1	7650726	-	CCC	0	1	1
1	7650728	-	CTC	0	1	1
1	7650736	-	CTA	0	1	1
1	7650738	-	CTC	0	1	1
1	7650739	-	CCT	0	1	1
1	7650741	-	CAC	0	1	1
1	7650749	-	CTT	0	1	1
1	7650754	-	CTG	0	1	1
1	7650759	-	CAG	0	1	1
1	7650760	-	CCA	0	1	1
1	7650770	-	CAT	0	1	1
1	7650771	-	CCA	0	1	1
1	7650776	-	CAG	0	1	1
1	7650786	-	CTT	0	1	1
1	7650787	-	CCT	0	1	1
1	7650791	-	CGG	1	1	1
1	7650792	-	CCG	0	1	1
1	7653016	-	CAT	1	1	1
1	7653021	-	CTG	0	1	1
1	7653023	-	CTC	0	1	1
1	7653024	-	CCT	0	1	1
1	7653033	-	CTT	0	1	1
1	7653034	-	CCT	0	1	1
1	7653038	-	CAT	0	1	1
1	7653040	-	CAC	0	1	1
1	7653046	-	CTT	0	1	1
1	7653054	-	CTG	0	1	1
1	7653061	-	CTA	0	1	1
1	7653064	-	CAT	0	1	1
1	7653065	-	CCA	0	1	1
1	7653067	-	CAC	1	1	1
1	7653068	-	CCA	0	1	1
1	7653069	-	CCC	0	1	1
1	7653073	-	CAA	0	1	1
1	7653074	-	CCA	0	1	1
1	7653075	-	CCC	0	1	1
1	7653081	-	CTG	0	1	1
1	7653082	-	CCT	0	1	1
1	7653084	-	CAC	1	1	1
1	7653099	-	CTT	0	1	1
1	7653107	-	CAT	0	1	1
1	7653115	-	CAG	0	1	1
1	7653122	-	CAG	0	1	1
1	7653124	-	CTC	0	1	1
1	7653128	-	CAG	0	1	1
1	7653134	-	CTT	0	1	1
1	7653568	-	CAA	0	1	1
1	7653570	-	CTC	0	1	1
1	7653574	-	CTG	0	1	1
1	7653576	-	CTC	0	1	1
1	7655300	+	CTT	0	1	1
1	7655304	+	CAG	0	1	1
1	7655312	+	CTG	0	1	1
1	7655318	+	CAA	0	1	1
1	7655326	+	CAA	0	1	1
1	7655330	+	CTC	0	1	1
1	7655332	+	CAG	0	1	1
1	7655337	+	CCA	0	1	1
1	7655338	+	CAA	0	1	1
1	7655341	+	CAA	0	1	1
1	7655347	+	CTG	0	1	1
1	7655350	+	CAT	0	1	1
1	7655365	+	CAT	0	1	1
1	7655368	+	CGT	0	1	1
1	7655379	+	CAG	0	1	1
1	7655382	+	CTG	0	1	1
1	7655385	+	CAG	0	1	1
1	7655391	+	CTC	0	1	1
1	7655393	+	CCG	0	1	1
1	7655394	+	CGA	0	1	1
1	7655399	+	CAA	0	1	1
1	7655404	+	CAG	0	2	1
1	7655411	+	CCC	0	2	1
1	7655412	+	CCT	0	2	1
1	7655413	+	CTT	0	2	1
1	7655424	+	CAT	0	1	1
1	7655434	+	CAG	0	1	1
1	7655449	+	CCT	0	1	1
1	7655450	+	CTT	0	1	1
1	7655461	+	CTA	0	1	1
1	7655467	+	CAG	0	1	1
1	7655472	+	CTC	0	1	1
1	7655474	+	CCC	0	1	1
1	7655475	+	CCG	0	1	1
1	7655476	+	CGT	0	1	1
1	7655479	+	CTG	0	1	1
1	7655485	+	CAA	0	1	1
1	7655502	+	CTT	0	1	1
1	7655508	-	CAC	0	1	1
1	7655509	+	CCT	0	1	1
1	7655510	+	CTT	0	1	1
1	7655518	-	CAA	0	1	1
1	7655519	-	CCA	0	1	1
1	7655522	+	CTT	0	1	1
1	7655533	-	CGT	0	1	1
1	7655536	-	CTT	0	1	1
1	7655539	-	CTT	0	1	1
1	7655540	-	CCT	0	1	1
1	7655542	-	CAC	0	1	1
1	7655543	-	CCA	0	1	1
1	7655544	-	CCC	0	1	1
1	7655547	-	CTT	0	1	1
1	7655550	-	CAG	0	1	1
1	7655560	-	CGG	0	1	1
1	7655562	-	CGC	0	1	1
1	7655563	-	CCG	0	1	1
1	7655568	-	CAG	0	1	1
1	7655571	-	CAG	0	1	1
1	7655577	-	CAG	0	1	1
1	7655578	-	CCA	0	1	1
1	7655580	-	CTC	0	1	1
1	7655581	-	CCT	0	1	1
1	7655584	-	CAG	0	1	1
1	7655590	-	CAG	0	1	1
1	7655596	-	CTG	0	1	1
1	7655603	-	CGT	0	1	1
1	7655604	-	CCG	0	1	1
1	7655606	-	CTC	0	1	1
1	7655610	-	CGG	0	1	1
1	7655611	-	CCG	0	1	1
1	7655617	-	CGG	0	1	1
1	7655620	-	CGG	0	1	1
1	7655621	-	CCG	0	1	1
1	7655622	-	CCC	0	1	1
1	7655623	-	CCC	0	1	1
1	7655626	-	CAT	0	1	1
1	7655659	-	CAG	0	1	1
1	7655660	-	CCA	0	1	1
1	7655662	-	CTC	0	1	1
1	7655663	-	CCT	0	1	1
1	7655666	-	CAG	0	1	1
1	7655668	-	CTC	0	1	1
1	7655671	-	CTT	0	1	1
1	7655677	-	CAG	0	1	1
1	7655678	-	CCA	0	1	1
1	7655698	-	CAG	0	1	1
1	7655700	-	CTC	0	1	1
1	7655701	-	CCT	0	1	1
1	7655703	-	CAC	0	1	1
1	7655710	-	CTG	0	1	1
1	7655712	-	CAC	0	1	1
1	7655714	-	CTC	0	1	1
1	7655718	-	CAA	0	1	1
1	7655730	-	CTA	0	1	1
1	7655732	-	CTC	0	1	1
1	7655735	-	CAT	0	1	1
1	7655736	-	CCA	0	1	1
1	7655737	-	CCC	0	1	1
1	7655738	-	CCC	0	1	1
1	7655744	-	CAG	0	1	1
1	7655746	-	CTC	0	1	1
1	7655747	-	CCT	0	1	1
1	7655752	-	CTG	0	1	1
1	7655753	-	CCT	0	1	1
1	7655756	-	CAG	0	1	1
1	7655757	-	CCA	0	1	1
1	7655765	-	CTT	0	1	1
1	7655768	-	CTT	0	1	1
1	7655775	-	CAT	0	1	1
1	7655776	-	CCA	0	1	1
1	7655778	-	CTC	0	1	1
1	7660958	-	CAT	0	1	1
1	7660959	-	CCA	0	1	1
1	7660969	-	CTA	0	1	1
1	7660978	-	CTG	0	1	1
1	7661714	-	CAA	0	1	1
1	7661716	-	CTC	0	1	1
1	7661721	-	CAG	0	1	1
1	7661723	-	CTC	0	1	1
1	7661725	-	CAC	0	1	1
1	7661729	-	CGT	1	1	1
1	7661731	-	CGC	1	1	1
1	7661737	-	CGG	1	1	1
1	7661741	-	CAG	1	1	1
1	7661749	-	CGG	1	1	1
1	7661750	-	CCG	0	1	1
1	7661757	-	CGA	1	1	1
1	7661758	-	CCG	0	1	1
