	sample0	sample1	sample2	sample3	sample4	sample5	sample6	sample7	sample8	sample9
cg00024269	5.0	6.0	5.0	7.0	6.0	4.0	5.0	2.0	4.0	10.0
cg00042837	1.0	1.0	1.0	1.0	0.0	0.0	1.0	0.0	0.0	0.0
cg00052472	0.0	0.0	2.0	0.0	2.0	2.0	1.0	0.0	0.0	0.0
cg00094401	8.0	7.0	8.0	9.0	7.0	5.0	9.0	4.0	5.0	7.0
cg00108812	6.0	8.0	8.0	8.0	9.0	9.0	9.0	10.0	9.0	10.0
cg00116838	1.0	1.0	0.0	0.0	2.0	0.0	2.0	0.0	2.0	0.0
cg00125306	0.0	0.0	0.0	1.0	0.0	0.0	1.0	0.0	0.0	0.0
cg00148114	1.0	1.0	0.0	2.0	3.0	2.0	2.0	3.0	2.0	0.0
cg00189101	1.0	2.0	1.0	1.0	3.0	2.0	3.0	0.0	4.0	0.0
cg00199355	8.0	9.0	10.0	11.0	9.0	8.0	10.0	6.0	9.0	10.0
cg00199753	8.0	10.0	9.0	11.0	10.0	10.0	10.0	10.0	9.0	10.0
cg00204375	6.0	8.0	9.0	10.0	9.0	10.0	9.0	10.0	10.0	10.0
cg00215902	8.0	9.0	10.0	11.0	9.0	10.0	8.0	10.0	8.0	10.0
cg00259667	8.0	10.0	10.0	11.0	10.0	10.0	10.0	10.0	10.0	10.0
cg00265360	0.0	0.0	2.0	2.0	0.0	1.0	1.0	2.0	2.0	0.0
cg00267793	7.0	9.0	9.0	9.0	9.0	10.0	8.0	10.0	10.0	7.0
cg00290023	2.0	3.0	3.0	1.0	2.0	0.0	5.0	1.0	3.0	0.0
cg00308680	0.0	1.0	1.0	1.0	1.0	2.0	0.0	4.0	1.0	0.0
cg00322928	7.0	9.0	9.0	8.0	8.0	8.0	10.0	7.0	10.0	0.0
cg00325390	1.0	2.0	1.0	1.0	1.0	2.0	2.0	5.0	2.0	0.0
cg00334594	6.0	8.0	6.0	10.0	6.0	7.0	7.0	4.0	7.0	3.0
cg00362818	6.0	9.0	7.0	9.0	8.0	9.0	9.0	8.0	6.0	10.0
cg00380283	7.0	9.0	9.0	10.0	10.0	10.0	10.0	10.0	10.0	10.0
cg00381298	8.0	9.0	9.0	9.0	9.0	10.0	10.0	10.0	10.0	10.0
cg00386460	8.0	10.0	9.0	11.0	10.0	10.0	10.0	10.0	9.0	10.0
cg00390215	0.0	0.0	1.0	1.0	0.0	0.0	0.0	0.0	0.0	0.0
cg00400964	8.0	8.0	7.0	8.0	9.0	8.0	9.0	10.0	8.0	0.0
cg00412514	0.0	0.0	0.0	0.0	1.0	0.0	1.0	0.0	0.0	3.0
cg00417068	0.0	1.0	1.0	1.0	0.0	0.0	0.0	0.0	0.0	7.0
cg00442282	3.0	1.0	1.0	2.0	1.0	1.0	1.0	0.0	1.0	0.0
cg00444906	2.0	3.0	3.0	2.0	1.0	2.0	3.0	1.0	1.0	10.0
cg00460916	8.0	10.0	8.0	11.0	9.0	9.0	9.0	8.0	8.0	10.0
cg00482101	8.0	9.0	9.0	10.0	10.0	8.0	10.0	10.0	8.0	10.0
cg00504885	7.0	8.0	7.0	10.0	8.0	9.0	7.0	8.0	8.0	0.0
cg00510903	7.0	8.0	8.0	10.0	8.0	10.0	7.0	9.0	9.0	10.0
cg00547530	0.0	0.0	0.0	2.0	0.0	0.0	1.0	0.0	1.0	3.0
cg00549876	4.0	8.0	4.0	10.0	7.0	7.0	5.0	7.0	6.0	7.0
cg00570498	5.0	5.0	4.0	1.0	6.0	3.0	9.0	7.0	6.0	3.0
cg00576774	1.0	1.0	0.0	1.0	1.0	0.0	2.0	0.0	0.0	3.0
cg00612332	0.0	2.0	2.0	4.0	2.0	2.0	0.0	3.0	1.0	10.0
cg00616028	7.0	8.0	9.0	6.0	7.0	5.0	8.0	3.0	8.0	10.0
cg00649318	2.0	2.0	2.0	1.0	2.0	0.0	3.0	0.0	2.0	0.0
cg00649632	8.0	9.0	8.0	10.0	9.0	8.0	10.0	10.0	10.0	3.0
cg00680253	6.0	8.0	8.0	9.0	8.0	10.0	8.0	10.0	9.0	10.0
cg00683371	7.0	8.0	8.0	10.0	8.0	8.0	9.0	10.0	10.0	0.0
cg00774347	8.0	10.0	10.0	10.0	9.0	10.0	8.0	10.0	10.0	7.0
cg00780810	1.0	2.0	2.0	1.0	2.0	0.0	3.0	1.0	0.0	0.0
cg00789615	8.0	9.0	10.0	10.0	9.0	10.0	8.0	10.0	7.0	7.0
cg00819880	4.0	6.0	6.0	6.0	6.0	7.0	5.0	5.0	8.0	10.0
cg00863309	8.0	9.0	10.0	8.0	8.0	8.0	10.0	7.0	10.0	10.0
cg00908794	7.0	9.0	10.0	9.0	9.0	10.0	8.0	10.0	9.0	10.0
cg00920892	4.0	3.0	4.0	2.0	5.0	2.0	6.0	1.0	1.0	0.0
cg00946921	8.0	9.0	10.0	11.0	9.0	8.0	10.0	6.0	9.0	10.0
cg00963090	1.0	0.0	3.0	1.0	0.0	1.0	1.0	2.0	2.0	3.0
cg00994876	8.0	10.0	10.0	11.0	10.0	10.0	10.0	10.0	10.0	7.0
cg01000850	1.0	1.0	0.0	4.0	1.0	3.0	0.0	3.0	1.0	3.0
cg01002722	4.0	4.0	6.0	5.0	7.0	5.0	5.0	9.0	7.0	7.0
cg01016326	6.0	9.0	9.0	11.0	9.0	10.0	8.0	9.0	10.0	10.0
cg01029623	0.0	2.0	2.0	1.0	1.0	5.0	0.0	6.0	5.0	0.0
cg01038299	5.0	7.0	7.0	7.0	9.0	10.0	6.0	9.0	9.0	7.0
cg01054652	7.0	9.0	9.0	9.0	9.0	9.0	9.0	10.0	9.0	7.0
cg01055868	7.0	9.0	9.0	10.0	9.0	8.0	10.0	10.0	8.0	10.0
cg01070424	5.0	3.0	2.0	4.0	5.0	1.0	3.0	0.0	1.0	3.0
cg01080986	7.0	10.0	8.0	11.0	9.0	9.0	10.0	8.0	7.0	10.0
cg01081456	0.0	0.0	0.0	2.0	1.0	2.0	0.0	3.0	0.0	0.0
cg01093786	0.0	1.0	1.0	1.0	2.0	2.0	0.0	0.0	0.0	0.0
cg01099300	7.0	8.0	6.0	9.0	8.0	10.0	7.0	10.0	7.0	10.0
cg01119784	5.0	7.0	10.0	9.0	9.0	9.0	8.0	10.0	9.0	10.0
cg01134075	0.0	0.0	2.0	0.0	2.0	2.0	1.0	0.0	0.0	0.0
cg01207474	3.0	4.0	2.0	2.0	5.0	2.0	3.0	4.0	1.0	7.0
cg01231757	7.0	10.0	10.0	11.0	9.0	10.0	10.0	10.0	10.0	10.0
cg01268058	2.0	2.0	2.0	3.0	3.0	4.0	2.0	3.0	2.0	0.0
cg01321230	8.0	9.0	10.0	9.0	8.0	8.0	8.0	7.0	8.0	10.0
cg01325426	2.0	1.0	2.0	3.0	0.0	2.0	1.0	2.0	4.0	0.0
cg01343045	8.0	8.0	9.0	9.0	9.0	10.0	10.0	10.0	10.0	3.0
cg01348086	1.0	1.0	1.0	2.0	0.0	0.0	1.0	0.0	0.0	0.0
cg01355089	4.0	6.0	5.0	6.0	4.0	2.0	6.0	2.0	6.0	7.0
cg01419713	8.0	7.0	9.0	10.0	7.0	8.0	7.0	6.0	7.0	3.0
cg01427575	1.0	3.0	2.0	1.0	2.0	3.0	2.0	7.0	3.0	3.0
cg01439631	7.0	6.0	8.0	9.0	6.0	8.0	7.0	6.0	6.0	10.0
cg01474925	7.0	10.0	10.0	11.0	9.0	10.0	10.0	10.0	10.0	10.0
cg01537248	1.0	2.0	2.0	1.0	2.0	2.0	1.0	0.0	0.0	10.0
cg01553433	3.0	4.0	3.0	2.0	3.0	4.0	2.0	4.0	3.0	0.0
cg01586672	7.0	9.0	7.0	10.0	10.0	9.0	9.0	8.0	8.0	3.0
cg01586797	2.0	2.0	2.0	3.0	2.0	2.0	3.0	4.0	0.0	0.0
cg01604809	7.0	9.0	8.0	9.0	10.0	10.0	9.0	10.0	9.0	10.0
cg01653532	7.0	8.0	8.0	8.0	9.0	6.0	10.0	4.0	6.0	10.0
cg01658789	6.0	9.0	9.0	9.0	9.0	9.0	10.0	10.0	8.0	10.0
cg01668106	8.0	10.0	10.0	11.0	10.0	10.0	10.0	10.0	10.0	10.0
cg01684175	7.0	9.0	9.0	11.0	9.0	8.0	9.0	6.0	9.0	10.0
cg01691182	0.0	0.0	0.0	0.0	0.0	0.0	0.0	0.0	0.0	0.0
cg01699630	7.0	9.0	9.0	11.0	9.0	10.0	8.0	10.0	10.0	10.0
cg01721754	0.0	1.0	0.0	1.0	1.0	2.0	0.0	4.0	2.0	0.0
cg01738152	0.0	1.0	0.0	0.0	2.0	0.0	3.0	0.0	2.0	0.0
cg01738650	1.0	0.0	0.0	0.0	1.0	0.0	0.0	0.0	0.0	0.0
cg01770400	8.0	10.0	9.0	11.0	9.0	8.0	10.0	10.0	10.0	10.0
cg01795081	0.0	0.0	0.0	1.0	1.0	0.0	2.0	0.0	0.0	0.0
cg01806427	6.0	8.0	9.0	10.0	8.0	10.0	8.0	9.0	10.0	10.0
cg01817067	7.0	9.0	10.0	11.0	10.0	10.0	9.0	10.0	10.0	7.0
cg01842756	7.0	9.0	10.0	9.0	9.0	10.0	8.0	10.0	9.0	10.0
cg01849603	6.0	8.0	10.0	10.0	8.0	10.0	7.0	10.0	9.0	10.0
cg01854491	6.0	5.0	8.0	7.0	8.0	7.0	8.0	6.0	6.0	0.0
cg01880320	0.0	0.0	0.0	1.0	0.0	0.0	1.0	0.0	0.0	0.0
cg01881899	2.0	2.0	0.0	3.0	1.0	1.0	1.0	0.0	2.0	3.0
cg01891154	5.0	8.0	7.0	8.0	7.0	8.0	6.0	6.0	10.0	3.0
cg01909656	0.0	0.0	0.0	0.0	0.0	0.0	0.0	0.0	0.0	0.0
cg01923724	7.0	9.0	9.0	11.0	9.0	10.0	8.0	10.0	10.0	7.0
cg01923854	8.0	10.0	10.0	11.0	10.0	10.0	10.0	10.0	10.0	10.0
cg01926777	0.0	0.0	0.0	0.0	0.0	0.0	0.0	0.0	0.0	0.0
cg01927645	0.0	0.0	0.0	0.0	0.0	0.0	0.0	0.0	0.0	0.0
cg01932734	2.0	1.0	1.0	1.0	2.0	2.0	0.0	0.0	2.0	0.0
cg01943873	1.0	1.0	2.0	0.0	3.0	1.0	3.0	2.0	5.0	0.0
cg02001991	3.0	5.0	2.0	3.0	5.0	3.0	6.0	4.0	4.0	0.0
cg02015961	5.0	7.0	7.0	10.0	9.0	10.0	6.0	9.0	10.0	7.0
cg02035448	7.0	9.0	7.0	9.0	9.0	8.0	10.0	10.0	7.0	10.0
cg02053685	6.0	8.0	10.0	10.0	6.0	8.0	10.0	6.0	9.0	10.0
cg02064336	8.0	9.0	9.0	10.0	10.0	10.0	10.0	10.0	10.0	0.0
cg02129005	2.0	2.0	2.0	1.0	2.0	2.0	2.0	0.0	2.0	0.0
cg02153245	6.0	8.0	8.0	11.0	6.0	7.0	6.0	4.0	5.0	10.0
cg02153332	8.0	10.0	9.0	11.0	10.0	10.0	10.0	10.0	9.0	7.0
cg02164561	0.0	0.0	1.0	1.0	0.0	0.0	0.0	0.0	0.0	0.0
cg02179849	7.0	8.0	9.0	8.0	8.0	7.0	10.0	10.0	9.0	10.0
cg02212846	7.0	6.0	8.0	9.0	6.0	8.0	7.0	10.0	8.0	0.0
cg02213045	8.0	7.0	8.0	9.0	8.0	7.0	10.0	4.0	7.0	0.0
cg02244028	7.0	9.0	9.0	10.0	8.0	10.0	8.0	10.0	9.0	10.0
cg02249596	8.0	10.0	10.0	11.0	10.0	10.0	10.0	10.0	10.0	10.0
cg02268561	0.0	1.0	1.0	1.0	0.0	0.0	0.0	0.0	0.0	7.0
cg02275418	7.0	8.0	7.0	7.0	8.0	6.0	10.0	7.0	10.0	0.0
cg02304134	6.0	6.0	7.0	7.0	9.0	8.0	5.0	7.0	5.0	3.0
cg02321197	0.0	0.0	0.0	2.0	0.0	0.0	1.0	0.0	1.0	0.0
cg02321538	8.0	10.0	9.0	11.0	10.0	9.0	10.0	8.0	8.0	10.0
cg02342895	7.0	9.0	9.0	11.0	9.0	10.0	8.0	10.0	10.0	10.0
cg02381708	7.0	10.0	10.0	9.0	7.0	8.0	9.0	7.0	10.0	7.0
cg02392976	4.0	5.0	7.0	3.0	5.0	7.0	5.0	7.0	7.0	7.0
cg02400146	8.0	8.0	10.0	8.0	7.0	8.0	8.0	7.0	8.0	10.0
cg02442623	3.0	2.0	3.0	2.0	2.0	0.0	2.0	0.0	1.0	0.0
cg02445229	4.0	6.0	7.0	7.0	6.0	7.0	7.0	10.0	7.0	10.0
cg02450981	1.0	1.0	0.0	0.0	2.0	2.0	0.0	4.0	1.0	0.0
cg02460953	7.0	8.0	9.0	8.0	10.0	9.0	10.0	10.0	9.0	3.0
cg02498708	1.0	2.0	1.0	4.0	4.0	2.0	2.0	3.0	4.0	0.0
cg02508438	0.0	0.0	0.0	0.0	0.0	0.0	0.0	0.0	0.0	0.0
cg02514840	8.0	8.0	8.0	9.0	9.0	6.0	10.0	6.0	7.0	7.0
cg02522485	8.0	10.0	10.0	11.0	10.0	10.0	10.0	10.0	10.0	10.0
cg02556345	1.0	1.0	1.0	3.0	1.0	1.0	1.0	0.0	2.0	3.0
cg02586212	1.0	2.0	5.0	4.0	2.0	4.0	3.0	0.0	4.0	0.0
cg02588816	8.0	10.0	10.0	9.0	9.0	8.0	10.0	7.0	10.0	10.0
cg02607723	1.0	3.0	2.0	1.0	2.0	3.0	2.0	6.0	5.0	0.0
cg02628895	6.0	5.0	5.0	8.0	5.0	4.0	6.0	6.0	7.0	3.0
cg02647748	4.0	7.0	9.0	9.0	8.0	10.0	8.0	10.0	9.0	10.0
cg02650017	0.0	0.0	0.0	0.0	0.0	0.0	0.0	0.0	0.0	0.0
cg02690807	7.0	8.0	10.0	10.0	9.0	10.0	6.0	10.0	8.0	10.0
cg02733803	0.0	2.0	1.0	1.0	3.0	2.0	1.0	4.0	1.0	0.0
cg02794096	7.0	9.0	9.0	9.0	9.0	10.0	10.0	10.0	9.0	3.0
cg02895591	3.0	3.0	2.0	4.0	4.0	4.0	2.0	3.0	1.0	10.0
cg02905828	2.0	2.0	1.0	1.0	2.0	0.0	2.0	1.0	0.0	0.0
cg02946675	7.0	9.0	10.0	11.0	10.0	10.0	9.0	10.0	10.0	10.0
cg02959588	2.0	0.0	1.0	0.0	2.0	0.0	0.0	0.0	1.0	0.0
cg02970679	7.0	8.0	10.0	9.0	9.0	7.0	10.0	6.0	8.0	10.0
cg03012821	1.0	2.0	3.0	3.0	3.0	2.0	4.0	4.0	2.0	7.0
cg03016258	7.0	9.0	9.0	10.0	9.0	10.0	10.0	10.0	10.0	0.0
cg03037030	2.0	3.0	2.0	6.0	2.0	3.0	1.0	0.0	3.0	0.0
cg03037393	0.0	0.0	1.0	0.0	1.0	0.0	1.0	0.0	0.0	0.0
cg03048488	8.0	9.0	10.0	10.0	9.0	10.0	10.0	10.0	10.0	10.0
cg03077364	4.0	5.0	6.0	5.0	6.0	6.0	8.0	6.0	8.0	3.0
cg03079497	0.0	1.0	0.0	0.0	1.0	0.0	2.0	0.0	2.0	0.0
cg03083290	3.0	3.0	1.0	2.0	2.0	1.0	3.0	0.0	1.0	0.0
cg03085312	2.0	2.0	2.0	4.0	4.0	3.0	5.0	5.0	4.0	0.0
cg03097275	1.0	1.0	2.0	3.0	1.0	2.0	1.0	3.0	0.0	7.0
cg03116607	7.0	9.0	10.0	10.0	8.0	10.0	8.0	10.0	9.0	10.0
cg03243485	1.0	3.0	3.0	3.0	2.0	4.0	3.0	4.0	3.0	7.0
cg03284117	8.0	10.0	10.0	11.0	9.0	10.0	9.0	10.0	10.0	7.0
cg03290977	0.0	2.0	0.0	0.0	2.0	2.0	2.0	4.0	3.0	0.0
cg03331259	2.0	2.0	1.0	2.0	1.0	2.0	1.0	0.0	3.0	0.0
cg03340102	3.0	4.0	4.0	3.0	4.0	4.0	5.0	5.0	4.0	3.0
cg03421440	6.0	9.0	7.0	11.0	9.0	10.0	6.0	9.0	9.0	10.0
cg03429034	0.0	0.0	1.0	2.0	1.0	2.0	0.0	3.0	1.0	3.0
cg03478159	7.0	9.0	10.0	9.0	9.0	10.0	8.0	10.0	9.0	7.0
cg03487777	2.0	1.0	1.0	1.0	1.0	0.0	1.0	0.0	0.0	0.0
cg03519593	7.0	8.0	8.0	8.0	8.0	7.0	10.0	10.0	8.0	10.0
cg03521218	4.0	5.0	5.0	8.0	4.0	5.0	6.0	3.0	4.0	7.0
cg03522489	8.0	9.0	9.0	10.0	10.0	10.0	10.0	10.0	10.0	3.0
cg03534481	7.0	9.0	9.0	9.0	9.0	7.0	10.0	10.0	9.0	10.0
cg03534847	8.0	9.0	10.0	11.0	9.0	8.0	10.0	6.0	9.0	10.0
cg03588919	7.0	9.0	10.0	9.0	10.0	9.0	10.0	10.0	9.0	10.0
cg03601752	1.0	1.0	3.0	3.0	1.0	2.0	0.0	0.0	4.0	0.0
cg03637218	6.0	8.0	7.0	9.0	9.0	8.0	8.0	8.0	6.0	10.0
cg03638567	2.0	1.0	1.0	2.0	1.0	0.0	1.0	0.0	0.0	0.0
cg03689458	8.0	9.0	9.0	8.0	9.0	6.0	10.0	7.0	8.0	7.0
cg03753191	2.0	1.0	2.0	0.0	2.0	0.0	3.0	1.0	0.0	0.0
cg03801871	1.0	1.0	2.0	1.0	0.0	1.0	0.0	2.0	2.0	0.0
cg03822267	8.0	9.0	9.0	10.0	10.0	10.0	10.0	10.0	10.0	0.0
cg03833097	5.0	6.0	7.0	10.0	6.0	7.0	6.0	4.0	5.0	3.0
cg03855983	7.0	9.0	9.0	11.0	10.0	10.0	8.0	9.0	10.0	10.0
cg03873220	7.0	9.0	8.0	11.0	7.0	6.0	10.0	6.0	8.0	10.0
cg03896685	7.0	8.0	9.0	11.0	8.0	8.0	7.0	6.0	7.0	10.0
cg03903882	6.0	6.0	6.0	7.0	5.0	4.0	7.0	7.0	7.0	10.0
cg03963219	0.0	2.0	0.0	1.0	3.0	0.0	3.0	0.0	2.0	0.0
cg03990261	7.0	8.0	8.0	11.0	8.0	9.0	6.0	8.0	6.0	10.0
cg04005969	3.0	2.0	2.0	2.0	4.0	0.0	3.0	0.0	1.0	0.0
cg04017326	6.0	8.0	6.0	11.0	8.0	7.0	6.0	3.0	6.0	10.0
cg04054221	6.0	8.0	8.0	7.0	6.0	6.0	9.0	7.0	9.0	3.0
cg04069927	1.0	2.0	0.0	3.0	1.0	1.0	0.0	0.0	1.0	0.0
cg04073934	6.0	7.0	6.0	6.0	8.0	6.0	7.0	6.0	8.0	10.0
cg04078283	6.0	8.0	8.0	10.0	9.0	10.0	7.0	9.0	10.0	10.0
cg04148640	7.0	7.0	9.0	8.0	7.0	5.0	10.0	6.0	8.0	10.0
cg04272632	2.0	2.0	0.0	2.0	4.0	2.0	3.0	3.0	2.0	0.0
cg04307216	0.0	0.0	0.0	0.0	0.0	0.0	0.0	0.0	0.0	0.0
cg04332442	2.0	4.0	2.0	2.0	1.0	2.0	1.0	4.0	1.0	10.0
cg04348305	7.0	9.0	9.0	10.0	9.0	8.0	10.0	10.0	8.0	10.0
cg04369622	7.0	7.0	8.0	7.0	8.0	7.0	10.0	10.0	9.0	3.0
cg04383721	8.0	9.0	10.0	11.0	9.0	8.0	10.0	6.0	9.0	10.0
cg04423493	0.0	2.0	2.0	0.0	2.0	3.0	2.0	6.0	6.0	0.0
cg04425375	2.0	1.0	1.0	1.0	3.0	0.0	0.0	0.0	1.0	0.0
cg04447981	3.0	4.0	3.0	3.0	2.0	3.0	4.0	1.0	3.0	0.0
cg04467549	6.0	9.0	9.0	11.0	9.0	10.0	8.0	9.0	10.0	10.0
cg04496578	8.0	10.0	10.0	9.0	9.0	8.0	10.0	7.0	10.0	10.0
cg04502673	1.0	1.0	3.0	3.0	4.0	5.0	1.0	9.0	3.0	3.0
cg04523212	0.0	0.0	0.0	0.0	0.0	0.0	0.0	0.0	0.0	0.0
cg04533831	7.0	9.0	8.0	9.0	8.0	7.0	9.0	10.0	9.0	10.0
cg04554131	2.0	2.0	2.0	1.0	1.0	2.0	1.0	0.0	0.0	0.0
cg04580996	4.0	5.0	4.0	3.0	5.0	6.0	4.0	6.0	4.0	3.0
cg04616529	7.0	8.0	7.0	10.0	7.0	7.0	8.0	4.0	4.0	10.0
cg04631160	5.0	7.0	6.0	9.0	5.0	8.0	6.0	10.0	7.0	7.0
cg04656451	3.0	2.0	2.0	3.0	2.0	3.0	2.0	0.0	3.0	0.0
cg04657000	6.0	8.0	7.0	9.0	8.0	10.0	6.0	9.0	10.0	10.0
cg04699519	8.0	8.0	9.0	10.0	9.0	10.0	8.0	10.0	8.0	0.0
cg04718050	1.0	2.0	1.0	2.0	3.0	0.0	3.0	0.0	0.0	0.0
cg04741118	3.0	6.0	5.0	6.0	5.0	4.0	6.0	4.0	4.0	7.0
cg04801961	8.0	9.0	9.0	10.0	10.0	10.0	10.0	10.0	10.0	3.0
cg04832952	8.0	9.0	10.0	10.0	9.0	10.0	10.0	10.0	10.0	10.0
cg04886407	2.0	2.0	3.0	0.0	4.0	2.0	5.0	0.0	3.0	0.0
cg04914531	8.0	9.0	9.0	11.0	9.0	7.0	10.0	4.0	7.0	10.0
cg04939326	8.0	10.0	9.0	10.0	9.0	8.0	9.0	10.0	10.0	10.0
cg04966774	6.0	8.0	7.0	10.0	6.0	7.0	8.0	4.0	7.0	10.0
cg04980099	1.0	2.0	0.0	2.0	1.0	3.0	0.0	4.0	2.0	0.0
cg04987438	3.0	2.0	3.0	3.0	4.0	6.0	2.0	4.0	2.0	0.0
cg05007288	8.0	9.0	9.0	8.0	8.0	8.0	9.0	7.0	10.0	3.0
cg05084043	7.0	9.0	6.0	10.0	10.0	9.0	9.0	8.0	7.0	3.0
cg05101920	1.0	1.0	1.0	0.0	2.0	0.0	2.0	0.0	3.0	0.0
cg05202121	8.0	8.0	6.0	8.0	9.0	8.0	9.0	10.0	8.0	3.0
cg05205743	7.0	9.0	9.0	9.0	10.0	10.0	9.0	10.0	10.0	10.0
cg05271775	0.0	0.0	1.0	2.0	2.0	2.0	1.0	3.0	0.0	0.0
cg05349059	3.0	2.0	1.0	2.0	4.0	0.0	1.0	0.0	0.0	0.0
cg05437498	8.0	9.0	7.0	10.0	8.0	8.0	9.0	6.0	8.0	10.0
cg05492904	5.0	8.0	9.0	11.0	8.0	8.0	8.0	6.0	9.0	10.0
cg05496203	1.0	2.0	1.0	0.0	1.0	2.0	2.0	5.0	1.0	0.0
cg05496363	6.0	9.0	7.0	10.0	8.0	7.0	8.0	8.0	6.0	10.0
cg05501357	7.0	9.0	10.0	9.0	8.0	8.0	8.0	7.0	10.0	10.0
cg05522807	2.0	3.0	1.0	1.0	2.0	0.0	3.0	0.0	2.0	0.0
cg05533219	8.0	9.0	9.0	8.0	9.0	8.0	10.0	7.0	10.0	0.0
cg05546044	0.0	0.0	1.0	0.0	2.0	0.0	2.0	0.0	0.0	0.0
cg05662676	1.0	1.0	1.0	0.0	0.0	0.0	1.0	0.0	1.0	3.0
cg05667019	6.0	8.0	9.0	10.0	7.0	8.0	7.0	6.0	8.0	10.0
cg05667620	1.0	1.0	1.0	2.0	1.0	3.0	0.0	0.0	1.0	0.0
cg05683781	2.0	3.0	0.0	1.0	4.0	2.0	1.0	4.0	1.0	0.0
cg05756986	1.0	1.0	1.0	0.0	2.0	0.0	4.0	0.0	2.0	0.0
cg05759347	3.0	2.0	5.0	1.0	2.0	3.0	4.0	3.0	5.0	0.0
cg05770620	7.0	10.0	7.0	11.0	9.0	9.0	8.0	8.0	7.0	10.0
cg05851333	6.0	8.0	7.0	10.0	8.0	8.0	9.0	6.0	8.0	3.0
cg05869699	0.0	1.0	1.0	1.0	0.0	0.0	0.0	0.0	0.0	10.0
cg05902684	0.0	0.0	1.0	0.0	0.0	0.0	0.0	0.0	1.0	0.0
cg05937292	0.0	1.0	0.0	0.0	1.0	0.0	2.0	0.0	2.0	0.0
cg05941925	7.0	9.0	8.0	11.0	8.0	8.0	8.0	10.0	10.0	10.0
cg05980836	7.0	7.0	6.0	8.0	8.0	5.0	8.0	4.0	4.0	10.0
cg06000732	0.0	1.0	2.0	0.0	2.0	3.0	1.0	6.0	4.0	0.0
cg06016162	8.0	10.0	10.0	9.0	8.0	8.0	9.0	7.0	10.0	10.0
cg06020419	3.0	3.0	3.0	7.0	5.0	6.0	2.0	5.0	3.0	0.0
cg06061483	5.0	2.0	2.0	0.0	4.0	0.0	5.0	1.0	0.0	0.0
cg06062946	8.0	10.0	10.0	11.0	10.0	10.0	10.0	10.0	10.0	10.0
cg06114546	6.0	8.0	8.0	10.0	8.0	10.0	9.0	10.0	9.0	3.0
cg06117093	2.0	5.0	4.0	4.0	3.0	6.0	2.0	5.0	4.0	0.0
cg06125671	6.0	8.0	7.0	8.0	9.0	7.0	9.0	10.0	9.0	3.0
cg06149826	1.0	2.0	2.0	4.0	3.0	4.0	2.0	3.0	3.0	0.0
cg06169135	7.0	9.0	10.0	9.0	8.0	10.0	9.0	10.0	10.0	10.0
cg06187522	7.0	9.0	9.0	10.0	9.0	10.0	9.0	10.0	10.0	10.0
cg06195379	0.0	0.0	0.0	2.0	1.0	2.0	0.0	3.0	0.0	0.0
cg06202778	6.0	8.0	7.0	10.0	9.0	10.0	7.0	9.0	9.0	10.0
cg06242807	1.0	2.0	2.0	2.0	0.0	0.0	0.0	0.0	0.0	10.0
cg06243638	6.0	6.0	6.0	7.0	8.0	7.0	7.0	5.0	5.0	0.0
cg06272555	5.0	5.0	4.0	6.0	4.0	1.0	5.0	1.0	2.0	10.0
cg06291428	6.0	8.0	9.0	7.0	10.0	9.0	9.0	10.0	9.0	10.0
cg06306219	1.0	3.0	4.0	4.0	0.0	3.0	0.0	2.0	5.0	7.0
cg06315149	5.0	8.0	8.0	8.0	8.0	7.0	10.0	10.0	9.0	10.0
cg06369076	7.0	9.0	9.0	8.0	8.0	8.0	10.0	7.0	10.0	0.0
cg06374862	8.0	9.0	10.0	11.0	9.0	8.0	10.0	6.0	9.0	10.0
cg06410723	8.0	10.0	10.0	10.0	10.0	10.0	9.0	10.0	10.0	10.0
cg06432889	1.0	1.0	1.0	3.0	2.0	4.0	0.0	3.0	2.0	0.0
cg06450340	7.0	8.0	7.0	8.0	10.0	10.0	10.0	10.0	10.0	3.0
cg06502391	3.0	2.0	3.0	2.0	2.0	2.0	0.0	0.0	3.0	3.0
cg06504953	1.0	1.0	1.0	1.0	0.0	0.0	0.0	0.0	0.0	0.0
cg06555468	6.0	8.0	8.0	9.0	9.0	8.0	7.0	9.0	8.0	10.0
cg06568880	4.0	8.0	7.0	9.0	7.0	8.0	8.0	10.0	8.0	10.0
cg06568945	1.0	1.0	2.0	0.0	1.0	0.0	3.0	1.0	0.0	0.0
cg06601071	2.0	2.0	3.0	2.0	1.0	1.0	4.0	3.0	2.0	0.0
cg06658391	8.0	9.0	8.0	11.0	9.0	7.0	10.0	4.0	6.0	10.0
cg06673374	1.0	3.0	1.0	1.0	1.0	0.0	3.0	0.0	2.0	7.0
cg06675981	3.0	3.0	4.0	3.0	4.0	4.0	1.0	4.0	3.0	7.0
cg06694826	4.0	4.0	6.0	5.0	7.0	7.0	4.0	5.0	4.0	10.0
cg06700877	5.0	9.0	6.0	9.0	6.0	7.0	9.0	8.0	6.0	10.0
cg06721435	7.0	9.0	8.0	11.0	8.0	9.0	8.0	8.0	8.0	10.0
cg06721910	1.0	2.0	1.0	0.0	3.0	2.0	2.0	4.0	1.0	0.0
cg06734096	1.0	1.0	1.0	2.0	4.0	6.0	0.0	7.0	1.0	3.0
cg06747770	8.0	10.0	10.0	11.0	10.0	10.0	10.0	10.0	10.0	10.0
cg06768361	7.0	9.0	9.0	9.0	10.0	10.0	9.0	10.0	10.0	10.0
cg06805366	7.0	8.0	8.0	7.0	8.0	6.0	10.0	7.0	8.0	3.0
cg06814248	7.0	9.0	10.0	10.0	9.0	10.0	9.0	10.0	9.0	10.0
cg06828418	8.0	10.0	10.0	11.0	10.0	10.0	10.0	10.0	10.0	10.0
cg06847541	8.0	9.0	9.0	10.0	10.0	10.0	10.0	10.0	10.0	3.0
cg06856130	6.0	7.0	7.0	7.0	10.0	8.0	10.0	8.0	7.0	3.0
cg06939307	0.0	3.0	1.0	1.0	2.0	4.0	2.0	4.0	5.0	0.0
cg07002540	6.0	8.0	9.0	9.0	9.0	10.0	9.0	10.0	9.0	10.0
cg07060074	2.0	0.0	1.0	0.0	2.0	0.0	0.0	0.0	1.0	0.0
cg07125725	6.0	9.0	10.0	10.0	8.0	10.0	9.0	10.0	9.0	7.0
cg07133479	7.0	8.0	9.0	11.0	7.0	8.0	7.0	10.0	8.0	10.0
cg07143462	6.0	8.0	8.0	8.0	8.0	7.0	8.0	10.0	8.0	10.0
cg07162264	8.0	8.0	10.0	9.0	8.0	8.0	10.0	6.0	8.0	7.0
cg07256732	8.0	10.0	10.0	11.0	9.0	10.0	9.0	10.0	10.0	10.0
cg07264216	1.0	0.0	1.0	0.0	1.0	1.0	0.0	2.0	2.0	0.0
cg07316730	7.0	7.0	9.0	10.0	8.0	10.0	7.0	10.0	8.0	0.0
cg07389319	2.0	3.0	3.0	3.0	5.0	4.0	3.0	4.0	6.0	0.0
cg07410188	1.0	1.0	1.0	3.0	4.0	2.0	4.0	3.0	3.0	0.0
cg07431832	7.0	9.0	8.0	8.0	8.0	7.0	9.0	10.0	8.0	10.0
cg07450021	8.0	8.0	10.0	10.0	8.0	10.0	8.0	10.0	8.0	10.0
cg07478098	7.0	9.0	9.0	11.0	10.0	10.0	8.0	9.0	10.0	10.0
cg07495335	7.0	8.0	7.0	9.0	7.0	10.0	7.0	10.0	8.0	3.0
cg07509941	7.0	9.0	10.0	8.0	7.0	6.0	10.0	3.0	8.0	10.0
cg07517948	6.0	7.0	8.0	6.0	9.0	8.0	9.0	8.0	7.0	10.0
cg07566304	2.0	3.0	3.0	1.0	5.0	4.0	4.0	0.0	5.0	0.0
cg07584558	1.0	5.0	2.0	5.0	2.0	3.0	2.0	0.0	5.0	7.0
cg07603058	0.0	0.0	0.0	2.0	1.0	2.0	0.0	3.0	0.0	3.0
cg07616471	5.0	6.0	6.0	9.0	8.0	10.0	4.0	9.0	8.0	3.0
cg07619820	6.0	8.0	10.0	8.0	10.0	9.0	9.0	10.0	8.0	10.0
cg07630601	2.0	5.0	2.0	2.0	4.0	2.0	4.0	5.0	1.0	10.0
cg07641323	8.0	10.0	10.0	10.0	10.0	10.0	9.0	10.0	10.0	10.0
cg07655126	6.0	4.0	4.0	6.0	5.0	5.0	5.0	4.0	1.0	0.0
cg07688618	1.0	1.0	1.0	0.0	1.0	0.0	2.0	0.0	1.0	0.0
cg07702689	2.0	5.0	7.0	4.0	5.0	5.0	7.0	7.0	9.0	0.0
cg07712892	7.0	10.0	9.0	10.0	9.0	9.0	9.0	8.0	8.0	7.0
cg07721852	2.0	2.0	1.0	2.0	1.0	1.0	2.0	0.0	2.0	3.0
cg07728865	6.0	10.0	8.0	10.0	7.0	10.0	9.0	10.0	9.0	10.0
cg07739340	0.0	3.0	2.0	2.0	2.0	3.0	3.0	6.0	5.0	7.0
cg07755228	0.0	2.0	1.0	0.0	3.0	2.0	3.0	4.0	3.0	3.0
cg07775292	1.0	0.0	0.0	0.0	1.0	0.0	0.0	0.0	0.0	3.0
cg07854989	8.0	10.0	10.0	9.0	9.0	8.0	10.0	7.0	10.0	7.0
cg07896398	6.0	8.0	8.0	7.0	10.0	9.0	9.0	10.0	8.0	10.0
cg07897063	3.0	3.0	3.0	2.0	2.0	2.0	3.0	4.0	2.0	0.0
cg07897734	6.0	10.0	9.0	11.0	8.0	10.0	10.0	10.0	9.0	10.0
cg07902106	7.0	8.0	7.0	10.0	9.0	5.0	9.0	4.0	5.0	10.0
cg07949587	8.0	9.0	8.0	10.0	10.0	8.0	10.0	10.0	7.0	7.0
cg07955754	7.0	9.0	9.0	10.0	10.0	10.0	10.0	10.0	10.0	10.0
cg07993518	5.0	7.0	10.0	7.0	8.0	7.0	8.0	7.0	9.0	7.0
cg08012294	8.0	8.0	8.0	10.0	8.0	8.0	8.0	6.0	6.0	10.0
cg08019542	8.0	9.0	9.0	10.0	7.0	8.0	9.0	10.0	10.0	10.0
cg08045465	8.0	8.0	8.0	11.0	8.0	7.0	8.0	4.0	4.0	10.0
cg08055846	2.0	3.0	2.0	3.0	0.0	3.0	2.0	1.0	3.0	0.0
cg08055860	8.0	10.0	10.0	9.0	9.0	8.0	10.0	7.0	10.0	10.0
cg08074458	1.0	2.0	1.0	3.0	0.0	3.0	0.0	0.0	3.0	0.0
cg08080195	1.0	3.0	0.0	1.0	3.0	2.0	1.0	4.0	1.0	0.0
cg08087047	5.0	7.0	7.0	8.0	7.0	6.0	7.0	6.0	10.0	0.0
cg08130572	1.0	2.0	2.0	2.0	1.0	0.0	1.0	0.0	0.0	10.0
cg08139729	8.0	10.0	10.0	10.0	10.0	10.0	9.0	10.0	10.0	7.0
cg08172463	8.0	10.0	10.0	11.0	10.0	10.0	10.0	10.0	10.0	10.0
cg08213398	7.0	9.0	9.0	9.0	8.0	6.0	9.0	3.0	9.0	7.0
cg08214660	0.0	2.0	2.0	4.0	2.0	6.0	0.0	7.0	3.0	0.0
cg08243981	6.0	7.0	7.0	11.0	7.0	8.0	4.0	5.0	6.0	10.0
cg08257147	7.0	9.0	10.0	11.0	10.0	10.0	9.0	10.0	10.0	10.0
cg08315530	0.0	2.0	1.0	1.0	1.0	0.0	2.0	0.0	2.0	7.0
cg08332992	5.0	9.0	9.0	8.0	8.0	9.0	7.0	10.0	9.0	10.0
cg08336638	1.0	2.0	2.0	2.0	2.0	3.0	1.0	6.0	4.0	0.0
cg08337633	0.0	0.0	0.0	0.0	0.0	0.0	0.0	0.0	0.0	0.0
cg08355910	7.0	8.0	10.0	10.0	8.0	10.0	7.0	10.0	7.0	7.0
cg08368624	7.0	8.0	10.0	9.0	8.0	8.0	7.0	7.0	8.0	10.0
cg08375286	1.0	0.0	3.0	0.0	1.0	2.0	1.0	0.0	1.0	0.0
cg08381578	1.0	1.0	2.0	1.0	1.0	0.0	3.0	1.0	0.0	0.0
cg08404597	2.0	1.0	3.0	1.0	0.0	0.0	3.0	1.0	0.0	0.0
cg08479615	2.0	2.0	2.0	2.0	2.0	0.0	5.0	1.0	0.0	0.0
cg08486432	5.0	9.0	8.0	10.0	6.0	10.0	8.0	10.0	9.0	10.0
cg08515427	8.0	8.0	8.0	10.0	9.0	7.0	10.0	4.0	7.0	0.0
cg08538069	7.0	9.0	9.0	9.0	9.0	7.0	10.0	10.0	9.0	10.0
cg08560070	6.0	9.0	9.0	8.0	7.0	8.0	9.0	7.0	10.0	10.0
cg08583841	5.0	7.0	8.0	7.0	9.0	9.0	6.0	10.0	7.0	10.0
cg08585614	7.0	9.0	10.0	9.0	10.0	9.0	10.0	10.0	9.0	10.0
cg08604181	7.0	10.0	10.0	11.0	8.0	10.0	9.0	10.0	10.0	10.0
cg08610982	0.0	0.0	0.0	1.0	0.0	0.0	1.0	0.0	0.0	0.0
cg08639757	0.0	1.0	3.0	3.0	2.0	0.0	2.0	0.0	1.0	10.0
cg08657911	7.0	9.0	9.0	9.0	9.0	8.0	9.0	8.0	7.0	10.0
cg08662013	8.0	10.0	9.0	11.0	10.0	10.0	10.0	10.0	9.0	10.0
cg08698681	6.0	8.0	8.0	10.0	8.0	9.0	8.0	8.0	6.0	10.0
cg08708167	0.0	0.0	1.0	2.0	1.0	3.0	0.0	5.0	2.0	3.0
cg08724085	7.0	8.0	7.0	10.0	8.0	8.0	6.0	10.0	5.0	10.0
cg08724920	4.0	4.0	2.0	1.0	3.0	0.0	6.0	1.0	2.0	0.0
cg08730245	8.0	10.0	8.0	10.0	8.0	8.0	8.0	10.0	10.0	10.0
cg08769464	2.0	3.0	2.0	0.0	2.0	2.0	3.0	5.0	2.0	0.0
cg08771076	5.0	6.0	7.0	8.0	7.0	7.0	6.0	4.0	7.0	10.0
cg08786188	7.0	8.0	9.0	10.0	10.0	10.0	9.0	10.0	10.0	0.0
cg08787146	4.0	5.0	5.0	3.0	4.0	2.0	5.0	1.0	3.0	0.0
cg08828733	2.0	4.0	5.0	8.0	2.0	3.0	1.0	0.0	3.0	10.0
cg08847738	7.0	10.0	10.0	11.0	9.0	10.0	10.0	10.0	10.0	10.0
cg08872220	3.0	5.0	4.0	3.0	3.0	3.0	5.0	3.0	5.0	0.0
cg08911152	1.0	2.0	0.0	2.0	1.0	3.0	0.0	4.0	2.0	3.0
cg08941080	7.0	9.0	9.0	10.0	10.0	10.0	10.0	10.0	10.0	10.0
cg08972363	2.0	1.0	0.0	0.0	1.0	0.0	1.0	0.0	0.0	0.0
cg08978750	8.0	9.0	9.0	11.0	9.0	10.0	8.0	10.0	7.0	10.0
cg08999352	0.0	0.0	0.0	2.0	1.0	2.0	0.0	3.0	0.0	0.0
cg09027879	5.0	8.0	9.0	8.0	7.0	9.0	8.0	10.0	9.0	7.0
cg09029409	7.0	7.0	7.0	9.0	7.0	6.0	8.0	10.0	8.0	3.0
cg09067506	3.0	2.0	2.0	2.0	4.0	1.0	3.0	0.0	4.0	0.0
cg09144580	3.0	2.0	4.0	5.0	4.0	8.0	2.0	5.0	5.0	0.0
cg09221159	2.0	2.0	1.0	4.0	1.0	1.0	3.0	0.0	2.0	3.0
cg09234474	0.0	2.0	1.0	1.0	1.0	4.0	0.0	4.0	3.0	0.0
cg09242530	8.0	10.0	10.0	9.0	9.0	8.0	10.0	7.0	10.0	7.0
cg09267206	8.0	10.0	9.0	11.0	10.0	10.0	10.0	10.0	9.0	10.0
cg09288894	2.0	3.0	1.0	0.0	1.0	0.0	5.0	1.0	2.0	0.0
cg09292296	4.0	6.0	8.0	8.0	6.0	10.0	5.0	10.0	8.0	10.0
cg09299082	8.0	9.0	9.0	8.0	9.0	8.0	10.0	7.0	10.0	0.0
cg09322573	4.0	7.0	8.0	8.0	5.0	7.0	6.0	10.0	8.0	10.0
cg09351747	2.0	2.0	0.0	1.0	3.0	0.0	1.0	0.0	0.0	0.0
cg09364595	1.0	1.0	1.0	5.0	2.0	5.0	1.0	3.0	1.0	0.0
cg09366734	7.0	10.0	9.0	11.0	8.0	9.0	9.0	8.0	8.0	10.0
cg09385401	4.0	5.0	5.0	7.0	5.0	8.0	5.0	10.0	4.0	3.0
cg09401696	8.0	9.0	10.0	11.0	9.0	8.0	10.0	6.0	9.0	10.0
cg09552281	7.0	8.0	10.0	11.0	8.0	8.0	9.0	6.0	9.0	10.0
cg09605317	0.0	0.0	0.0	1.0	1.0	0.0	1.0	0.0	1.0	0.0
cg09607102	7.0	7.0	7.0	7.0	9.0	8.0	8.0	9.0	7.0	10.0
cg09627709	6.0	8.0	8.0	10.0	8.0	9.0	7.0	8.0	7.0	10.0
cg09704765	8.0	10.0	10.0	11.0	10.0	10.0	10.0	10.0	10.0	10.0
cg09740379	5.0	8.0	9.0	9.0	5.0	10.0	5.0	10.0	8.0	10.0
cg09754225	8.0	10.0	10.0	11.0	10.0	10.0	10.0	10.0	10.0	10.0
cg09790270	1.0	1.0	1.0	0.0	3.0	4.0	0.0	4.0	1.0	0.0
cg09915500	1.0	2.0	0.0	0.0	2.0	2.0	2.0	4.0	1.0	0.0
cg09946623	0.0	1.0	0.0	0.0	1.0	0.0	2.0	0.0	2.0	0.0
cg09948350	7.0	9.0	9.0	11.0	9.0	10.0	8.0	10.0	10.0	10.0
cg09963856	6.0	9.0	9.0	11.0	9.0	10.0	8.0	10.0	10.0	7.0
cg10008461	0.0	2.0	2.0	6.0	3.0	4.0	1.0	3.0	3.0	3.0
cg10026775	1.0	3.0	3.0	1.0	4.0	7.0	2.0	6.0	7.0	0.0
cg10037913	0.0	1.0	0.0	0.0	1.0	2.0	0.0	4.0	1.0	0.0
cg10043448	2.0	4.0	2.0	2.0	5.0	3.0	7.0	6.0	6.0	0.0
cg10058508	7.0	9.0	9.0	9.0	9.0	7.0	10.0	10.0	9.0	10.0
cg10077978	2.0	1.0	3.0	1.0	4.0	2.0	2.0	0.0	0.0	0.0
cg10079707	6.0	8.0	8.0	8.0	7.0	6.0	9.0	7.0	7.0	10.0
cg10096215	1.0	2.0	2.0	1.0	2.0	1.0	3.0	3.0	2.0	0.0
cg10165241	6.0	8.0	7.0	10.0	7.0	10.0	5.0	9.0	10.0	10.0
cg10165610	1.0	0.0	1.0	0.0	0.0	0.0	1.0	0.0	0.0	0.0
cg10167301	1.0	2.0	1.0	3.0	0.0	3.0	0.0	0.0	3.0	0.0
cg10168351	6.0	10.0	8.0	10.0	9.0	10.0	9.0	10.0	10.0	10.0
cg10225620	5.0	7.0	9.0	7.0	9.0	9.0	9.0	10.0	8.0	10.0
cg10245608	1.0	3.0	1.0	1.0	3.0	2.0	3.0	4.0	3.0	0.0
cg10253083	8.0	9.0	9.0	8.0	9.0	8.0	10.0	7.0	10.0	3.0
cg10266741	8.0	10.0	10.0	11.0	10.0	10.0	10.0	10.0	10.0	10.0
cg10266935	1.0	0.0	2.0	0.0	1.0	0.0	2.0	0.0	1.0	0.0
cg10283108	3.0	2.0	2.0	1.0	3.0	0.0	6.0	0.0	3.0	0.0
cg10368122	1.0	2.0	5.0	6.0	2.0	5.0	1.0	5.0	5.0	7.0
cg10408324	7.0	8.0	7.0	8.0	9.0	8.0	9.0	6.0	8.0	10.0
cg10416312	7.0	8.0	10.0	11.0	9.0	10.0	7.0	10.0	8.0	10.0
cg10458600	6.0	9.0	8.0	10.0	7.0	10.0	8.0	10.0	7.0	10.0
cg10475683	0.0	0.0	1.0	0.0	1.0	0.0	1.0	0.0	0.0	0.0
cg10475778	8.0	8.0	9.0	10.0	9.0	8.0	10.0	6.0	9.0	3.0
cg10480329	6.0	9.0	9.0	10.0	9.0	10.0	8.0	10.0	9.0	10.0
cg10495047	0.0	0.0	3.0	0.0	1.0	1.0	1.0	2.0	3.0	0.0
cg10515688	0.0	2.0	2.0	3.0	2.0	7.0	0.0	9.0	5.0	3.0
cg10583651	6.0	7.0	7.0	10.0	6.0	9.0	5.0	8.0	6.0	7.0
cg10595031	7.0	7.0	7.0	7.0	8.0	8.0	10.0	10.0	8.0	3.0
cg10600600	6.0	7.0	7.0	7.0	5.0	6.0	7.0	8.0	5.0	7.0
cg10610725	3.0	2.0	3.0	1.0	3.0	2.0	2.0	4.0	1.0	0.0
cg10638769	5.0	8.0	8.0	11.0	8.0	10.0	7.0	9.0	9.0	10.0
cg10650821	5.0	4.0	4.0	5.0	0.0	1.0	4.0	1.0	2.0	0.0
cg10699171	3.0	4.0	2.0	5.0	4.0	3.0	4.0	0.0	2.0	0.0
cg10709729	7.0	8.0	8.0	8.0	9.0	7.0	10.0	10.0	9.0	3.0
cg10718835	8.0	10.0	10.0	9.0	9.0	8.0	10.0	7.0	10.0	10.0
cg10727316	0.0	2.0	1.0	3.0	2.0	4.0	0.0	7.0	1.0	10.0
cg10761804	1.0	2.0	2.0	0.0	5.0	3.0	4.0	6.0	5.0	0.0
cg10769072	0.0	2.0	1.0	0.0	2.0	3.0	2.0	6.0	5.0	0.0
cg10776839	6.0	9.0	8.0	11.0	9.0	10.0	8.0	10.0	9.0	10.0
cg10782139	8.0	10.0	10.0	11.0	10.0	10.0	10.0	10.0	10.0	10.0
cg10800833	0.0	1.0	2.0	1.0	1.0	3.0	1.0	6.0	4.0	0.0
cg10854528	8.0	10.0	10.0	9.0	9.0	8.0	10.0	7.0	10.0	7.0
cg10898971	8.0	9.0	7.0	8.0	8.0	6.0	10.0	7.0	9.0	3.0
cg10900543	8.0	9.0	8.0	11.0	8.0	7.0	9.0	4.0	6.0	10.0
cg10901900	1.0	1.0	3.0	1.0	0.0	1.0	2.0	3.0	4.0	0.0
cg10934350	2.0	2.0	3.0	4.0	4.0	3.0	3.0	5.0	2.0	0.0
cg10934870	7.0	8.0	9.0	10.0	10.0	10.0	9.0	10.0	10.0	0.0
cg10948186	7.0	8.0	8.0	8.0	10.0	10.0	9.0	10.0	10.0	3.0
cg10977890	0.0	1.0	0.0	2.0	1.0	0.0	1.0	0.0	0.0	0.0
cg11021927	8.0	9.0	7.0	9.0	10.0	7.0	10.0	8.0	6.0	10.0
cg11036669	3.0	4.0	6.0	3.0	3.0	4.0	4.0	5.0	3.0	10.0
cg11064980	1.0	1.0	0.0	0.0	1.0	0.0	1.0	0.0	0.0	0.0
cg11112605	6.0	9.0	5.0	9.0	8.0	6.0	8.0	8.0	6.0	10.0
cg11133963	6.0	7.0	8.0	7.0	9.0	8.0	7.0	7.0	7.0	10.0
cg11215274	7.0	9.0	9.0	10.0	9.0	9.0	9.0	8.0	7.0	10.0
cg11225266	6.0	9.0	9.0	9.0	10.0	9.0	9.0	10.0	9.0	10.0
cg11228682	2.0	2.0	2.0	2.0	2.0	2.0	2.0	0.0	0.0	7.0
cg11266582	5.0	8.0	7.0	8.0	8.0	7.0	7.0	9.0	8.0	10.0
cg11267205	6.0	9.0	8.0	11.0	10.0	10.0	7.0	9.0	10.0	10.0
cg11311865	3.0	2.0	4.0	2.0	4.0	2.0	5.0	1.0	0.0	0.0
cg11330681	7.0	9.0	9.0	10.0	9.0	10.0	10.0	10.0	10.0	3.0
cg11341610	3.0	2.0	1.0	3.0	2.0	0.0	2.0	0.0	1.0	0.0
cg11342429	0.0	0.0	0.0	0.0	0.0	0.0	0.0	0.0	0.0	0.0
cg11411904	3.0	3.0	1.0	2.0	3.0	3.0	3.0	4.0	4.0	0.0
cg11415852	8.0	9.0	8.0	9.0	10.0	9.0	9.0	8.0	8.0	0.0
cg11432630	3.0	4.0	4.0	3.0	0.0	2.0	3.0	3.0	4.0	10.0
cg11473412	8.0	8.0	9.0	8.0	8.0	6.0	10.0	3.0	9.0	3.0
cg11474081	3.0	3.0	2.0	5.0	1.0	1.0	3.0	0.0	2.0	0.0
cg11507059	6.0	5.0	6.0	8.0	6.0	6.0	6.0	6.0	4.0	10.0
cg11514965	1.0	1.0	1.0	3.0	1.0	3.0	0.0	0.0	2.0	0.0
cg11555752	7.0	10.0	8.0	9.0	9.0	7.0	9.0	5.0	8.0	10.0
cg11606229	6.0	8.0	9.0	9.0	8.0	7.0	9.0	10.0	9.0	10.0
cg11678039	7.0	8.0	9.0	11.0	7.0	10.0	6.0	10.0	8.0	10.0
cg11685391	1.0	1.0	3.0	1.0	1.0	1.0	2.0	2.0	2.0	10.0
cg11714010	0.0	0.0	2.0	0.0	1.0	1.0	1.0	2.0	2.0	0.0
cg11759703	1.0	2.0	2.0	4.0	4.0	2.0	3.0	3.0	1.0	7.0
cg11778706	8.0	9.0	10.0	11.0	9.0	8.0	10.0	6.0	9.0	10.0
cg11785812	4.0	5.0	5.0	1.0	5.0	6.0	7.0	5.0	6.0	0.0
cg11793573	5.0	4.0	2.0	0.0	5.0	2.0	7.0	5.0	3.0	0.0
cg11808745	1.0	1.0	1.0	0.0	1.0	0.0	2.0	0.0	0.0	0.0
cg11811510	1.0	2.0	2.0	2.0	1.0	1.0	2.0	3.0	3.0	0.0
cg11834951	6.0	8.0	8.0	9.0	9.0	10.0	10.0	10.0	10.0	3.0
cg11837076	1.0	0.0	1.0	1.0	1.0	0.0	0.0	0.0	0.0	0.0
cg11838359	6.0	7.0	10.0	9.0	9.0	9.0	7.0	10.0	7.0	10.0
cg11950777	7.0	10.0	9.0	11.0	8.0	10.0	9.0	10.0	9.0	10.0
cg11958949	4.0	4.0	5.0	7.0	5.0	5.0	5.0	3.0	4.0	0.0
cg11977361	6.0	8.0	9.0	7.0	8.0	5.0	9.0	7.0	9.0	10.0
cg12000228	8.0	9.0	9.0	10.0	10.0	10.0	10.0	10.0	10.0	0.0
cg12043508	8.0	9.0	9.0	9.0	10.0	8.0	9.0	10.0	8.0	10.0
cg12090885	7.0	8.0	9.0	10.0	8.0	10.0	7.0	10.0	8.0	10.0
cg12132133	0.0	1.0	3.0	4.0	2.0	7.0	1.0	5.0	4.0	0.0
cg12141898	6.0	7.0	8.0	9.0	8.0	10.0	7.0	9.0	10.0	10.0
cg12145099	6.0	10.0	9.0	9.0	8.0	10.0	10.0	10.0	9.0	10.0
cg12149703	1.0	1.0	2.0	0.0	1.0	0.0	3.0	1.0	1.0	0.0
cg12184988	7.0	10.0	7.0	10.0	9.0	8.0	9.0	10.0	10.0	10.0
cg12230869	8.0	9.0	9.0	10.0	10.0	10.0	10.0	10.0	10.0	3.0
cg12246203	7.0	9.0	8.0	10.0	9.0	8.0	10.0	10.0	10.0	10.0
cg12255554	5.0	6.0	8.0	9.0	8.0	10.0	6.0	9.0	10.0	10.0
cg12274567	8.0	9.0	10.0	10.0	9.0	10.0	10.0	10.0	10.0	10.0
cg12286428	7.0	6.0	4.0	8.0	6.0	5.0	5.0	4.0	1.0	3.0
cg12310881	7.0	8.0	10.0	7.0	9.0	9.0	10.0	10.0	8.0	10.0
cg12336540	0.0	0.0	1.0	1.0	0.0	1.0	0.0	2.0	3.0	0.0
cg12364074	1.0	1.0	3.0	2.0	0.0	3.0	2.0	2.0	4.0	0.0
cg12369481	5.0	7.0	6.0	8.0	6.0	8.0	7.0	9.0	7.0	10.0
cg12392667	2.0	1.0	4.0	2.0	3.0	4.0	2.0	0.0	2.0	0.0
cg12457604	7.0	8.0	9.0	9.0	9.0	10.0	10.0	10.0	10.0	10.0
cg12546414	7.0	7.0	6.0	9.0	9.0	9.0	6.0	7.0	6.0	0.0
cg12585851	6.0	7.0	7.0	8.0	7.0	10.0	9.0	10.0	10.0	0.0
cg12591454	7.0	10.0	8.0	9.0	10.0	10.0	9.0	10.0	9.0	10.0
cg12610832	0.0	0.0	0.0	0.0	0.0	0.0	0.0	0.0	0.0	0.0
cg12623364	0.0	0.0	0.0	2.0	1.0	2.0	0.0	3.0	0.0	0.0
cg12629186	6.0	8.0	8.0	10.0	8.0	10.0	8.0	10.0	10.0	10.0
cg12705326	7.0	9.0	10.0	11.0	9.0	10.0	9.0	10.0	10.0	10.0
cg12709196	3.0	5.0	4.0	3.0	3.0	4.0	3.0	1.0	2.0	0.0
cg12716601	3.0	5.0	3.0	4.0	2.0	5.0	3.0	5.0	4.0	0.0
cg12741645	1.0	1.0	0.0	0.0	1.0	0.0	1.0	0.0	0.0	0.0
cg12743031	2.0	2.0	1.0	2.0	1.0	0.0	3.0	0.0	2.0	0.0
cg12782654	3.0	4.0	4.0	5.0	1.0	2.0	4.0	2.0	5.0	7.0
cg12790664	2.0	2.0	4.0	1.0	1.0	0.0	3.0	1.0	1.0	0.0
cg12810503	1.0	1.0	0.0	3.0	1.0	2.0	1.0	3.0	1.0	0.0
cg12859373	2.0	2.0	2.0	2.0	0.0	2.0	2.0	3.0	3.0	0.0
cg12873119	6.0	7.0	8.0	8.0	7.0	10.0	8.0	10.0	9.0	10.0
cg12975667	4.0	2.0	5.0	5.0	3.0	3.0	1.0	5.0	2.0	10.0
cg13022312	1.0	3.0	4.0	1.0	1.0	1.0	4.0	3.0	5.0	7.0
cg13091627	1.0	3.0	1.0	1.0	1.0	2.0	3.0	0.0	4.0	0.0
cg13108141	0.0	0.0	0.0	0.0	0.0	0.0	0.0	0.0	0.0	0.0
cg13123771	4.0	8.0	7.0	8.0	7.0	7.0	9.0	10.0	8.0	10.0
cg13132267	8.0	9.0	8.0	8.0	8.0	8.0	9.0	7.0	10.0	3.0
cg13169863	8.0	10.0	9.0	11.0	10.0	10.0	10.0	10.0	9.0	10.0
cg13174406	2.0	1.0	2.0	1.0	1.0	0.0	2.0	1.0	0.0	3.0
cg13188892	7.0	9.0	9.0	11.0	10.0	10.0	8.0	9.0	10.0	7.0
cg13192487	1.0	0.0	0.0	0.0	1.0	0.0	0.0	0.0	0.0	0.0
cg13233688	1.0	2.0	2.0	1.0	3.0	2.0	2.0	4.0	2.0	3.0
cg13298405	7.0	10.0	8.0	11.0	10.0	10.0	9.0	10.0	9.0	10.0
cg13311440	2.0	0.0	1.0	0.0	2.0	0.0	0.0	0.0	1.0	0.0
cg13326482	0.0	0.0	0.0	1.0	0.0	0.0	1.0	0.0	0.0	0.0
cg13396060	6.0	7.0	9.0	6.0	9.0	7.0	9.0	7.0	9.0	0.0
cg13408344	2.0	4.0	2.0	1.0	6.0	4.0	7.0	4.0	3.0	0.0
cg13433278	2.0	3.0	3.0	2.0	2.0	4.0	2.0	5.0	3.0	3.0
cg13474790	1.0	1.0	2.0	3.0	1.0	1.0	2.0	0.0	2.0	0.0
cg13478400	8.0	9.0	9.0	10.0	7.0	8.0	9.0	10.0	10.0	10.0
cg13487687	7.0	10.0	10.0	11.0	9.0	10.0	10.0	10.0	10.0	10.0
cg13585320	5.0	5.0	6.0	8.0	8.0	6.0	5.0	7.0	2.0	10.0
cg13601650	7.0	8.0	8.0	10.0	10.0	10.0	8.0	9.0	10.0	0.0
cg13613174	4.0	6.0	8.0	10.0	6.0	10.0	3.0	9.0	8.0	10.0
cg13623108	0.0	0.0	1.0	0.0	0.0	0.0	0.0	0.0	1.0	0.0
cg13636189	1.0	0.0	0.0	1.0	2.0	0.0	1.0	0.0	1.0	0.0
cg13647520	2.0	4.0	1.0	1.0	4.0	4.0	3.0	4.0	5.0	0.0
cg13699412	6.0	8.0	9.0	9.0	9.0	9.0	8.0	10.0	9.0	10.0
cg13699845	0.0	0.0	0.0	0.0	0.0	0.0	0.0	0.0	0.0	0.0
cg13714475	2.0	2.0	2.0	1.0	5.0	0.0	5.0	0.0	2.0	0.0
cg13733008	7.0	9.0	9.0	11.0	10.0	10.0	8.0	9.0	10.0	10.0
cg13757832	5.0	7.0	9.0	8.0	9.0	9.0	8.0	10.0	9.0	7.0
cg13759894	7.0	9.0	8.0	9.0	9.0	8.0	9.0	10.0	10.0	10.0
cg13788583	0.0	2.0	1.0	1.0	1.0	4.0	0.0	4.0	3.0	0.0
cg13831483	8.0	9.0	10.0	10.0	9.0	8.0	9.0	6.0	9.0	10.0
cg13855589	7.0	9.0	9.0	10.0	9.0	8.0	10.0	10.0	8.0	10.0
cg13885867	8.0	10.0	10.0	11.0	10.0	10.0	10.0	10.0	10.0	10.0
cg13899478	0.0	1.0	2.0	1.0	0.0	2.0	0.0	0.0	3.0	0.0
cg13928417	0.0	0.0	0.0	0.0	1.0	0.0	1.0	0.0	0.0	0.0
cg13973666	2.0	2.0	3.0	2.0	4.0	4.0	2.0	0.0	2.0	0.0
cg13999188	0.0	1.0	2.0	1.0	1.0	2.0	0.0	4.0	2.0	0.0
cg14018617	7.0	8.0	9.0	10.0	9.0	10.0	8.0	10.0	8.0	10.0
cg14027234	4.0	7.0	7.0	10.0	9.0	10.0	5.0	9.0	8.0	10.0
cg14037240	0.0	1.0	1.0	1.0	0.0	2.0	0.0	0.0	2.0	0.0
cg14043316	4.0	6.0	8.0	9.0	8.0	8.0	7.0	6.0	8.0	10.0
cg14055887	6.0	8.0	7.0	9.0	7.0	6.0	8.0	6.0	9.0	3.0
cg14091149	6.0	7.0	8.0	10.0	7.0	10.0	6.0	10.0	10.0	3.0
cg14095431	0.0	0.0	0.0	0.0	0.0	0.0	0.0	0.0	0.0	0.0
cg14095525	7.0	9.0	10.0	8.0	7.0	8.0	10.0	7.0	10.0	10.0
cg14110920	6.0	8.0	8.0	10.0	6.0	6.0	8.0	10.0	6.0	7.0
cg14133557	6.0	7.0	6.0	8.0	8.0	8.0	8.0	9.0	10.0	10.0
cg14227558	1.0	2.0	2.0	4.0	3.0	2.0	2.0	3.0	2.0	7.0
cg14255417	2.0	1.0	0.0	0.0	2.0	0.0	1.0	0.0	0.0	0.0
cg14297410	3.0	2.0	3.0	2.0	3.0	2.0	1.0	0.0	3.0	0.0
cg14332439	1.0	1.0	0.0	0.0	2.0	0.0	2.0	0.0	2.0	0.0
cg14365488	6.0	8.0	7.0	8.0	8.0	7.0	9.0	10.0	9.0	10.0
cg14371571	1.0	1.0	1.0	1.0	1.0	0.0	1.0	0.0	0.0	0.0
cg14375890	3.0	3.0	2.0	1.0	2.0	0.0	5.0	1.0	1.0	0.0
cg14426596	5.0	4.0	3.0	6.0	5.0	4.0	5.0	6.0	4.0	0.0
cg14463395	8.0	10.0	9.0	11.0	10.0	10.0	10.0	10.0	9.0	10.0
cg14484844	5.0	3.0	3.0	6.0	4.0	5.0	2.0	3.0	2.0	0.0
cg14497465	7.0	10.0	9.0	10.0	10.0	10.0	8.0	10.0	10.0	10.0
cg14512975	7.0	8.0	8.0	8.0	10.0	10.0	9.0	10.0	10.0	3.0
cg14557721	7.0	8.0	8.0	8.0	7.0	8.0	8.0	10.0	8.0	10.0
cg14588638	0.0	0.0	1.0	0.0	1.0	2.0	0.0	0.0	0.0	0.0
cg14600450	8.0	10.0	10.0	11.0	10.0	10.0	10.0	10.0	10.0	10.0
cg14654849	7.0	9.0	10.0	11.0	10.0	10.0	9.0	10.0	10.0	10.0
cg14655471	8.0	9.0	9.0	10.0	10.0	10.0	10.0	10.0	10.0	0.0
cg14656127	7.0	9.0	10.0	9.0	9.0	10.0	8.0	10.0	9.0	10.0
cg14656948	8.0	9.0	10.0	9.0	7.0	6.0	9.0	3.0	9.0	10.0
cg14663208	5.0	7.0	5.0	9.0	9.0	10.0	6.0	9.0	10.0	3.0
cg14664187	2.0	2.0	1.0	3.0	0.0	1.0	0.0	0.0	1.0	0.0
cg14673722	7.0	9.0	8.0	9.0	8.0	6.0	9.0	7.0	9.0	10.0
cg14674171	2.0	3.0	4.0	1.0	3.0	3.0	4.0	7.0	6.0	0.0
cg14733053	2.0	2.0	3.0	1.0	4.0	1.0	3.0	2.0	5.0	7.0
cg14772800	0.0	3.0	1.0	1.0	4.0	3.0	3.0	6.0	5.0	0.0
cg14776168	7.0	9.0	10.0	8.0	7.0	8.0	10.0	7.0	10.0	10.0
cg14830270	0.0	0.0	0.0	0.0	0.0	0.0	0.0	0.0	0.0	3.0
cg14837810	7.0	4.0	8.0	7.0	6.0	6.0	6.0	6.0	5.0	3.0
cg14848575	3.0	5.0	5.0	6.0	3.0	5.0	3.0	4.0	8.0	7.0
cg14858784	8.0	10.0	9.0	11.0	9.0	8.0	10.0	10.0	10.0	7.0
cg14884931	7.0	10.0	10.0	11.0	9.0	10.0	10.0	10.0	10.0	7.0
cg14901879	7.0	9.0	8.0	10.0	10.0	8.0	9.0	10.0	8.0	10.0
cg14906459	5.0	7.0	8.0	10.0	8.0	10.0	8.0	10.0	9.0	3.0
cg14966453	5.0	6.0	7.0	9.0	8.0	7.0	5.0	5.0	5.0	10.0
cg15022277	7.0	9.0	9.0	10.0	8.0	8.0	9.0	10.0	9.0	10.0
cg15026609	5.0	8.0	7.0	9.0	8.0	8.0	8.0	10.0	9.0	10.0
cg15027815	2.0	0.0	0.0	1.0	2.0	0.0	1.0	0.0	0.0	0.0
cg15079206	5.0	4.0	4.0	3.0	2.0	2.0	7.0	3.0	6.0	0.0
cg15143370	1.0	1.0	3.0	4.0	2.0	4.0	1.0	2.0	4.0	3.0
cg15169266	6.0	9.0	9.0	11.0	8.0	10.0	8.0	10.0	10.0	10.0
cg15175038	7.0	10.0	9.0	11.0	10.0	10.0	9.0	10.0	10.0	10.0
cg15213052	8.0	7.0	9.0	9.0	8.0	8.0	10.0	6.0	9.0	3.0
cg15256315	4.0	3.0	2.0	6.0	2.0	3.0	1.0	0.0	4.0	3.0
cg15363053	6.0	8.0	8.0	7.0	9.0	7.0	9.0	10.0	9.0	10.0
cg15384400	1.0	1.0	3.0	3.0	1.0	2.0	1.0	0.0	0.0	0.0
cg15408905	2.0	3.0	2.0	4.0	4.0	2.0	5.0	3.0	3.0	0.0
cg15472145	2.0	2.0	3.0	1.0	1.0	1.0	2.0	2.0	2.0	0.0
cg15513001	7.0	9.0	7.0	9.0	9.0	9.0	8.0	8.0	8.0	10.0
cg15661018	8.0	10.0	9.0	11.0	10.0	10.0	10.0	10.0	9.0	7.0
cg15747256	1.0	2.0	3.0	1.0	3.0	3.0	1.0	6.0	4.0	7.0
cg15757195	5.0	7.0	8.0	10.0	9.0	10.0	6.0	9.0	10.0	10.0
cg15757430	2.0	3.0	3.0	2.0	2.0	4.0	2.0	5.0	3.0	0.0
cg15789789	6.0	7.0	9.0	8.0	9.0	9.0	8.0	9.0	9.0	10.0
cg15810023	6.0	7.0	7.0	10.0	9.0	8.0	6.0	9.0	8.0	10.0
cg15816978	2.0	1.0	0.0	0.0	3.0	0.0	2.0	0.0	0.0	0.0
cg15818729	7.0	7.0	9.0	8.0	7.0	10.0	8.0	10.0	9.0	3.0
cg15819551	7.0	10.0	7.0	10.0	8.0	8.0	10.0	10.0	9.0	10.0
cg15861806	7.0	9.0	9.0	11.0	10.0	10.0	8.0	9.0	10.0	10.0
cg15876825	7.0	10.0	9.0	11.0	10.0	10.0	9.0	10.0	10.0	10.0
cg15903883	2.0	6.0	6.0	4.0	4.0	7.0	1.0	6.0	6.0	7.0
cg15934644	8.0	8.0	9.0	10.0	8.0	8.0	7.0	10.0	6.0	10.0
cg15935925	8.0	10.0	9.0	10.0	10.0	10.0	10.0	10.0	10.0	10.0
cg15951740	3.0	5.0	3.0	3.0	5.0	2.0	6.0	5.0	1.0	0.0
cg16005070	7.0	8.0	10.0	8.0	9.0	9.0	10.0	10.0	9.0	10.0
cg16008150	7.0	8.0	9.0	10.0	9.0	10.0	8.0	10.0	8.0	10.0
cg16009632	2.0	2.0	1.0	2.0	1.0	1.0	2.0	0.0	1.0	0.0
cg16031671	0.0	1.0	0.0	2.0	1.0	0.0	1.0	0.0	0.0	0.0
cg16036025	2.0	0.0	2.0	1.0	2.0	0.0	2.0	0.0	0.0	0.0
cg16039954	6.0	8.0	8.0	10.0	10.0	10.0	8.0	10.0	10.0	0.0
cg16070350	5.0	6.0	8.0	9.0	7.0	6.0	9.0	6.0	7.0	3.0
cg16099687	0.0	2.0	1.0	1.0	1.0	0.0	2.0	0.0	2.0	10.0
cg16102040	7.0	9.0	9.0	11.0	9.0	10.0	8.0	10.0	10.0	10.0
cg16217672	8.0	9.0	8.0	10.0	8.0	8.0	8.0	10.0	8.0	10.0
cg16297569	1.0	1.0	2.0	0.0	1.0	2.0	1.0	0.0	1.0	0.0
cg16322427	2.0	1.0	1.0	0.0	2.0	0.0	3.0	0.0	0.0	0.0
cg16333210	4.0	7.0	7.0	7.0	9.0	9.0	8.0	9.0	9.0	7.0
cg16348076	7.0	9.0	8.0	10.0	7.0	8.0	7.0	10.0	9.0	10.0
cg16386158	7.0	8.0	9.0	8.0	8.0	7.0	10.0	10.0	9.0	10.0
cg16420024	8.0	9.0	8.0	10.0	10.0	10.0	10.0	10.0	9.0	0.0
cg16458838	7.0	10.0	9.0	10.0	9.0	10.0	10.0	10.0	10.0	10.0
cg16495530	6.0	7.0	8.0	8.0	10.0	9.0	8.0	9.0	9.0	3.0
cg16495681	6.0	8.0	7.0	10.0	9.0	8.0	8.0	9.0	10.0	10.0
cg16509531	5.0	7.0	7.0	10.0	8.0	10.0	4.0	9.0	8.0	10.0
cg16550651	8.0	8.0	8.0	9.0	8.0	10.0	9.0	10.0	10.0	0.0
cg16576285	1.0	2.0	2.0	1.0	0.0	2.0	2.0	1.0	2.0	0.0
cg16592434	1.0	1.0	1.0	0.0	1.0	2.0	1.0	4.0	1.0	0.0
cg16596052	7.0	9.0	8.0	9.0	9.0	8.0	10.0	10.0	8.0	10.0
cg16621591	8.0	8.0	8.0	10.0	7.0	8.0	7.0	6.0	6.0	10.0
cg16630762	1.0	1.0	2.0	1.0	3.0	0.0	4.0	0.0	3.0	0.0
cg16648971	2.0	1.0	1.0	2.0	1.0	2.0	0.0	2.0	3.0	0.0
cg16669099	6.0	6.0	6.0	8.0	7.0	5.0	8.0	3.0	5.0	10.0
cg16670376	3.0	4.0	2.0	4.0	2.0	3.0	0.0	4.0	2.0	10.0
cg16694480	4.0	3.0	7.0	3.0	4.0	3.0	7.0	3.0	4.0	7.0
cg16742028	1.0	1.0	0.0	0.0	0.0	0.0	1.0	0.0	0.0	0.0
cg16753353	7.0	7.0	7.0	9.0	7.0	6.0	9.0	10.0	7.0	10.0
cg16777216	8.0	9.0	9.0	10.0	10.0	10.0	10.0	10.0	10.0	0.0
cg16781484	8.0	10.0	10.0	10.0	10.0	10.0	10.0	10.0	9.0	10.0
cg16786843	8.0	10.0	10.0	9.0	9.0	8.0	10.0	7.0	10.0	7.0
cg16827313	1.0	1.0	0.0	0.0	1.0	0.0	1.0	0.0	0.0	0.0
cg16893868	0.0	0.0	0.0	0.0	0.0	0.0	0.0	0.0	0.0	0.0
cg16919680	2.0	3.0	1.0	4.0	3.0	2.0	3.0	3.0	3.0	10.0
cg16966909	8.0	10.0	9.0	10.0	9.0	8.0	10.0	10.0	9.0	7.0
cg17035174	2.0	4.0	4.0	4.0	3.0	2.0	7.0	1.0	6.0	3.0
cg17039369	0.0	0.0	0.0	0.0	0.0	0.0	0.0	0.0	0.0	0.0
cg17047253	8.0	9.0	9.0	9.0	10.0	8.0	9.0	10.0	8.0	10.0
cg17059181	8.0	9.0	9.0	10.0	10.0	10.0	10.0	10.0	10.0	0.0
cg17062760	6.0	8.0	6.0	8.0	8.0	7.0	8.0	10.0	8.0	10.0
cg17080168	0.0	0.0	1.0	0.0	0.0	1.0	0.0	2.0	2.0	0.0
cg17116998	7.0	8.0	9.0	11.0	8.0	10.0	6.0	10.0	8.0	10.0
cg17148532	1.0	0.0	0.0	0.0	2.0	0.0	1.0	0.0	0.0	3.0
cg17155111	7.0	9.0	9.0	10.0	10.0	10.0	10.0	10.0	10.0	10.0
cg17155829	3.0	3.0	4.0	5.0	4.0	3.0	4.0	0.0	3.0	3.0
cg17173604	3.0	2.0	2.0	1.0	3.0	1.0	2.0	3.0	2.0	0.0
cg17248730	3.0	2.0	2.0	1.0	2.0	2.0	1.0	4.0	1.0	0.0
cg17261469	8.0	10.0	7.0	11.0	8.0	8.0	9.0	10.0	9.0	10.0
cg17291906	7.0	9.0	8.0	10.0	7.0	10.0	8.0	10.0	10.0	3.0
cg17333501	2.0	3.0	2.0	1.0	4.0	4.0	3.0	4.0	2.0	0.0
cg17343120	0.0	1.0	0.0	0.0	1.0	0.0	2.0	0.0	2.0	0.0
cg17371857	8.0	9.0	10.0	10.0	9.0	10.0	10.0	10.0	10.0	10.0
cg17374802	5.0	7.0	8.0	6.0	6.0	3.0	9.0	3.0	8.0	10.0
cg17379926	0.0	2.0	3.0	2.0	1.0	2.0	1.0	0.0	2.0	10.0
cg17413540	5.0	9.0	5.0	9.0	7.0	7.0	8.0	8.0	5.0	10.0
cg17458390	1.0	2.0	2.0	3.0	1.0	2.0	0.0	0.0	3.0	7.0
cg17459743	0.0	0.0	1.0	2.0	1.0	2.0	0.0	3.0	1.0	0.0
cg17473266	0.0	0.0	0.0	1.0	0.0	0.0	0.0	0.0	1.0	0.0
cg17475883	0.0	2.0	0.0	1.0	2.0	2.0	0.0	4.0	1.0	0.0
cg17487741	8.0	8.0	8.0	7.0	9.0	6.0	10.0	7.0	8.0	0.0
cg17491554	8.0	9.0	9.0	9.0	10.0	10.0	10.0	10.0	9.0	0.0
cg17518643	7.0	9.0	8.0	10.0	7.0	8.0	8.0	10.0	8.0	10.0
cg17522929	7.0	8.0	8.0	8.0	8.0	7.0	9.0	5.0	8.0	3.0
cg17524382	8.0	9.0	9.0	9.0	10.0	8.0	9.0	10.0	8.0	10.0
cg17526357	6.0	8.0	8.0	8.0	9.0	7.0	7.0	9.0	9.0	7.0
cg17559642	6.0	7.0	8.0	8.0	9.0	7.0	10.0	6.0	7.0	10.0
cg17566716	8.0	9.0	9.0	7.0	9.0	8.0	10.0	7.0	9.0	3.0
cg17599983	7.0	10.0	9.0	9.0	7.0	8.0	9.0	7.0	10.0	7.0
cg17636851	7.0	8.0	8.0	11.0	8.0	9.0	6.0	8.0	6.0	7.0
cg17667113	8.0	10.0	9.0	11.0	10.0	9.0	10.0	8.0	8.0	10.0
cg17682828	0.0	1.0	1.0	1.0	0.0	2.0	0.0	0.0	2.0	0.0
cg17688072	8.0	8.0	9.0	10.0	9.0	10.0	8.0	10.0	8.0	0.0
cg17689473	1.0	2.0	2.0	1.0	2.0	2.0	4.0	0.0	4.0	0.0
cg17691428	0.0	0.0	0.0	0.0	0.0	0.0	0.0	0.0	0.0	0.0
cg17701258	1.0	1.0	1.0	1.0	0.0	1.0	2.0	2.0	2.0	0.0
cg17717565	6.0	7.0	8.0	8.0	7.0	7.0	8.0	10.0	9.0	3.0
cg17808849	1.0	0.0	1.0	1.0	2.0	0.0	1.0	0.0	0.0	0.0
cg17821137	0.0	0.0	0.0	1.0	0.0	0.0	1.0	0.0	0.0	0.0
cg17846460	1.0	0.0	1.0	1.0	1.0	1.0	1.0	2.0	2.0	3.0
cg17851021	7.0	9.0	9.0	10.0	9.0	8.0	10.0	10.0	8.0	10.0
cg17976620	7.0	9.0	8.0	9.0	8.0	9.0	7.0	8.0	6.0	7.0
cg17985505	8.0	10.0	10.0	11.0	10.0	10.0	10.0	10.0	10.0	10.0
cg18082735	1.0	1.0	2.0	1.0	1.0	2.0	2.0	0.0	2.0	0.0
cg18133309	4.0	5.0	6.0	4.0	5.0	3.0	6.0	3.0	6.0	0.0
cg18144849	6.0	9.0	8.0	11.0	7.0	10.0	6.0	10.0	7.0	10.0
cg18152211	7.0	6.0	7.0	9.0	8.0	6.0	6.0	5.0	5.0	10.0
cg18158438	5.0	5.0	2.0	4.0	8.0	7.0	5.0	7.0	4.0	3.0
cg18254053	7.0	6.0	9.0	8.0	8.0	6.0	9.0	6.0	6.0	10.0
cg18327204	5.0	7.0	8.0	9.0	8.0	10.0	8.0	10.0	10.0	10.0
cg18361915	7.0	9.0	9.0	9.0	8.0	7.0	9.0	10.0	9.0	10.0
cg18367488	7.0	9.0	10.0	8.0	10.0	9.0	9.0	10.0	9.0	10.0
cg18405880	8.0	10.0	10.0	10.0	10.0	10.0	10.0	10.0	9.0	7.0
cg18445718	7.0	7.0	7.0	9.0	9.0	10.0	8.0	9.0	9.0	3.0
cg18465149	6.0	9.0	8.0	11.0	10.0	10.0	7.0	9.0	10.0	10.0
cg18505004	8.0	9.0	8.0	10.0	9.0	8.0	10.0	10.0	10.0	0.0
cg18543312	8.0	9.0	10.0	11.0	9.0	10.0	8.0	10.0	8.0	7.0
cg18550847	6.0	8.0	8.0	7.0	9.0	7.0	9.0	10.0	9.0	10.0
cg18559386	2.0	5.0	5.0	10.0	2.0	5.0	0.0	3.0	5.0	10.0
cg18582631	8.0	7.0	7.0	9.0	6.0	5.0	9.0	4.0	7.0	3.0
cg18585849	8.0	9.0	9.0	11.0	9.0	8.0	10.0	6.0	8.0	10.0
cg18624930	2.0	1.0	3.0	3.0	2.0	3.0	1.0	2.0	3.0	0.0
cg18672880	8.0	8.0	9.0	10.0	7.0	6.0	10.0	6.0	9.0	10.0
cg18687845	5.0	6.0	7.0	8.0	7.0	6.0	7.0	8.0	2.0	7.0
cg18688142	2.0	2.0	4.0	3.0	3.0	3.0	3.0	0.0	2.0	3.0
cg18705895	2.0	4.0	3.0	4.0	5.0	5.0	3.0	9.0	5.0	0.0
cg18718503	7.0	9.0	10.0	9.0	9.0	9.0	9.0	10.0	9.0	7.0
cg18750819	8.0	9.0	10.0	11.0	9.0	10.0	8.0	10.0	8.0	10.0
cg18775804	8.0	9.0	9.0	11.0	9.0	7.0	10.0	4.0	7.0	10.0
cg18786809	6.0	6.0	10.0	9.0	8.0	7.0	7.0	6.0	6.0	10.0
cg18796478	8.0	9.0	9.0	11.0	8.0	8.0	9.0	6.0	9.0	10.0
cg18833482	4.0	4.0	5.0	3.0	3.0	2.0	5.0	1.0	4.0	7.0
cg18850343	0.0	0.0	0.0	0.0	0.0	0.0	0.0	0.0	0.0	0.0
cg18894097	2.0	3.0	3.0	2.0	3.0	2.0	2.0	0.0	2.0	10.0
cg18935353	4.0	6.0	6.0	2.0	5.0	5.0	6.0	6.0	6.0	7.0
cg18948661	7.0	8.0	9.0	7.0	8.0	8.0	7.0	6.0	10.0	10.0
cg18993911	8.0	9.0	9.0	10.0	10.0	10.0	10.0	10.0	10.0	3.0
cg19006135	4.0	5.0	6.0	8.0	5.0	4.0	4.0	3.0	3.0	10.0
cg19033466	2.0	1.0	1.0	0.0	3.0	2.0	2.0	4.0	1.0	0.0
cg19060203	5.0	9.0	8.0	10.0	9.0	10.0	9.0	10.0	10.0	10.0
cg19064792	2.0	4.0	3.0	4.0	4.0	4.0	3.0	8.0	2.0	3.0
cg19215003	1.0	0.0	0.0	0.0	1.0	0.0	0.0	0.0	0.0	0.0
cg19220206	7.0	9.0	7.0	11.0	9.0	7.0	9.0	4.0	6.0	10.0
cg19261633	6.0	8.0	8.0	10.0	8.0	10.0	6.0	9.0	10.0	10.0
cg19329549	1.0	2.0	0.0	0.0	1.0	0.0	3.0	0.0	2.0	0.0
cg19371349	2.0	1.0	1.0	2.0	1.0	1.0	0.0	0.0	2.0	0.0
cg19434673	8.0	9.0	9.0	10.0	10.0	10.0	10.0	10.0	10.0	0.0
cg19435547	7.0	9.0	9.0	9.0	8.0	10.0	10.0	10.0	10.0	7.0
cg19486047	7.0	9.0	9.0	10.0	10.0	10.0	10.0	10.0	10.0	10.0
cg19555405	1.0	0.0	0.0	0.0	1.0	0.0	0.0	0.0	0.0	0.0
cg19594156	1.0	1.0	1.0	1.0	1.0	0.0	1.0	0.0	0.0	0.0
cg19656615	7.0	8.0	8.0	9.0	7.0	10.0	6.0	10.0	9.0	10.0
cg19706185	5.0	7.0	9.0	7.0	8.0	9.0	6.0	10.0	8.0	10.0
cg19767562	1.0	1.0	1.0	0.0	0.0	0.0	2.0	1.0	0.0	0.0
cg19788934	7.0	8.0	8.0	9.0	7.0	5.0	9.0	6.0	8.0	10.0
cg19802638	6.0	8.0	9.0	7.0	10.0	9.0	9.0	10.0	9.0	10.0
cg19805435	5.0	7.0	8.0	7.0	10.0	9.0	7.0	9.0	9.0	10.0
cg19807446	1.0	1.0	2.0	0.0	0.0	1.0	2.0	3.0	2.0	0.0
cg19850895	7.0	10.0	10.0	11.0	8.0	10.0	9.0	10.0	10.0	10.0
cg19856897	2.0	2.0	0.0	3.0	0.0	1.0	1.0	0.0	2.0	0.0
cg19861222	8.0	9.0	10.0	11.0	8.0	8.0	9.0	6.0	9.0	10.0
cg19880425	0.0	2.0	3.0	1.0	2.0	7.0	0.0	6.0	5.0	0.0
cg19918549	0.0	0.0	0.0	1.0	0.0	0.0	1.0	0.0	0.0	0.0
cg19929822	6.0	6.0	6.0	7.0	4.0	6.0	5.0	3.0	6.0	10.0
cg19932887	7.0	10.0	10.0	11.0	9.0	10.0	10.0	10.0	10.0	10.0
cg19935718	1.0	1.0	2.0	0.0	2.0	2.0	2.0	0.0	0.0	0.0
cg19959921	7.0	9.0	9.0	8.0	7.0	8.0	8.0	7.0	9.0	10.0
cg20006618	8.0	9.0	8.0	10.0	9.0	8.0	10.0	10.0	10.0	0.0
cg20029347	1.0	1.0	2.0	0.0	2.0	2.0	2.0	4.0	2.0	0.0
cg20030158	7.0	9.0	9.0	11.0	9.0	10.0	8.0	10.0	10.0	10.0
cg20066792	2.0	4.0	2.0	4.0	3.0	6.0	1.0	7.0	3.0	10.0
cg20172724	1.0	1.0	0.0	0.0	1.0	0.0	2.0	0.0	0.0	0.0
cg20191924	7.0	9.0	10.0	11.0	9.0	10.0	9.0	10.0	10.0	10.0
cg20201669	1.0	0.0	1.0	1.0	0.0	0.0	2.0	0.0	0.0	0.0
cg20237547	0.0	1.0	0.0	0.0	1.0	2.0	0.0	4.0	1.0	0.0
cg20276144	7.0	9.0	8.0	8.0	9.0	6.0	9.0	7.0	8.0	10.0
cg20315954	7.0	9.0	10.0	9.0	10.0	9.0	10.0	10.0	9.0	10.0
cg20330224	6.0	10.0	10.0	11.0	8.0	10.0	10.0	10.0	10.0	10.0
cg20433365	6.0	9.0	8.0	11.0	9.0	9.0	7.0	8.0	8.0	10.0
cg20471600	0.0	2.0	2.0	2.0	1.0	0.0	2.0	0.0	4.0	10.0
cg20505490	8.0	9.0	8.0	8.0	9.0	7.0	10.0	5.0	8.0	3.0
cg20510225	1.0	0.0	1.0	1.0	1.0	0.0	0.0	0.0	0.0	0.0
cg20517277	1.0	1.0	2.0	2.0	1.0	1.0	2.0	2.0	2.0	3.0
cg20600379	1.0	3.0	4.0	1.0	3.0	5.0	4.0	2.0	6.0	0.0
cg20608786	6.0	9.0	7.0	8.0	6.0	6.0	9.0	7.0	7.0	10.0
cg20641531	6.0	8.0	9.0	9.0	9.0	10.0	9.0	10.0	9.0	10.0
cg20652042	6.0	8.0	9.0	9.0	7.0	10.0	6.0	10.0	10.0	10.0
cg20695119	7.0	7.0	8.0	8.0	8.0	7.0	7.0	5.0	6.0	0.0
cg20716064	0.0	0.0	0.0	0.0	0.0	0.0	0.0	0.0	0.0	0.0
cg20728464	1.0	1.0	0.0	0.0	0.0	0.0	1.0	0.0	0.0	0.0
cg20806436	8.0	10.0	10.0	9.0	9.0	8.0	10.0	7.0	10.0	7.0
cg20809427	1.0	0.0	0.0	2.0	2.0	2.0	0.0	3.0	0.0	0.0
cg20811072	0.0	0.0	0.0	0.0	1.0	0.0	1.0	0.0	0.0	0.0
cg20813776	7.0	9.0	7.0	10.0	10.0	9.0	9.0	8.0	8.0	3.0
cg20898725	3.0	3.0	3.0	1.0	3.0	2.0	3.0	0.0	0.0	0.0
cg20922366	8.0	10.0	10.0	11.0	10.0	10.0	10.0	10.0	10.0	7.0
cg21015019	8.0	7.0	9.0	10.0	8.0	8.0	8.0	6.0	7.0	0.0
cg21057467	6.0	6.0	5.0	8.0	8.0	6.0	8.0	9.0	7.0	10.0
cg21059158	8.0	10.0	10.0	11.0	10.0	10.0	10.0	10.0	10.0	10.0
cg21091766	5.0	7.0	7.0	7.0	8.0	7.0	7.0	8.0	5.0	7.0
cg21110034	0.0	0.0	1.0	1.0	0.0	0.0	0.0	0.0	0.0	0.0
cg21114453	7.0	9.0	9.0	10.0	8.0	10.0	8.0	10.0	8.0	10.0
cg21129261	8.0	9.0	7.0	10.0	9.0	7.0	10.0	8.0	8.0	3.0
cg21165029	5.0	7.0	9.0	4.0	7.0	7.0	7.0	7.0	8.0	10.0
cg21235018	2.0	1.0	1.0	2.0	0.0	1.0	1.0	0.0	1.0	0.0
cg21281164	7.0	9.0	9.0	9.0	10.0	10.0	9.0	10.0	10.0	10.0
cg21297965	6.0	7.0	6.0	7.0	6.0	7.0	7.0	8.0	8.0	10.0
cg21298750	1.0	1.0	2.0	1.0	3.0	2.0	2.0	0.0	0.0	0.0
cg21301319	7.0	8.0	9.0	6.0	9.0	7.0	10.0	7.0	9.0	0.0
cg21306540	0.0	1.0	3.0	1.0	0.0	1.0	0.0	2.0	3.0	7.0
cg21308993	7.0	9.0	10.0	9.0	10.0	9.0	10.0	10.0	9.0	10.0
cg21361021	1.0	0.0	0.0	3.0	2.0	2.0	0.0	3.0	1.0	0.0
cg21365733	6.0	7.0	8.0	8.0	9.0	9.0	8.0	9.0	8.0	7.0
cg21515671	0.0	1.0	1.0	2.0	0.0	0.0	1.0	0.0	0.0	7.0
cg21531033	8.0	9.0	9.0	8.0	9.0	8.0	10.0	7.0	10.0	0.0
cg21531416	8.0	9.0	9.0	10.0	10.0	10.0	10.0	10.0	10.0	3.0
cg21566773	6.0	8.0	9.0	10.0	9.0	10.0	7.0	9.0	9.0	10.0
cg21572731	1.0	2.0	1.0	4.0	2.0	4.0	2.0	5.0	5.0	0.0
cg21580885	7.0	10.0	8.0	10.0	10.0	10.0	9.0	10.0	10.0	10.0
cg21600626	6.0	9.0	7.0	11.0	10.0	10.0	7.0	9.0	9.0	10.0
cg21618197	3.0	3.0	2.0	1.0	5.0	4.0	4.0	5.0	2.0	0.0
cg21634264	0.0	1.0	0.0	1.0	2.0	0.0	1.0	0.0	0.0	3.0
cg21640060	1.0	2.0	1.0	4.0	4.0	2.0	1.0	3.0	0.0	7.0
cg21655750	8.0	9.0	10.0	11.0	9.0	8.0	10.0	6.0	9.0	10.0
cg21685138	1.0	2.0	2.0	4.0	4.0	6.0	0.0	7.0	2.0	7.0
cg21710377	2.0	3.0	3.0	9.0	1.0	3.0	1.0	3.0	2.0	7.0
cg21714044	2.0	5.0	3.0	5.0	3.0	6.0	2.0	6.0	9.0	10.0
cg21767619	3.0	3.0	2.0	3.0	3.0	3.0	3.0	0.0	2.0	0.0
cg21776667	7.0	7.0	8.0	8.0	9.0	8.0	9.0	6.0	9.0	3.0
cg21781671	8.0	10.0	10.0	8.0	9.0	8.0	9.0	7.0	10.0	10.0
cg21782213	7.0	9.0	9.0	11.0	7.0	8.0	9.0	6.0	9.0	10.0
cg21796654	3.0	5.0	4.0	3.0	4.0	4.0	4.0	5.0	3.0	10.0
cg21822146	8.0	9.0	9.0	8.0	8.0	8.0	9.0	7.0	10.0	0.0
cg21857449	7.0	9.0	8.0	10.0	8.0	7.0	10.0	4.0	7.0	10.0
cg21889405	3.0	4.0	5.0	2.0	2.0	3.0	5.0	3.0	5.0	0.0
cg21892407	5.0	3.0	3.0	1.0	3.0	1.0	2.0	2.0	3.0	0.0
cg21913632	3.0	4.0	2.0	3.0	3.0	0.0	5.0	1.0	1.0	3.0
cg21927637	7.0	9.0	8.0	11.0	9.0	8.0	8.0	9.0	10.0	10.0
cg22031103	7.0	7.0	9.0	9.0	8.0	6.0	8.0	4.0	4.0	10.0
cg22034357	6.0	8.0	6.0	9.0	8.0	6.0	7.0	7.0	6.0	10.0
cg22034554	2.0	1.0	2.0	0.0	2.0	3.0	1.0	6.0	3.0	0.0
cg22043544	8.0	10.0	8.0	11.0	10.0	9.0	10.0	8.0	7.0	10.0
cg22053084	0.0	0.0	0.0	0.0	0.0	0.0	0.0	0.0	0.0	0.0
cg22053687	7.0	8.0	9.0	10.0	9.0	8.0	10.0	6.0	9.0	10.0
cg22149742	8.0	10.0	10.0	10.0	10.0	10.0	9.0	10.0	10.0	10.0
cg22209098	7.0	8.0	8.0	9.0	8.0	9.0	7.0	8.0	6.0	3.0
cg22236626	2.0	4.0	2.0	1.0	3.0	1.0	5.0	3.0	4.0	0.0
cg22272473	3.0	3.0	3.0	5.0	3.0	5.0	3.0	5.0	3.0	0.0
cg22275570	1.0	0.0	0.0	0.0	1.0	0.0	0.0	0.0	0.0	0.0
cg22277972	0.0	0.0	0.0	0.0	0.0	0.0	0.0	0.0	0.0	0.0
cg22317385	4.0	4.0	3.0	5.0	3.0	3.0	4.0	0.0	2.0	0.0
cg22322597	1.0	1.0	1.0	2.0	0.0	1.0	0.0	0.0	2.0	0.0
cg22324641	7.0	9.0	8.0	9.0	10.0	10.0	10.0	10.0	10.0	10.0
cg22335876	1.0	1.0	1.0	0.0	0.0	0.0	2.0	1.0	0.0	3.0
cg22449583	5.0	6.0	6.0	5.0	8.0	7.0	8.0	10.0	6.0	3.0
cg22488278	7.0	8.0	8.0	10.0	8.0	9.0	7.0	7.0	8.0	10.0
cg22549335	8.0	10.0	10.0	11.0	10.0	10.0	10.0	10.0	10.0	10.0
cg22572158	8.0	9.0	9.0	9.0	8.0	5.0	10.0	1.0	7.0	10.0
cg22577252	8.0	9.0	9.0	11.0	8.0	7.0	9.0	4.0	7.0	10.0
cg22581137	7.0	9.0	10.0	9.0	8.0	8.0	9.0	7.0	10.0	7.0
cg22584802	2.0	2.0	2.0	2.0	1.0	2.0	0.0	0.0	2.0	3.0
cg22613732	7.0	9.0	10.0	11.0	10.0	10.0	9.0	10.0	10.0	10.0
cg22653279	0.0	2.0	1.0	0.0	2.0	3.0	2.0	6.0	5.0	0.0
cg22710544	8.0	8.0	9.0	8.0	8.0	8.0	6.0	10.0	5.0	10.0
cg22714798	7.0	9.0	10.0	10.0	8.0	10.0	10.0	10.0	10.0	10.0
cg22757418	7.0	9.0	10.0	9.0	9.0	8.0	9.0	7.0	10.0	10.0
cg22791839	2.0	3.0	1.0	2.0	3.0	0.0	6.0	0.0	3.0	0.0
cg22833382	0.0	0.0	2.0	2.0	2.0	2.0	1.0	3.0	1.0	0.0
cg22854419	2.0	2.0	3.0	3.0	2.0	3.0	3.0	6.0	2.0	3.0
cg22868237	8.0	7.0	8.0	8.0	6.0	5.0	7.0	1.0	5.0	0.0
cg22888181	0.0	1.0	0.0	0.0	1.0	2.0	0.0	4.0	1.0	3.0
cg22897715	2.0	2.0	2.0	0.0	2.0	2.0	2.0	5.0	2.0	0.0
cg22962965	3.0	4.0	4.0	3.0	6.0	2.0	6.0	1.0	4.0	0.0
cg23045908	0.0	2.0	1.0	3.0	1.0	0.0	1.0	0.0	0.0	7.0
cg23084667	4.0	7.0	4.0	7.0	5.0	6.0	6.0	6.0	6.0	10.0
cg23160742	7.0	8.0	8.0	10.0	10.0	9.0	9.0	8.0	8.0	3.0
cg23183121	0.0	3.0	1.0	3.0	3.0	2.0	4.0	0.0	4.0	0.0
cg23199601	0.0	0.0	0.0	0.0	1.0	0.0	1.0	0.0	0.0	0.0
cg23357708	0.0	2.0	2.0	3.0	4.0	4.0	3.0	3.0	2.0	10.0
cg23359742	4.0	4.0	4.0	4.0	5.0	2.0	5.0	3.0	6.0	0.0
cg23368159	0.0	0.0	1.0	0.0	1.0	0.0	1.0	0.0	0.0	0.0
cg23390360	7.0	8.0	9.0	10.0	8.0	10.0	8.0	10.0	10.0	10.0
cg23416131	7.0	8.0	8.0	8.0	10.0	10.0	9.0	10.0	10.0	3.0
cg23451129	8.0	9.0	7.0	10.0	9.0	8.0	10.0	10.0	9.0	0.0
cg23509869	4.0	5.0	3.0	4.0	4.0	2.0	6.0	1.0	1.0	3.0
cg23517035	8.0	9.0	9.0	11.0	9.0	7.0	10.0	4.0	7.0	7.0
cg23520422	2.0	2.0	6.0	3.0	2.0	2.0	3.0	0.0	1.0	7.0
cg23626895	8.0	10.0	10.0	11.0	10.0	10.0	10.0	10.0	10.0	10.0
cg23633330	3.0	5.0	2.0	2.0	4.0	3.0	6.0	6.0	5.0	0.0
cg23663698	5.0	5.0	6.0	9.0	5.0	6.0	5.0	5.0	7.0	0.0
cg23719713	7.0	9.0	6.0	9.0	9.0	10.0	8.0	10.0	9.0	3.0
cg23737049	5.0	8.0	8.0	11.0	9.0	9.0	7.0	8.0	8.0	10.0
cg23760254	7.0	9.0	9.0	8.0	8.0	8.0	10.0	7.0	10.0	3.0
cg23788058	4.0	5.0	7.0	5.0	6.0	9.0	5.0	9.0	6.0	10.0
cg23823732	2.0	0.0	2.0	0.0	1.0	1.0	1.0	2.0	2.0	0.0
cg23831998	0.0	0.0	1.0	0.0	1.0	0.0	1.0	0.0	0.0	0.0
cg23850174	1.0	2.0	4.0	1.0	2.0	1.0	4.0	2.0	5.0	7.0
cg23856536	1.0	0.0	1.0	0.0	1.0	0.0	0.0	0.0	1.0	0.0
cg23883802	6.0	7.0	9.0	8.0	10.0	7.0	9.0	10.0	7.0	10.0
cg23950233	2.0	2.0	3.0	4.0	3.0	5.0	1.0	5.0	4.0	0.0
cg23966363	2.0	3.0	2.0	1.0	1.0	2.0	2.0	5.0	1.0	0.0
cg23980295	8.0	9.0	9.0	9.0	9.0	10.0	10.0	10.0	8.0	10.0
cg23990557	6.0	8.0	8.0	8.0	9.0	7.0	9.0	10.0	9.0	10.0
cg24031653	8.0	10.0	10.0	9.0	9.0	8.0	10.0	7.0	10.0	10.0
cg24035164	1.0	3.0	3.0	3.0	1.0	4.0	0.0	6.0	5.0	7.0
cg24084719	0.0	0.0	1.0	2.0	0.0	0.0	1.0	0.0	0.0	3.0
cg24106880	7.0	9.0	6.0	10.0	8.0	7.0	8.0	8.0	8.0	10.0
cg24111259	7.0	7.0	7.0	10.0	7.0	7.0	7.0	4.0	4.0	10.0
cg24164702	0.0	0.0	1.0	0.0	0.0	1.0	0.0	2.0	2.0	0.0
cg24202817	4.0	7.0	7.0	6.0	5.0	5.0	5.0	6.0	8.0	10.0
cg24219974	6.0	6.0	5.0	3.0	5.0	4.0	8.0	5.0	3.0	0.0
cg24309788	8.0	9.0	9.0	11.0	9.0	7.0	10.0	4.0	7.0	10.0
cg24344074	2.0	3.0	2.0	1.0	1.0	1.0	2.0	2.0	2.0	10.0
cg24363415	1.0	0.0	1.0	0.0	0.0	0.0	1.0	0.0	0.0	0.0
cg24380380	2.0	3.0	3.0	5.0	4.0	6.0	1.0	7.0	3.0	0.0
cg24420338	3.0	5.0	3.0	5.0	4.0	4.0	6.0	8.0	1.0	7.0
cg24467291	1.0	1.0	0.0	2.0	0.0	1.0	0.0	0.0	1.0	0.0
cg24481177	5.0	8.0	8.0	9.0	6.0	7.0	8.0	10.0	9.0	7.0
cg24501859	7.0	9.0	9.0	9.0	10.0	10.0	9.0	10.0	10.0	10.0
cg24515352	1.0	3.0	2.0	5.0	3.0	4.0	1.0	3.0	1.0	7.0
cg24557547	6.0	7.0	9.0	9.0	6.0	6.0	7.0	6.0	5.0	10.0
cg24577873	1.0	1.0	0.0	2.0	0.0	1.0	0.0	0.0	1.0	3.0
cg24585833	8.0	9.0	10.0	10.0	9.0	10.0	10.0	10.0	10.0	10.0
cg24609140	7.0	9.0	8.0	11.0	9.0	8.0	9.0	6.0	8.0	10.0
cg24618999	0.0	1.0	0.0	0.0	1.0	2.0	0.0	4.0	1.0	0.0
cg24626542	8.0	9.0	10.0	11.0	9.0	10.0	8.0	10.0	8.0	10.0
cg24691891	8.0	10.0	9.0	10.0	10.0	10.0	10.0	10.0	10.0	10.0
cg24736010	8.0	9.0	10.0	10.0	9.0	8.0	9.0	6.0	9.0	10.0
cg24756631	0.0	0.0	1.0	0.0	1.0	2.0	0.0	0.0	0.0	0.0
cg24760187	2.0	3.0	2.0	2.0	2.0	2.0	1.0	0.0	2.0	7.0
cg24777176	1.0	0.0	1.0	0.0	0.0	0.0	1.0	0.0	0.0	3.0
cg24819035	0.0	2.0	1.0	2.0	1.0	2.0	3.0	0.0	4.0	3.0
cg24820204	1.0	3.0	3.0	4.0	4.0	7.0	2.0	9.0	7.0	0.0
cg24920933	5.0	9.0	9.0	8.0	8.0	9.0	10.0	10.0	9.0	10.0
cg24921089	5.0	4.0	3.0	1.0	5.0	3.0	4.0	6.0	5.0	0.0
cg24957609	4.0	4.0	1.0	5.0	1.0	1.0	3.0	0.0	2.0	0.0
cg25019378	6.0	7.0	9.0	7.0	8.0	8.0	8.0	7.0	9.0	0.0
cg25026693	6.0	8.0	10.0	8.0	9.0	9.0	9.0	10.0	8.0	10.0
cg25236958	8.0	9.0	9.0	9.0	8.0	8.0	8.0	7.0	7.0	10.0
cg25242306	1.0	2.0	3.0	3.0	3.0	5.0	1.0	9.0	4.0	3.0
cg25327212	8.0	9.0	9.0	8.0	9.0	8.0	10.0	7.0	10.0	0.0
cg25370567	8.0	10.0	9.0	11.0	10.0	9.0	10.0	8.0	8.0	10.0
cg25375589	7.0	9.0	9.0	10.0	8.0	10.0	8.0	10.0	9.0	10.0
cg25381747	6.0	8.0	8.0	9.0	10.0	8.0	8.0	7.0	7.0	10.0
cg25404597	8.0	9.0	9.0	10.0	10.0	10.0	10.0	10.0	10.0	3.0
cg25435020	4.0	5.0	6.0	7.0	5.0	7.0	5.0	10.0	7.0	0.0
cg25446602	1.0	0.0	0.0	0.0	1.0	0.0	0.0	0.0	0.0	0.0
cg25494723	6.0	8.0	7.0	11.0	6.0	6.0	7.0	5.0	9.0	10.0
cg25527108	8.0	9.0	8.0	10.0	9.0	8.0	10.0	10.0	10.0	0.0
cg25559081	7.0	10.0	8.0	10.0	9.0	10.0	10.0	10.0	9.0	10.0
cg25593954	0.0	0.0	1.0	0.0	0.0	0.0	0.0	0.0	1.0	0.0
cg25594549	1.0	1.0	1.0	1.0	1.0	0.0	3.0	1.0	1.0	0.0
cg25597579	2.0	3.0	2.0	3.0	3.0	3.0	3.0	0.0	5.0	0.0
cg25600606	7.0	9.0	8.0	10.0	9.0	10.0	8.0	10.0	10.0	10.0
cg25602536	3.0	2.0	5.0	1.0	3.0	2.0	3.0	0.0	1.0	7.0
cg25605773	7.0	8.0	10.0	10.0	8.0	10.0	7.0	10.0	7.0	10.0
cg25693349	4.0	4.0	0.0	4.0	3.0	1.0	2.0	0.0	2.0	0.0
cg25720371	7.0	9.0	8.0	10.0	10.0	9.0	10.0	8.0	8.0	10.0
cg25774608	1.0	3.0	0.0	1.0	2.0	0.0	3.0	0.0	2.0	0.0
cg25775708	7.0	9.0	8.0	11.0	9.0	10.0	7.0	9.0	10.0	10.0
cg25778871	2.0	1.0	3.0	1.0	2.0	0.0	3.0	1.0	1.0	0.0
cg25837094	6.0	9.0	8.0	11.0	10.0	10.0	7.0	9.0	10.0	10.0
cg25884442	6.0	8.0	7.0	10.0	7.0	6.0	8.0	5.0	9.0	7.0
cg25899324	3.0	3.0	2.0	7.0	2.0	3.0	1.0	3.0	1.0	7.0
cg25904398	0.0	0.0	2.0	2.0	2.0	2.0	1.0	3.0	1.0	3.0
cg25909535	7.0	7.0	8.0	10.0	9.0	10.0	6.0	9.0	8.0	0.0
cg25939505	3.0	3.0	3.0	5.0	4.0	3.0	3.0	4.0	4.0	0.0
cg25940485	7.0	9.0	9.0	9.0	7.0	5.0	10.0	1.0	7.0	7.0
cg25978218	2.0	2.0	4.0	3.0	2.0	2.0	0.0	0.0	3.0	10.0
cg26011170	3.0	3.0	2.0	2.0	3.0	5.0	1.0	4.0	3.0	0.0
cg26019558	7.0	9.0	10.0	9.0	10.0	9.0	10.0	10.0	9.0	10.0
cg26074552	7.0	10.0	10.0	11.0	8.0	10.0	9.0	10.0	10.0	10.0
cg26078436	7.0	7.0	7.0	8.0	9.0	9.0	7.0	8.0	6.0	3.0
cg26091247	2.0	2.0	2.0	0.0	3.0	2.0	3.0	0.0	1.0	0.0
cg26177201	8.0	10.0	8.0	11.0	9.0	8.0	10.0	10.0	9.0	10.0
cg26221105	1.0	2.0	1.0	1.0	2.0	2.0	2.0	0.0	4.0	0.0
cg26231070	8.0	9.0	9.0	11.0	9.0	8.0	10.0	6.0	8.0	10.0
cg26252958	8.0	10.0	9.0	10.0	10.0	9.0	9.0	8.0	8.0	10.0
cg26264767	8.0	9.0	9.0	8.0	9.0	8.0	10.0	7.0	10.0	3.0
cg26272088	7.0	9.0	8.0	11.0	8.0	8.0	8.0	10.0	10.0	10.0
cg26274118	2.0	2.0	6.0	3.0	2.0	4.0	2.0	0.0	2.0	0.0
cg26327551	7.0	9.0	9.0	11.0	9.0	8.0	9.0	10.0	10.0	10.0
cg26358286	0.0	2.0	2.0	1.0	1.0	4.0	0.0	4.0	4.0	0.0
cg26366091	3.0	4.0	4.0	8.0	2.0	5.0	1.0	3.0	4.0	7.0
cg26417135	8.0	9.0	10.0	10.0	9.0	10.0	7.0	10.0	8.0	7.0
cg26418349	7.0	8.0	8.0	10.0	9.0	8.0	9.0	6.0	9.0	3.0
cg26441038	4.0	2.0	6.0	3.0	2.0	2.0	3.0	1.0	2.0	3.0
cg26555703	7.0	8.0	8.0	7.0	9.0	8.0	10.0	7.0	10.0	3.0
cg26610808	0.0	0.0	2.0	1.0	0.0	1.0	0.0	2.0	2.0	0.0
cg26616627	8.0	10.0	10.0	11.0	10.0	10.0	10.0	10.0	10.0	10.0
cg26661738	5.0	7.0	7.0	9.0	6.0	6.0	7.0	6.0	5.0	10.0
cg26683792	2.0	3.0	1.0	2.0	1.0	0.0	2.0	0.0	1.0	7.0
cg26686146	8.0	9.0	9.0	10.0	10.0	10.0	10.0	10.0	10.0	0.0
cg26691434	0.0	0.0	0.0	1.0	0.0	0.0	1.0	0.0	0.0	3.0
cg26695387	0.0	0.0	0.0	0.0	0.0	0.0	0.0	0.0	0.0	0.0
cg26755038	3.0	3.0	3.0	1.0	4.0	2.0	4.0	5.0	4.0	0.0
cg26787199	1.0	2.0	1.0	1.0	2.0	3.0	2.0	6.0	3.0	0.0
cg26796793	7.0	9.0	8.0	10.0	10.0	8.0	9.0	10.0	8.0	10.0
cg26857965	8.0	9.0	9.0	11.0	8.0	6.0	10.0	6.0	9.0	10.0
cg26905726	8.0	7.0	9.0	8.0	7.0	6.0	8.0	3.0	7.0	3.0
cg26935416	4.0	2.0	3.0	2.0	3.0	0.0	4.0	1.0	0.0	3.0
cg26952381	6.0	8.0	8.0	9.0	8.0	7.0	8.0	10.0	9.0	10.0
cg26953469	7.0	9.0	10.0	11.0	9.0	10.0	9.0	10.0	10.0	10.0
cg26965801	2.0	3.0	1.0	4.0	1.0	1.0	3.0	0.0	3.0	0.0
cg26971042	1.0	2.0	1.0	4.0	3.0	3.0	1.0	0.0	2.0	0.0
cg26980692	2.0	2.0	3.0	1.0	4.0	5.0	1.0	6.0	6.0	0.0
cg26988016	2.0	3.0	0.0	3.0	5.0	2.0	4.0	3.0	2.0	0.0
cg26988146	1.0	1.0	1.0	0.0	0.0	0.0	2.0	1.0	0.0	0.0
cg26999041	7.0	8.0	9.0	10.0	8.0	10.0	7.0	9.0	10.0	10.0
cg27014729	8.0	10.0	9.0	10.0	10.0	10.0	9.0	10.0	9.0	7.0
cg27057036	8.0	10.0	10.0	10.0	10.0	10.0	10.0	10.0	9.0	10.0
cg27079118	0.0	1.0	0.0	0.0	2.0	0.0	3.0	0.0	2.0	0.0
cg27087377	0.0	0.0	1.0	0.0	0.0	0.0	0.0	0.0	1.0	0.0
cg27096957	6.0	9.0	9.0	11.0	8.0	10.0	7.0	10.0	8.0	10.0
cg27111050	2.0	2.0	2.0	3.0	3.0	2.0	0.0	0.0	2.0	0.0
cg27177308	8.0	9.0	8.0	8.0	9.0	8.0	10.0	7.0	9.0	3.0
cg27225309	2.0	2.0	3.0	4.0	3.0	4.0	2.0	3.0	3.0	3.0
cg27229366	5.0	7.0	9.0	8.0	8.0	8.0	8.0	7.0	10.0	10.0
cg27276522	8.0	8.0	9.0	10.0	8.0	8.0	7.0	10.0	6.0	10.0
cg27278086	0.0	0.0	0.0	0.0	0.0	0.0	0.0	0.0	0.0	0.0
cg27297043	8.0	9.0	9.0	11.0	9.0	8.0	10.0	6.0	8.0	10.0
cg27298253	7.0	7.0	9.0	8.0	8.0	7.0	8.0	6.0	6.0	10.0
cg27317179	3.0	3.0	2.0	3.0	1.0	3.0	1.0	4.0	2.0	0.0
cg27345524	2.0	4.0	3.0	2.0	4.0	4.0	4.0	1.0	2.0	0.0
cg27363672	7.0	8.0	9.0	10.0	9.0	10.0	8.0	9.0	10.0	10.0
cg27387307	6.0	8.0	7.0	10.0	9.0	9.0	7.0	7.0	8.0	10.0
cg27393431	7.0	8.0	8.0	10.0	8.0	10.0	7.0	9.0	10.0	10.0
cg27400424	6.0	8.0	8.0	9.0	7.0	5.0	8.0	6.0	8.0	10.0
cg27406433	0.0	0.0	1.0	1.0	0.0	0.0	0.0	0.0	0.0	0.0
cg27423323	2.0	6.0	5.0	5.0	7.0	9.0	5.0	10.0	7.0	10.0
cg27461243	7.0	10.0	10.0	11.0	9.0	10.0	10.0	10.0	10.0	10.0
cg27468773	8.0	9.0	10.0	11.0	9.0	8.0	10.0	6.0	9.0	10.0
cg27469152	6.0	7.0	7.0	8.0	8.0	5.0	10.0	6.0	7.0	10.0
cg27551910	2.0	2.0	2.0	2.0	2.0	2.0	2.0	0.0	3.0	3.0
cg27582235	0.0	1.0	0.0	0.0	1.0	2.0	0.0	4.0	1.0	0.0
cg27588321	7.0	8.0	8.0	11.0	9.0	9.0	6.0	7.0	6.0	10.0
ch.11.96117892F	0.0	0.0	1.0	0.0	0.0	0.0	0.0	0.0	1.0	0.0
ch.15.67797584R	1.0	2.0	2.0	3.0	2.0	0.0	0.0	0.0	0.0	7.0
